brand,model,year,fuel,transmission,owner,km_driven,mileage_num,engine_num,max_power_num,price_lakh
Maruti,Swift Dzire,2014,Diesel,Manual,First Owner,145500,23.4,1248.0,74.0,4.5
Skoda,Rapid 1.5,2014,Diesel,Manual,Second Owner,120000,21.14,1498.0,103.52,3.7
Honda,City 2017-2020,2006,Petrol,Manual,Third Owner,140000,17.7,1497.0,78.0,1.58
Hyundai,i20 Sportz,2010,Diesel,Manual,First Owner,127000,23.0,1396.0,90.0,2.25
Maruti,Swift VXI,2007,Petrol,Manual,First Owner,120000,16.1,1298.0,88.2,1.3
Hyundai,Xcent 1.2,2017,Petrol,Manual,First Owner,45000,20.14,1197.0,81.86,4.4
Maruti,Wagon R,2007,LPG,Manual,First Owner,175000,17.3,1061.0,57.5,0.96
Maruti,800 DX,2001,Petrol,Manual,Second Owner,5000,16.1,796.0,37.0,0.45
Toyota,Etios VXD,2011,Diesel,Manual,First Owner,90000,23.59,1364.0,67.1,3.5
Ford,Figo Diesel,2013,Diesel,Manual,First Owner,169000,20.0,1399.0,68.1,2.0
Renault,Duster 110PS,2014,Diesel,Manual,Second Owner,68000,19.01,1461.0,108.45,5.0
Maruti,Zen LX,2005,Petrol,Manual,Second Owner,100000,17.3,993.0,60.0,0.92
Maruti,Swift Dzire,2009,Diesel,Manual,Second Owner,140000,19.3,1248.0,73.9,2.8
Maruti,Wagon R,2009,Petrol,Manual,Second Owner,90000,18.9,1061.0,67.0,1.8
Mahindra,KUV 100,2016,Petrol,Manual,First Owner,40000,18.15,1198.0,82.0,4.0
Maruti,Ertiga SHVS,2016,Diesel,Manual,Second Owner,70000,24.52,1248.0,88.5,7.78
Hyundai,i20 1.4,2012,Diesel,Manual,Second Owner,53000,23.0,1396.0,90.0,5.0
Maruti,Alto LX,2002,Petrol,Manual,Second Owner,80000,19.7,796.0,46.3,1.5
Hyundai,i20 2015-2017,2016,Diesel,Manual,First Owner,100000,22.54,1396.0,88.73,6.8
Mahindra,Verito 1.5,2011,Diesel,Manual,Second Owner,100000,21.0,1461.0,64.1,1.74
Honda,WR-V i-DTEC,2017,Diesel,Manual,First Owner,50000,25.5,1498.0,98.6,9.5
Maruti,Swift Dzire,2015,Diesel,Manual,First Owner,40000,26.59,1248.0,74.0,5.25
Maruti,SX4 ZDI,2012,Diesel,Manual,First Owner,72000,21.5,1248.0,88.8,6.0
Tata,Tigor 2017-2020,2018,Petrol,Manual,First Owner,35000,20.3,1199.0,83.81,5.0
Maruti,Baleno Delta,2016,Petrol,Manual,First Owner,45000,21.4,1197.0,83.1,5.75
Maruti,Alto 800,2017,Petrol,Manual,First Owner,28000,24.7,796.0,47.3,2.75
Chevrolet,Enjoy TCDi,2013,Diesel,Manual,First Owner,70000,18.2,1248.0,73.8,3.0
Maruti,Wagon R,2009,Petrol,Manual,First Owner,120000,18.9,1061.0,67.0,2.2
Maruti,Omni E,2018,Petrol,Manual,First Owner,25000,16.8,796.0,34.2,2.55
Maruti,Vitara Brezza,2017,Diesel,Manual,First Owner,70000,24.3,1248.0,88.5,6.7
Maruti,Omni 8,2012,Petrol,Manual,Second Owner,35000,14.0,796.0,35.0,1.5
Hyundai,i20 1.2,2018,Petrol,Manual,First Owner,2388,18.6,1197.0,81.83,7.3
Maruti,Vitara Brezza,2017,Diesel,Manual,First Owner,16200,24.3,1248.0,88.5,6.5
Maruti,Alto 800,2019,CNG,Manual,Second Owner,10000,33.44,796.0,40.3,3.3
Maruti,Alto K10,2019,Petrol,Manual,First Owner,15000,23.95,998.0,67.1,3.66
Hyundai,Verna VTVT,2019,Petrol,Manual,First Owner,5000,17.0,1591.0,121.3,11.49
Datsun,GO D,2016,Petrol,Manual,First Owner,42000,20.63,1198.0,67.0,1.5
Tata,Safari DICOR,2011,Diesel,Manual,Second Owner,60000,13.93,2179.0,138.03,4.25
Maruti,800 Std,2012,Petrol,Manual,First Owner,76000,16.1,796.0,37.0,1.5
Jeep,Compass 1.4,2019,Petrol,Automatic,First Owner,5000,16.0,1368.0,160.77,21.0
Honda,City i,2018,Petrol,Manual,First Owner,28900,17.8,1497.0,117.3,9.25
Honda,City V,2013,Petrol,Manual,First Owner,86300,16.8,1497.0,116.3,4.25
Maruti,Swift Dzire,2018,Petrol,Automatic,First Owner,23300,18.5,1197.0,83.14,6.75
Maruti,Vitara Brezza,2018,Diesel,Manual,First Owner,32600,24.3,1248.0,88.5,8.2
Maruti,Alto K10,2018,Petrol,Manual,First Owner,10300,23.95,998.0,67.05,3.9
Toyota,Fortuner 4x4,2014,Diesel,Manual,First Owner,77000,12.55,2982.0,168.5,15.0
Toyota,Innova 2.5,2013,Diesel,Manual,First Owner,99000,12.99,2494.0,100.0,7.0
Mercedes-Benz,B Class,2014,Diesel,Automatic,Second Owner,27800,14.8,2143.0,120.7,14.5
Honda,Amaze S,2015,Diesel,Manual,First Owner,49800,24.7,1498.0,98.63,4.25
Mitsubishi,Pajero Sport,2013,Diesel,Manual,First Owner,151000,13.5,2477.0,175.56,10.9
Honda,City i,2015,Diesel,Manual,First Owner,54700,26.0,1498.0,98.6,6.0
Maruti,Ciaz Zeta,2018,Petrol,Manual,First Owner,64000,20.65,1462.0,103.25,8.5
Honda,Jazz VX,2015,Diesel,Manual,First Owner,63000,27.3,1498.0,98.6,5.25
Toyota,Innova Crysta,2016,Diesel,Automatic,Second Owner,127700,11.36,2755.0,171.5,16.5
Toyota,Innova 2.5,2016,Diesel,Manual,First Owner,99000,12.99,2494.0,100.6,9.5
Audi,A6 2.0,2013,Diesel,Automatic,Second Owner,33900,17.68,1968.0,174.33,17.5
Toyota,Corolla Altis,2018,Petrol,Automatic,First Owner,25000,14.28,1798.0,138.03,15.9
Audi,A6 2.0,2013,Diesel,Automatic,First Owner,50000,18.53,1968.0,187.74,16.9
Mercedes-Benz,New C-Class,2013,Diesel,Automatic,First Owner,59000,14.84,2143.0,170.0,14.25
Tata,Manza ELAN,2011,Diesel,Manual,First Owner,120000,21.12,1248.0,88.8,2.65
Hyundai,i10 Magna,2011,Petrol,Manual,Third Owner,110000,20.36,1197.0,78.9,1.9
Hyundai,i20 Asta,2013,Diesel,Manual,First Owner,60000,21.27,1396.0,88.76,4.25
Maruti,Swift Dzire,2015,Diesel,Manual,Second Owner,147000,26.59,1248.0,74.0,6.3
Ford,Figo 1.2P,2017,Petrol,Manual,Third Owner,25000,18.16,1196.0,86.8,6.0
Maruti,Baleno Delta,2019,Petrol,Manual,First Owner,30000,21.4,1197.0,83.1,6.5
Volkswagen,Ameo 1.5,2016,Diesel,Manual,First Owner,40000,22.0,1498.0,108.495,5.4
Honda,City i,2015,Diesel,Manual,First Owner,135000,25.1,1498.0,98.6,6.3
Maruti,Wagon R,2018,Petrol,Automatic,First Owner,30000,20.51,998.0,67.0,4.48
Volkswagen,Ameo 1.5,2017,Diesel,Manual,First Owner,80000,21.66,1498.0,108.62,5.0
Maruti,Vitara Brezza,2016,Diesel,Manual,First Owner,70000,24.3,1248.0,88.5,7.45
Maruti,Vitara Brezza,2019,Diesel,Automatic,First Owner,9850,24.3,1248.0,88.5,10.25
Hyundai,i10 Magna,2011,Petrol,Manual,Second Owner,60000,20.36,1197.0,78.9,2.35
Maruti,Swift VDI,2016,Diesel,Manual,First Owner,70000,25.2,1248.0,74.0,6.3
Toyota,Fortuner 4x4,2015,Diesel,Manual,Second Owner,78000,12.55,2982.0,168.5,17.0
Maruti,Swift Star,2013,Diesel,Manual,Second Owner,120000,22.9,1248.0,74.0,4.5
Maruti,Ertiga ZXI,2012,Petrol,Manual,Second Owner,120000,16.02,1373.0,93.7,4.5
Volkswagen,Vento Diesel,2013,Diesel,Manual,First Owner,170000,20.54,1598.0,103.6,4.5
Toyota,Innova 2.5,2016,Diesel,Manual,First Owner,140000,12.99,2494.0,100.6,12.0
Ford,EcoSport 1.5,2015,Diesel,Manual,First Owner,90000,22.77,1498.0,98.59,6.1
BMW,X1 sDrive20i,2016,Petrol,Automatic,Second Owner,30000,15.71,1998.0,189.0,25.0
Maruti,Celerio ZXI,2017,Petrol,Manual,First Owner,10000,23.1,998.0,67.04,4.85
Datsun,GO A,2016,Petrol,Manual,First Owner,49000,19.02,1198.0,67.05,2.75
Maruti,Alto 800,2016,Petrol,Manual,First Owner,32000,24.7,796.0,47.3,3.15
Maruti,Alto 800,2016,Petrol,Manual,First Owner,38000,24.7,796.0,47.3,2.75
Hyundai,i10 Era,2012,Petrol,Manual,First Owner,28000,19.81,1086.0,68.05,2.9
Maruti,Omni 8,2017,Petrol,Manual,First Owner,32000,14.0,796.0,35.0,2.8
Maruti,Wagon R,2010,LPG,Manual,First Owner,44000,26.2,998.0,58.2,2.25
Volkswagen,Polo 1.2,2015,Petrol,Manual,First Owner,42000,16.47,1198.0,74.0,4.55
Hyundai,i10 Magna,2015,Petrol,Manual,Second Owner,45000,19.81,1086.0,68.05,3.51
Volkswagen,Vento Petrol,2012,Petrol,Manual,Second Owner,12000,15.04,1598.0,103.6,5.35
Maruti,Zen Estilo,2009,Petrol,Manual,First Owner,55500,18.2,998.0,67.1,1.75
Hyundai,i20 Asta,2013,Petrol,Manual,First Owner,61500,18.5,1197.0,82.85,5.25
Maruti,Swift Dzire,2016,Diesel,Manual,First Owner,150000,26.59,1248.0,74.0,6.0
Hyundai,Xcent 1.2,2016,Petrol,Automatic,First Owner,72000,19.1,1197.0,82.0,5.65
Maruti,Alto LX,2008,Petrol,Manual,Third Owner,68000,19.7,796.0,46.3,1.2
Hyundai,i20 1.4,2017,Diesel,Manual,First Owner,110000,22.54,1396.0,88.73,7.25
Maruti,Wagon R,2009,Petrol,Manual,Second Owner,77000,21.79,998.0,67.05,1.85
Tata,Manza Aura,2010,Diesel,Manual,Second Owner,100000,18.8,1248.0,90.0,2.0
Maruti,Swift VXI,2019,Petrol,Manual,First Owner,10000,21.21,1197.0,81.8,6.15
Maruti,Eeco 7,2016,Petrol,Manual,Third Owner,100000,15.37,1196.0,73.0,2.7
Maruti,Baleno Zeta,2018,Petrol,Manual,First Owner,35000,21.4,1197.0,83.1,6.1
Mahindra,Scorpio VLX,2014,Diesel,Automatic,Second Owner,70000,11.79,2179.0,120.0,6.25
Ford,Freestyle Titanium,2020,Petrol,Manual,Second Owner,5000,19.0,1194.0,94.68,4.0
Hyundai,Verna VTVT,2017,Petrol,Manual,First Owner,37800,17.0,1591.0,121.3,8.66
Volkswagen,Passat 1.8,2010,Petrol,Manual,First Owner,114000,14.3,1798.0,160.0,7.0
Tata,Indica Vista,2010,Petrol,Manual,First Owner,48000,15.8,1172.0,65.0,3.0
Mahindra,XUV500 W11,2019,Diesel,Manual,First Owner,32000,15.1,2179.0,155.0,17.0
Tata,Indigo CS,2016,Diesel,Manual,First Owner,100000,19.09,1405.0,69.01,3.75
Hyundai,Verna 1.6,2013,Diesel,Manual,Second Owner,150000,22.32,1582.0,126.32,5.22
Hyundai,i20 Magna,2013,Diesel,Manual,First Owner,69000,21.9,1396.0,88.76,4.52
Toyota,Corolla Altis,2009,Petrol,Manual,Second Owner,100000,14.53,1798.0,138.1,3.0
Maruti,Celerio VXI,2020,Petrol,Manual,First Owner,13000,21.63,998.0,67.04,4.75
Maruti,Vitara Brezza,2016,Diesel,Manual,First Owner,60000,24.3,1248.0,88.5,7.8
Maruti,Swift Dzire,2017,Petrol,Manual,First Owner,40000,20.85,1197.0,83.14,5.95
Maruti,Wagon R,2017,Petrol,Manual,First Owner,35000,20.51,998.0,67.04,4.4
Nissan,Terrano XL,2014,Diesel,Manual,Third Owner,70000,20.45,1461.0,83.8,4.0
Hyundai,Creta 1.6,2016,Diesel,Manual,First Owner,50000,19.67,1582.0,126.2,11.4
Ford,EcoSport 1.5,2017,Diesel,Manual,First Owner,76139,23.0,1498.0,98.96,8.5
Maruti,Swift Dzire,2012,Diesel,Manual,Fourth & Above Owner,175000,19.3,1248.0,73.9,3.7
Renault,KWID 1.0,2018,Petrol,Manual,First Owner,25000,23.01,999.0,67.0,3.5
Maruti,Celerio VXI,2015,Petrol,Manual,Second Owner,40000,23.1,998.0,67.04,3.6
Maruti,Alto LXi,2008,Petrol,Manual,Fourth & Above Owner,65000,19.7,796.0,46.3,1.05
Maruti,Ertiga VDI,2013,Diesel,Manual,Second Owner,90000,20.77,1248.0,88.76,6.25
Hyundai,Santro Xing,2009,Petrol,Manual,Second Owner,80000,17.92,1086.0,62.1,1.35
Maruti,Ertiga VDI,2015,Diesel,Manual,Second Owner,110000,20.77,1248.0,88.76,7.0
Honda,Amaze S,2019,Petrol,Manual,First Owner,1303,17.8,1198.0,86.7,6.9
Audi,Q5 35TDI,2018,Diesel,Automatic,First Owner,31800,17.01,1968.0,188.0,39.75
Lexus,ES 300h,2019,Petrol,Automatic,First Owner,20000,22.37,2487.0,214.56,51.5
Jaguar,XF 2.0,2017,Diesel,Automatic,First Owner,45000,19.33,1999.0,177.0,32.0
Jeep,Wrangler 2016-2019,2017,Petrol,Automatic,First Owner,17000,9.5,3604.0,280.0,41.0
Land,Rover Discovery,2019,Diesel,Automatic,First Owner,21000,12.83,1999.0,148.31,45.0
Mercedes-Benz,S-Class S,2017,Diesel,Automatic,First Owner,37000,13.5,2987.0,254.79,60.0
BMW,5 Series,2018,Diesel,Automatic,First Owner,29500,22.48,1995.0,187.74,37.9
BMW,X4 M,2019,Diesel,Automatic,First Owner,7500,16.78,1995.0,190.0,58.0
Skoda,Superb LK,2018,Petrol,Automatic,First Owner,50000,14.67,1798.0,177.46,18.65
Mercedes-Benz,E-Class E250,2016,Diesel,Automatic,First Owner,35000,15.0,2143.0,204.0,27.0
MG,Hector Sharp,2019,Petrol,Automatic,First Owner,19000,13.96,1451.0,141.0,17.5
Honda,City i-VTEC,2017,Petrol,Automatic,First Owner,41000,18.0,1497.0,117.6,7.95
Toyota,Corolla Altis,2013,Petrol,Automatic,First Owner,39000,14.28,1798.0,138.03,6.25
Volvo,XC40 D4,2018,Diesel,Automatic,First Owner,22000,18.0,1969.0,190.0,34.0
Audi,Q7 35,2015,Diesel,Automatic,First Owner,53000,12.07,2967.0,241.4,26.5
Maruti,Ciaz ZDi,2015,Diesel,Manual,First Owner,40000,26.21,1248.0,88.5,5.35
Mercedes-Benz,S-Class S,2017,Diesel,Automatic,First Owner,47000,13.5,2987.0,282.0,58.5
BMW,5 Series,2010,Petrol,Automatic,Second Owner,72200,10.8,2497.0,150.0,9.75
Hyundai,Elantra S,2016,Petrol,Manual,First Owner,49900,16.3,1797.0,147.5,8.05
Jaguar,XE 2016-2019,2017,Diesel,Automatic,First Owner,9000,13.6,1999.0,177.0,26.25
Tata,Nexon 1.2,2018,Petrol,Manual,First Owner,11000,17.0,1198.0,108.5,8.11
Volkswagen,Vento Petrol,2011,Petrol,Manual,First Owner,49000,15.04,1598.0,103.6,3.75
Hyundai,Elantra SX,2012,Petrol,Manual,First Owner,95000,16.3,1797.0,147.5,5.5
Skoda,Rapid 1.6,2016,Petrol,Automatic,First Owner,11000,14.3,1598.0,103.5,6.45
Mercedes-Benz,CLA 200,2018,Petrol,Automatic,First Owner,18000,15.04,1991.0,183.0,25.5
Maruti,Ertiga ZXI,2014,Petrol,Manual,First Owner,46100,16.02,1373.0,93.7,5.99
Mercedes-Benz,New C-Class,2017,Petrol,Automatic,First Owner,16000,14.74,1991.0,181.04,27.0
Honda,City V,2017,Petrol,Automatic,First Owner,18000,15.6,1497.0,116.3,8.75
Toyota,Glanza V,2019,Petrol,Automatic,First Owner,9654,19.56,1197.0,81.8,8.95
Maruti,Alto K10,2011,Petrol,Manual,First Owner,11000,23.95,998.0,67.05,1.75
Maruti,Swift VXI,2012,Petrol,Manual,First Owner,24300,21.21,1197.0,81.8,3.4
Toyota,Innova Crysta,2016,Diesel,Automatic,Second Owner,42163,11.36,2755.0,171.5,15.25
Tata,Nexon 1.5,2018,Diesel,Automatic,First Owner,8000,21.5,1497.0,108.5,10.25
BMW,3 Series,2016,Diesel,Automatic,First Owner,30000,22.69,1995.0,190.0,21.5
Toyota,Camry 2.5,2016,Petrol,Automatic,First Owner,41000,19.16,2494.0,157.7,19.0
BMW,5 Series,2016,Diesel,Automatic,First Owner,12000,18.12,1995.0,190.0,29.0
Toyota,Camry W4,2009,Petrol,Automatic,First Owner,71000,12.1,2362.0,164.7,4.5
Maruti,Ertiga BSIV,2016,Petrol,Manual,First Owner,20000,17.5,1373.0,91.1,8.5
Volkswagen,Vento Diesel,2011,Diesel,Manual,Second Owner,100000,20.54,1598.0,103.6,3.0
Ford,Figo Aspire,2018,Petrol,Manual,First Owner,9500,18.16,1196.0,86.8,5.75
Ford,Figo Diesel,2011,Diesel,Manual,First Owner,120000,20.0,1399.0,68.0,1.6
Maruti,Swift VXI,2015,Petrol,Manual,First Owner,36600,20.4,1197.0,81.8,5.15
Maruti,Wagon R,2015,Petrol,Automatic,Second Owner,50000,20.51,998.0,67.0,3.9
Hyundai,i20 Magna,2016,Petrol,Manual,Second Owner,14000,18.6,1197.0,81.83,5.5
Maruti,800 Std,1999,Petrol,Manual,Second Owner,40000,16.1,796.0,37.0,0.4
Maruti,Ritz VDi,2010,Diesel,Manual,First Owner,120000,21.1,1248.0,73.9,2.2
Hyundai,Grand i10,2015,Petrol,Manual,First Owner,70000,18.9,1197.0,82.0,4.25
Volkswagen,Ameo 1.0,2019,Petrol,Manual,First Owner,13000,19.44,999.0,75.0,4.8
Hyundai,Grand i10,2014,Petrol,Manual,Second Owner,60000,18.9,1197.0,82.0,4.0
Maruti,Swift Dzire,2014,Petrol,Manual,First Owner,35000,19.1,1197.0,85.8,4.87
Hyundai,Xcent 1.2,2016,Petrol,Manual,Second Owner,44000,19.1,1197.0,82.0,3.86
Honda,City 1.5,2005,Petrol,Manual,Second Owner,120000,13.0,1493.0,100.0,1.0
Toyota,Corolla Altis,2010,Diesel,Manual,First Owner,60000,21.43,1364.0,87.2,3.0
Daewoo,Matiz SD,2000,Petrol,Manual,First Owner,60000,18.5,796.0,53.0,1.0
Toyota,Fortuner 4x2,2014,Diesel,Manual,Second Owner,30000,13.0,2982.0,168.5,17.5
Mahindra,KUV 100,2016,Petrol,Manual,Second Owner,15000,18.15,1198.0,82.0,4.5
Tata,Zest Quadrajet,2017,Diesel,Manual,First Owner,90000,22.95,1248.0,74.0,4.9
Honda,City 1.5,2009,Petrol,Manual,Second Owner,47000,17.0,1497.0,118.0,3.45
Maruti,Zen LXI,2005,Petrol,Manual,First Owner,90000,17.3,993.0,60.0,0.85
Maruti,Wagon R,2010,Petrol,Manual,Second Owner,120600,18.9,998.0,67.1,2.15
Hyundai,Verna Transform,2010,Petrol,Manual,Third Owner,100000,16.2,1599.0,103.2,3.2
Maruti,Swift Dzire,2016,Petrol,Manual,Second Owner,60000,20.85,1197.0,83.14,4.6
Hyundai,Getz GLS,2005,Petrol,Manual,First Owner,86000,15.3,1341.0,83.0,0.65
Hyundai,Elite i20,2020,Petrol,Manual,First Owner,5000,18.6,1197.0,81.86,7.2
Maruti,Ciaz 1.3,2017,Diesel,Manual,First Owner,37000,28.09,1248.0,88.5,8.0
Tata,Tigor 1.2,2019,Petrol,Manual,First Owner,14000,20.3,1199.0,84.0,5.2
Maruti,Ertiga VDI,2015,Diesel,Manual,First Owner,70000,20.77,1248.0,88.76,5.8
Honda,City i,2015,Petrol,Manual,First Owner,50000,17.4,1497.0,117.3,6.0
Honda,Brio S,2014,Petrol,Manual,Second Owner,60000,19.4,1198.0,86.8,2.9
Maruti,Wagon R,2016,CNG,Manual,First Owner,50000,26.6,998.0,58.16,3.6
Maruti,Swift Dzire,2017,Petrol,Manual,First Owner,50000,20.85,1197.0,83.14,5.5
Hyundai,i20 Sportz,2013,Petrol,Manual,First Owner,70000,18.5,1197.0,82.85,3.75
Maruti,Wagon R,2018,Petrol,Automatic,First Owner,35000,20.51,998.0,67.0,4.2
Maruti,Swift Dzire,2017,Petrol,Manual,First Owner,20000,21.21,1197.0,81.8,5.5
Maruti,Alto 800,2018,Petrol,Manual,First Owner,20000,24.7,796.0,47.3,2.7
Maruti,Swift Dzire,2018,Petrol,Automatic,First Owner,7800,22.0,1197.0,81.8,7.0
Maruti,Swift VXI,2017,Petrol,Manual,First Owner,20000,20.4,1197.0,81.8,5.0
Tata,Hexa XE,2019,Diesel,Manual,First Owner,15000,17.6,2179.0,147.94,12.5
Hyundai,i20 Magna,2013,Petrol,Manual,Second Owner,31377,18.5,1197.0,82.85,3.2
Maruti,Swift Dzire,2018,Diesel,Manual,First Owner,50000,28.4,1248.0,74.02,7.0
Maruti,Wagon R,2015,Petrol,Manual,First Owner,60000,20.51,998.0,67.04,2.9
Toyota,Corolla Altis,2012,Petrol,Automatic,First Owner,100000,14.53,1794.0,138.1,5.5
Honda,Brio S,2012,Petrol,Manual,First Owner,60000,19.4,1198.0,86.8,2.65
Maruti,Baleno Alpha,2018,Petrol,Automatic,First Owner,5000,21.4,1197.0,83.1,8.3
Tata,Safari Storme,2017,Diesel,Manual,First Owner,60000,14.1,2179.0,147.94,8.0
Maruti,Alto LXi,2011,Petrol,Manual,Second Owner,25000,19.7,796.0,46.3,1.6
Renault,KWID RXT,2018,Petrol,Manual,First Owner,30000,25.17,799.0,53.3,3.35
Datsun,GO T,2017,Petrol,Manual,Second Owner,80000,20.63,1198.0,67.0,3.29
Maruti,Vitara Brezza,2017,Diesel,Manual,First Owner,75000,24.3,1248.0,88.5,7.75
Hyundai,Xcent 1.2,2020,Petrol,Manual,First Owner,32000,20.14,1197.0,81.86,5.24
Maruti,Alto 800,2015,Petrol,Manual,First Owner,40000,22.74,796.0,47.3,2.45
Hyundai,i20 1.2,2012,Petrol,Manual,Second Owner,93000,17.0,1197.0,80.0,2.75
Tata,Zest Revotron,2018,Petrol,Manual,First Owner,60000,17.57,1193.0,88.7,5.2
Nissan,Sunny XL,2014,Petrol,Manual,First Owner,37000,16.95,1498.0,97.7,5.5
Ford,EcoSport 1.5,2018,Petrol,Manual,First Owner,15000,17.0,1497.0,121.36,9.1
Nissan,Micra Active,2015,Petrol,Manual,First Owner,80000,19.49,1198.0,67.04,3.0
Maruti,Wagon R,2016,Petrol,Manual,First Owner,140000,20.51,998.0,67.04,3.5
Mahindra,Ssangyong Rexton,2013,Diesel,Manual,First Owner,70000,12.83,2696.0,162.0,9.0
Mahindra,Quanto C8,2013,Diesel,Manual,Second Owner,120000,17.21,1493.0,100.0,3.0
Maruti,Ritz LDi,2010,Diesel,Manual,Second Owner,110000,21.1,1248.0,73.9,2.5
Hyundai,Creta 1.6,2017,Diesel,Manual,First Owner,37000,19.67,1582.0,126.2,11.0
Renault,KWID RXT,2016,Petrol,Manual,First Owner,44000,25.17,799.0,53.3,2.7
Maruti,Ertiga VDI,2015,Diesel,Manual,First Owner,80000,20.77,1248.0,88.76,6.4
Mahindra,XUV500 W4,2015,Diesel,Manual,First Owner,125000,15.1,2179.0,140.0,6.5
Maruti,Eeco 5,2017,Petrol,Manual,First Owner,13500,15.37,1196.0,73.0,4.1
Hyundai,Santro Xing,2011,Petrol,Manual,First Owner,75000,17.92,1086.0,62.1,1.65
Hyundai,Accent GLE,2007,Petrol,Manual,Second Owner,120000,13.2,1495.0,94.0,0.8
Mahindra,XUV500 W8,2012,Diesel,Manual,First Owner,120000,15.1,2179.0,140.0,5.35
Toyota,Innova 2.5,2013,Diesel,Manual,First Owner,70000,12.99,2494.0,100.57,7.0
Maruti,Swift Dzire,2013,Diesel,Manual,First Owner,70000,23.4,1248.0,74.0,5.5
Honda,Amaze S,2019,Petrol,Automatic,First Owner,15000,19.0,1199.0,88.76,6.8
Hyundai,i10 Sportz,2009,Petrol,Manual,Second Owner,53000,20.36,1197.0,78.9,2.0
Maruti,Swift Dzire,2014,Diesel,Manual,Second Owner,120000,23.4,1248.0,74.0,5.0
Maruti,Ertiga SHVS,2016,Diesel,Manual,First Owner,70000,24.52,1248.0,88.5,10.0
Hyundai,Getz 1.3,2008,Petrol,Manual,Second Owner,120000,14.2,1341.0,82.9,1.1
Hyundai,i20 1.2,2012,Petrol,Manual,Second Owner,100000,18.5,1197.0,80.0,3.2
Maruti,Swift LXI,2015,Petrol,Manual,First Owner,100000,20.4,1197.0,83.11,3.5
Tata,Indica Vista,2013,Diesel,Manual,First Owner,162500,19.4,1405.0,70.0,1.7
Hyundai,i20 2015-2017,2017,Diesel,Manual,First Owner,39000,22.54,1396.0,88.73,8.0
Maruti,Ignis 1.3,2017,Diesel,Manual,First Owner,75000,26.8,1248.0,74.0,5.0
Tata,Hexa XTA,2017,Diesel,Automatic,First Owner,50000,17.6,2179.0,153.86,13.8
Mahindra,Marazzo M6,2019,Diesel,Manual,First Owner,40000,17.3,1497.0,121.0,13.0
Hyundai,Verna 1.6,2013,Diesel,Manual,First Owner,92500,22.32,1582.0,126.3,5.3
Maruti,Swift Dzire,2012,Diesel,Manual,First Owner,158000,23.4,1248.0,74.0,3.6
Maruti,Swift Dzire,2012,Diesel,Manual,First Owner,120000,19.3,1248.0,73.9,3.1
Honda,City i,2015,Diesel,Manual,Second Owner,50000,26.0,1498.0,98.6,7.25
Maruti,Swift Dzire,2012,Diesel,Manual,First Owner,110000,19.3,1248.0,73.9,3.4
Hyundai,Xcent 1.2,2017,Diesel,Manual,Second Owner,2000,25.4,1186.0,73.97,5.5
Toyota,Fortuner 3.0,2011,Diesel,Manual,Second Owner,181000,11.5,2982.0,171.0,11.5
Tata,Tiago 1.05,2016,Diesel,Manual,First Owner,70000,27.28,1047.0,69.0,3.8
Nissan,Sunny XL,2013,Petrol,Automatic,Second Owner,90000,17.97,1498.0,99.6,3.5
Hyundai,Elite i20,2019,Petrol,Manual,First Owner,2000,18.6,1197.0,81.86,6.1
Maruti,Swift Dzire,2015,Petrol,Manual,First Owner,20000,20.85,1197.0,83.14,5.25
Toyota,Innova 2.5,2011,Diesel,Manual,First Owner,120000,12.8,2494.0,102.0,4.8
Mahindra,Thar CRDe,2017,Diesel,Manual,First Owner,35000,16.55,2498.0,105.0,7.8
Maruti,Swift Dzire,2012,Diesel,Manual,First Owner,193000,19.3,1248.0,73.9,3.2
Maruti,Swift 1.2,2014,Petrol,Manual,First Owner,80000,20.4,1197.0,81.8,3.75
Datsun,GO D,2019,Petrol,Manual,First Owner,40000,19.02,1198.0,67.05,3.0
Hyundai,i20 Asta,2015,Diesel,Manual,Fourth & Above Owner,70000,22.54,1396.0,88.73,5.0
Mahindra,Scorpio LX,2011,Diesel,Manual,First Owner,122358,12.05,2179.0,120.0,4.04
Tata,Sumo Gold,2015,Diesel,Manual,First Owner,75000,14.07,2956.0,69.01,5.0
Tata,Tiago Wizz,2017,Diesel,Manual,First Owner,120000,27.28,1047.0,69.0,3.5
Tata,Zest Revotron,2015,Petrol,Manual,First Owner,40000,17.57,1193.0,88.7,3.8
Hyundai,Accent GLE,2008,Petrol,Manual,Third Owner,95200,13.2,1495.0,94.0,1.15
Honda,Brio Exclusive,2014,Petrol,Manual,First Owner,33033,19.4,1198.0,86.8,3.35
Hyundai,Grand i10,2015,Petrol,Automatic,First Owner,63063,18.9,1197.0,82.0,4.65
Tata,Manza Club,2012,Diesel,Manual,First Owner,60000,21.02,1248.0,88.76,2.9
Maruti,Alto LX,2005,Petrol,Manual,Second Owner,45000,19.7,796.0,46.3,1.1
Tata,New Safari,2011,Diesel,Manual,Third Owner,80000,11.57,2179.0,138.1,4.5
Mahindra,Bolero SLE,2009,Diesel,Manual,Second Owner,170000,13.6,2523.0,63.0,4.0
Mahindra,Bolero DI,2007,Diesel,Manual,Second Owner,207890,13.6,2523.0,63.0,2.1
Mercedes-Benz,GL-Class 220d,2018,Diesel,Automatic,First Owner,7976,17.9,2143.0,170.0,46.0
Maruti,Omni E,2016,Petrol,Manual,First Owner,35000,16.8,796.0,34.2,2.2
Hyundai,Grand i10,2017,Petrol,Manual,First Owner,35000,18.9,1197.0,82.0,4.5
Hyundai,Grand i10,2017,Petrol,Manual,First Owner,35000,18.9,1197.0,82.0,4.5
Hyundai,i10 Sportz,2013,Petrol,Automatic,First Owner,50000,16.95,1197.0,78.9,2.9
Maruti,Swift VXI,2016,Petrol,Manual,First Owner,20000,20.4,1197.0,81.8,5.2
Hyundai,i10 Sportz,2011,Petrol,Automatic,First Owner,20000,16.95,1197.0,78.9,2.65
Maruti,Swift VXI,2012,Petrol,Manual,Second Owner,50000,18.6,1197.0,85.8,3.3
Maruti,Swift VXI,2012,Petrol,Manual,Second Owner,50000,18.6,1197.0,85.8,3.3
Mahindra,Bolero 2011-2019,2014,Diesel,Manual,First Owner,120000,15.96,2523.0,62.1,5.1
Hyundai,Verna 1.6,2014,Petrol,Manual,First Owner,70000,17.1,1591.0,121.3,5.0
Hyundai,i20 Active,2015,Petrol,Manual,First Owner,50000,17.19,1197.0,81.86,5.25
Maruti,Baleno Zeta,2019,Petrol,Manual,First Owner,16500,21.01,1197.0,81.8,6.75
Hyundai,i20 1.2,2010,Petrol,Manual,First Owner,70000,17.0,1197.0,80.0,3.0
Maruti,Alto LXI,2005,Petrol,Manual,Second Owner,99361,19.7,796.0,46.3,0.9
Maruti,Swift Dzire,2017,Diesel,Manual,First Owner,25000,26.59,1248.0,74.0,6.5
Maruti,Swift Dzire,2014,Petrol,Manual,Second Owner,70000,19.1,1197.0,85.8,4.09
Hyundai,Grand i10,2015,Diesel,Manual,Second Owner,80000,24.0,1120.0,70.0,3.95
Maruti,Swift Dzire,2014,Petrol,Manual,Second Owner,70000,19.1,1197.0,85.8,4.0
Chevrolet,Beat LS,2012,Petrol,Manual,Third Owner,60000,18.6,1199.0,79.4,1.2
Tata,Tigor 1.2,2018,Petrol,Automatic,First Owner,10000,20.3,1199.0,84.0,6.45
Maruti,800 Std,2006,Petrol,Manual,First Owner,80000,16.1,796.0,37.0,0.81
Honda,City i-DTEC,2017,Diesel,Manual,First Owner,30000,25.6,1498.0,97.9,13.0
Honda,City i-DTEC,2017,Diesel,Manual,First Owner,33000,25.6,1498.0,97.9,12.5
Maruti,Ertiga VXI,2013,Petrol,Manual,Third Owner,90000,16.02,1373.0,93.7,5.35
Nissan,Terrano XV,2014,Diesel,Manual,Second Owner,80100,19.01,1461.0,108.5,5.55
Honda,City i,2014,Petrol,Manual,First Owner,120000,17.4,1497.0,117.3,7.25
Renault,KWID RXL,2016,Petrol,Manual,First Owner,40000,25.17,799.0,53.3,2.3
Toyota,Innova 2.5,2013,Diesel,Manual,Second Owner,160000,12.99,2494.0,100.6,8.0
Maruti,Wagon R,2017,Petrol,Manual,First Owner,47000,20.51,998.0,67.04,4.1
Hyundai,Creta 1.4,2018,Diesel,Manual,First Owner,25000,21.38,1396.0,88.7,12.1
Tata,Tiago 1.2,2017,Petrol,Manual,First Owner,26000,23.84,1199.0,84.0,4.0
Hyundai,Grand i10,2018,Diesel,Manual,First Owner,29000,24.0,1186.0,73.97,5.2
Maruti,Baleno Zeta,2016,Petrol,Automatic,First Owner,50000,21.4,1197.0,83.1,6.5
Maruti,Swift ZXI,2011,Petrol,Manual,Third Owner,58000,16.1,1298.0,88.2,3.25
Maruti,Swift Dzire,2012,Petrol,Automatic,First Owner,120000,17.4,1197.0,85.8,4.2
Maruti,Swift LXI,2014,Petrol,Manual,First Owner,50000,20.4,1197.0,81.8,4.0
Hyundai,i20 1.2,2010,Petrol,Manual,Fourth & Above Owner,80000,17.0,1197.0,80.0,2.55
Maruti,Zen LXI,2003,Petrol,Manual,Fourth & Above Owner,60000,17.3,993.0,60.0,0.65
Maruti,Celerio LXI,2017,Petrol,Manual,First Owner,36000,23.1,998.0,67.04,3.51
Toyota,Innova 2.5,2007,Diesel,Manual,Third Owner,120000,12.8,2494.0,102.0,4.04
Maruti,Ritz LDi,2011,Diesel,Manual,Third Owner,185000,21.1,1248.0,73.9,1.85
Nissan,Micra Diesel,2011,Diesel,Manual,First Owner,50000,23.08,1461.0,63.1,2.5
Maruti,Zen LXI,2002,Petrol,Manual,Fourth & Above Owner,100000,17.3,993.0,60.0,0.6
Hyundai,Verna 1.6,2013,Petrol,Manual,Second Owner,50000,17.1,1591.0,121.3,5.0
Maruti,Zen Estilo,2007,Petrol,Manual,Second Owner,80000,18.2,998.0,67.1,0.85
Maruti,Alto LX,2005,Petrol,Manual,Fourth & Above Owner,80000,19.7,796.0,46.3,0.85
Maruti,Swift Dzire,2011,Diesel,Manual,Fourth & Above Owner,90000,19.3,1248.0,73.9,2.65
Maruti,A-Star Vxi,2010,Petrol,Manual,Second Owner,162000,19.0,998.0,66.1,1.3
Maruti,Ertiga VDI,2013,Diesel,Manual,Third Owner,110000,20.77,1248.0,88.76,4.8
Maruti,Swift Ldi,2008,Diesel,Manual,Third Owner,120000,17.8,1248.0,75.0,1.7
Nissan,Micra Diesel,2011,Diesel,Manual,First Owner,45000,23.08,1461.0,63.1,2.75
Maruti,Wagon R,2005,Petrol,Manual,Second Owner,90000,18.9,998.0,67.1,0.89
Ford,Figo Diesel,2010,Diesel,Manual,Second Owner,90000,20.0,1399.0,68.0,1.7
Mahindra,XUV300 W8,2019,Petrol,Manual,First Owner,16500,17.0,1197.0,110.0,10.9
Hyundai,Creta 1.6,2017,Diesel,Automatic,First Owner,67000,17.01,1582.0,126.2,11.0
Maruti,Swift VXI,2018,Petrol,Manual,First Owner,52000,22.0,1197.0,81.8,6.1
Datsun,GO T,2016,Petrol,Manual,First Owner,40000,20.63,1198.0,67.0,3.35
Hyundai,Grand i10,2015,Petrol,Manual,First Owner,40000,18.9,1197.0,82.0,4.35
Toyota,Fortuner 2.8,2018,Diesel,Manual,First Owner,35000,14.24,2755.0,174.5,30.0
Renault,KWID RXL,2018,Petrol,Manual,First Owner,13000,20.71,799.0,53.26,3.9
Honda,Brio 1.2,2012,Petrol,Manual,First Owner,40000,18.5,1198.0,86.8,3.25
Volkswagen,Ameo 1.2,2019,Petrol,Manual,First Owner,10000,17.0,1198.0,73.75,6.4
Nissan,Sunny XV,2012,Petrol,Manual,First Owner,9000,16.95,1498.0,97.7,4.5
Toyota,Etios Liva,2013,Diesel,Manual,Second Owner,70000,23.59,1364.0,67.06,4.0
Hyundai,i10 Sportz,2009,Petrol,Manual,First Owner,60000,20.36,1197.0,78.9,2.15
Renault,Duster 85PS,2014,Diesel,Manual,First Owner,40000,20.45,1461.0,83.8,5.7
Mahindra,XUV500 W8,2012,Diesel,Manual,First Owner,93000,15.1,2179.0,140.0,6.8
Toyota,Innova 2.5,2008,Diesel,Manual,Fourth & Above Owner,80000,12.8,2494.0,102.0,3.25
Tata,Indigo CS,2011,Petrol,Manual,Second Owner,50000,15.64,1193.0,64.08,1.5
Hyundai,Elantra SX,2013,Petrol,Automatic,First Owner,68000,14.5,1797.0,147.5,6.9
Mercedes-Benz,New C-Class,2013,Diesel,Automatic,First Owner,25000,14.84,2143.0,170.0,15.5
Tata,Nano STD,2012,Petrol,Manual,First Owner,18000,25.4,624.0,37.5,0.64
Nissan,Micra Diesel,2013,Diesel,Manual,First Owner,120000,23.08,1461.0,63.1,2.5
Maruti,Wagon R,2005,Petrol,Manual,First Owner,35000,18.9,998.0,67.1,0.65
Maruti,Swift Dzire,2016,Diesel,Manual,Second Owner,60000,26.59,1248.0,74.0,5.5
Hyundai,i10 Magna,2010,Petrol,Manual,Fourth & Above Owner,70000,20.36,1197.0,78.9,1.4
Renault,KWID RXT,2016,Petrol,Manual,First Owner,30000,25.17,799.0,53.3,3.0
Volkswagen,GTI 1.8,2016,Petrol,Automatic,First Owner,70000,16.34,1798.0,189.3,8.0
Jaguar,XE 2016-2019,2017,Diesel,Automatic,First Owner,9000,13.6,1999.0,177.0,26.25
Lexus,ES 300h,2019,Petrol,Automatic,First Owner,20000,22.37,2487.0,214.56,51.5
Jaguar,XF 2.0,2017,Diesel,Automatic,First Owner,45000,19.33,1999.0,177.0,32.0
Tata,Safari Storme,2015,Diesel,Manual,First Owner,110000,14.1,2179.0,147.94,5.03
Volvo,XC40 D4,2019,Diesel,Automatic,First Owner,20000,18.0,1969.0,190.0,38.0
Toyota,Camry 2.5,2016,Petrol,Automatic,First Owner,68089,19.16,2494.0,157.7,20.0
Maruti,Wagon R,2013,Petrol,Manual,First Owner,58343,21.79,998.0,67.05,2.25
Maruti,Baleno Alpha,2018,Diesel,Manual,First Owner,38817,27.39,1248.0,74.0,7.4
Honda,Jazz VX,2016,Petrol,Manual,First Owner,56494,18.2,1199.0,88.7,5.5
Toyota,Innova 2.5,2013,Diesel,Manual,Second Owner,79328,12.99,2494.0,100.6,7.5
Maruti,Swift AMT,2019,Petrol,Automatic,First Owner,5621,22.0,1197.0,81.8,6.5
Toyota,Etios VX,2017,Petrol,Manual,First Owner,25538,16.78,1496.0,88.73,6.25
Maruti,Swift AMT,2018,Petrol,Automatic,First Owner,69779,22.0,1197.0,81.8,6.0
Hyundai,Grand i10,2017,Diesel,Manual,First Owner,56290,24.0,1186.0,73.97,4.5
BMW,X4 M,2019,Diesel,Automatic,First Owner,7500,16.78,1995.0,190.0,54.0
BMW,X4 M,2019,Diesel,Automatic,First Owner,8500,16.78,1995.0,190.0,55.0
Honda,Amaze V,2019,Petrol,Automatic,First Owner,7032,19.0,1199.0,88.76,7.79
Skoda,Rapid 1.6,2016,Petrol,Automatic,First Owner,11000,14.3,1598.0,103.5,6.45
Volvo,V40 D3,2018,Diesel,Automatic,First Owner,2000,16.8,1984.0,150.0,24.75
Hyundai,i10 Magna,2010,Petrol,Manual,Third Owner,106000,20.36,1197.0,78.9,1.5
Honda,CR-V 2.4L,2009,Petrol,Automatic,Second Owner,120000,11.1,2354.0,158.8,5.0
Maruti,Swift Dzire,2015,Diesel,Manual,First Owner,90000,26.59,1248.0,74.0,4.8
Hyundai,Verna 1.6,2014,Diesel,Manual,Third Owner,70000,22.32,1582.0,126.32,5.35
Toyota,Innova 2.5,2005,Diesel,Manual,Third Owner,240000,12.8,2494.0,102.0,2.5
Maruti,SX4 Celebration,2012,Diesel,Manual,Second Owner,100000,21.5,1248.0,88.8,3.0
Hyundai,Verna XXi,2009,Petrol,Manual,Second Owner,214000,13.9,1599.0,103.2,3.4
Hyundai,Verna CRDi,2009,Diesel,Manual,Second Owner,214000,16.8,1493.0,110.0,3.4
Maruti,Alto 800,2016,Petrol,Manual,First Owner,50000,22.74,796.0,47.3,2.4
Honda,City i-VTEC,2018,Petrol,Automatic,First Owner,1000,18.0,1497.0,117.6,10.85
Maruti,Swift Dzire,2017,Diesel,Automatic,First Owner,19000,28.4,1248.0,74.02,7.5
Tata,Indigo LS,2012,Diesel,Manual,Second Owner,265000,17.0,1405.0,70.0,0.95
Maruti,Eeco CNG,2020,CNG,Manual,First Owner,35000,20.88,1196.0,61.7,4.1
Maruti,Alto K10,2014,Petrol,Manual,Second Owner,80000,23.95,998.0,67.05,2.15
Mahindra,XUV500 AT,2016,Diesel,Automatic,First Owner,50000,16.0,2179.0,140.0,12.9
Maruti,Alto K10,2010,Petrol,Manual,First Owner,80000,20.92,998.0,67.1,1.5
Hyundai,EON Sportz,2013,Petrol,Manual,Second Owner,50000,21.1,814.0,55.2,2.19
Tata,Tiago 1.2,2018,Petrol,Manual,First Owner,100000,23.84,1199.0,84.0,3.25
Maruti,Eeco Smiles,2013,Petrol,Manual,Second Owner,120000,15.1,1196.0,73.0,2.6
Jaguar,XE 2016-2019,2017,Diesel,Automatic,First Owner,9000,13.6,1999.0,177.0,26.25
Lexus,ES 300h,2019,Petrol,Automatic,First Owner,20000,22.37,2487.0,214.56,51.5
Jaguar,XF 2.0,2017,Diesel,Automatic,First Owner,45000,19.33,1999.0,177.0,32.0
Tata,Safari Storme,2015,Diesel,Manual,First Owner,110000,14.1,2179.0,147.94,5.03
Volvo,XC40 D4,2019,Diesel,Automatic,First Owner,20000,18.0,1969.0,190.0,38.0
Toyota,Camry 2.5,2016,Petrol,Automatic,First Owner,68089,19.16,2494.0,157.7,20.0
Maruti,Wagon R,2013,Petrol,Manual,First Owner,58343,21.79,998.0,67.05,2.25
Maruti,Baleno Alpha,2018,Diesel,Manual,First Owner,38817,27.39,1248.0,74.0,7.4
Honda,Jazz VX,2016,Petrol,Manual,First Owner,56494,18.2,1199.0,88.7,5.5
Toyota,Innova 2.5,2013,Diesel,Manual,Second Owner,79328,12.99,2494.0,100.6,7.5
Maruti,Swift AMT,2019,Petrol,Automatic,First Owner,5621,22.0,1197.0,81.8,6.5
Toyota,Etios VX,2017,Petrol,Manual,First Owner,25538,16.78,1496.0,88.73,6.25
Maruti,Swift AMT,2018,Petrol,Automatic,First Owner,69779,22.0,1197.0,81.8,6.0
Hyundai,Grand i10,2017,Diesel,Manual,First Owner,56290,24.0,1186.0,73.97,4.5
BMW,X4 M,2019,Diesel,Automatic,First Owner,7500,16.78,1995.0,190.0,54.0
BMW,X4 M,2019,Diesel,Automatic,First Owner,8500,16.78,1995.0,190.0,55.0
Honda,Amaze V,2019,Petrol,Automatic,First Owner,7032,19.0,1199.0,88.76,7.79
Skoda,Rapid 1.6,2016,Petrol,Automatic,First Owner,11000,14.3,1598.0,103.5,6.45
Volvo,V40 D3,2018,Diesel,Automatic,First Owner,2000,16.8,1984.0,150.0,24.75
Honda,Amaze S,2019,Diesel,Automatic,First Owner,40000,23.8,1498.0,78.9,7.0
Hyundai,Creta 1.4,2017,Diesel,Manual,First Owner,45000,21.38,1396.0,88.7,9.5
Maruti,Alto LXi,2010,Petrol,Manual,Second Owner,80000,19.7,796.0,46.3,1.6
Hyundai,Xcent 1.1,2015,Diesel,Manual,Second Owner,135000,24.4,1120.0,71.01,4.1
Toyota,Innova 2.5,2015,Diesel,Manual,Second Owner,120000,12.99,2494.0,100.6,8.4
Toyota,Etios Liva,2013,Diesel,Manual,First Owner,67000,23.59,1364.0,67.1,4.5
Maruti,Swift Dzire,2017,Diesel,Manual,First Owner,50000,28.4,1248.0,74.02,9.0
Toyota,Innova 2.5,2008,Diesel,Manual,Second Owner,134000,12.8,2494.0,102.0,5.7
Nissan,Micra Diesel,2011,Diesel,Manual,Second Owner,110000,23.08,1461.0,63.1,2.55
Maruti,800 AC,2009,Petrol,Manual,First Owner,40000,16.1,796.0,37.0,1.3
Maruti,Swift Dzire,2013,Diesel,Manual,Second Owner,120000,23.4,1248.0,74.0,5.3
Volkswagen,Polo 1.5,2015,Diesel,Manual,Second Owner,110000,20.14,1498.0,88.8,5.2
Mahindra,Verito 1.5,2011,Diesel,Manual,Second Owner,170000,21.0,1461.0,64.1,2.3
Maruti,800 AC,2004,Petrol,Manual,Second Owner,80000,16.1,796.0,37.0,0.81
Maruti,Swift VDI,2016,Diesel,Manual,First Owner,47000,25.2,1248.0,74.0,6.0
Hyundai,Xcent 1.2,2015,Petrol,Manual,First Owner,93000,19.1,1197.0,81.86,4.1
Maruti,800 Std,2010,Petrol,Manual,Second Owner,70000,16.1,796.0,37.0,1.2
Maruti,Celerio VXI,2014,Petrol,Manual,First Owner,50000,23.1,998.0,67.04,3.2
Ford,Figo Diesel,2015,Diesel,Manual,First Owner,70000,20.0,1399.0,68.05,2.92
Tata,Safari DICOR,2012,Diesel,Manual,First Owner,80000,13.93,2179.0,138.03,3.9
Ford,Figo 1.2P,2016,Petrol,Manual,First Owner,44000,18.16,1196.0,86.8,5.5
Maruti,Celerio ZXI,2014,Petrol,Manual,First Owner,25000,23.1,998.0,67.04,3.85
Hyundai,Creta 1.6,2016,Petrol,Manual,First Owner,25000,15.29,1591.0,121.3,8.0
Maruti,Swift Dzire,2019,Petrol,Manual,First Owner,10000,21.21,1197.0,81.8,6.75
Tata,Hexa XT,2018,Diesel,Manual,First Owner,50000,17.6,2179.0,153.86,15.25
Ford,EcoSport 1.5,2018,Diesel,Manual,First Owner,30000,23.0,1498.0,98.96,9.5
Hyundai,i20 Active,2015,Diesel,Manual,Second Owner,50000,21.19,1396.0,88.73,6.1
Hyundai,i20 Asta,2012,Diesel,Manual,First Owner,120000,22.54,1396.0,88.73,5.25
Honda,Amaze S,2019,Diesel,Automatic,First Owner,40000,23.8,1498.0,78.9,7.0
Mahindra,Bolero 2011-2019,2015,Diesel,Manual,First Owner,80000,15.96,2523.0,62.1,3.75
Nissan,Terrano XL,2015,Diesel,Manual,First Owner,90000,20.45,1461.0,83.8,5.8
Maruti,Swift VXI,2015,Petrol,Manual,Second Owner,50000,20.4,1197.0,83.11,4.35
Datsun,RediGO 1.0,2020,Petrol,Manual,First Owner,2136,22.5,999.0,67.0,3.5
Toyota,Innova 2.5,2012,Diesel,Manual,First Owner,250000,12.99,2494.0,100.0,7.3
Hyundai,i20 Magna,2015,Petrol,Manual,First Owner,35000,18.6,1197.0,81.83,6.0
Toyota,Innova 2.5,2015,Diesel,Manual,First Owner,120000,12.99,2494.0,100.6,10.5
Maruti,Baleno Alpha,2017,Diesel,Manual,First Owner,70000,27.39,1248.0,74.0,7.35
Renault,Duster 110PS,2018,Diesel,Manual,First Owner,18000,19.6,1461.0,108.45,10.5
Chevrolet,Enjoy 1.3,2016,Diesel,Manual,Second Owner,110000,18.2,1248.0,73.74,4.2
Maruti,SX4 S,2017,Diesel,Manual,First Owner,60000,23.65,1248.0,88.5,8.0
Toyota,Fortuner 4x2,2015,Diesel,Automatic,First Owner,60000,12.55,2982.0,168.5,20.0
Maruti,Swift Dzire,2016,Diesel,Manual,Second Owner,147000,26.59,1248.0,74.0,6.0
Toyota,Fortuner 4x2,2015,Diesel,Automatic,First Owner,130000,12.55,2982.0,168.5,19.0
Chevrolet,Captiva LT,2011,Diesel,Manual,Third Owner,99500,11.5,1991.0,147.9,5.0
Tata,Indica Vista,2011,Diesel,Manual,Second Owner,110000,17.0,1405.0,71.0,2.0
Nissan,Micra Active,2016,Petrol,Manual,First Owner,35000,19.49,1198.0,67.04,3.7
Hyundai,Verna Transform,2010,Diesel,Manual,Second Owner,110000,16.2,1493.0,110.0,2.6
Mahindra,KUV 100,2016,Diesel,Manual,First Owner,100000,25.32,1198.0,77.0,2.8
Maruti,Ertiga VXI,2014,Petrol,Manual,First Owner,21000,16.02,1373.0,93.7,6.1
Ford,Fiesta Titanium,2013,Diesel,Manual,Second Owner,60000,23.5,1498.0,90.0,3.0
Tata,Indigo CS,2010,Diesel,Manual,First Owner,40000,16.6,1405.0,70.0,1.4
Hyundai,i10 Magna,2008,Petrol,Manual,First Owner,50000,19.81,1086.0,68.05,2.3
Maruti,A-Star Vxi,2010,Petrol,Manual,Second Owner,65000,19.0,998.0,66.1,2.0
Maruti,Wagon R,2011,Petrol,Manual,First Owner,80000,18.9,998.0,67.1,2.0
Hyundai,Verna 1.6,2015,Diesel,Manual,First Owner,119000,23.9,1582.0,126.2,5.6
Maruti,Ertiga SHVS,2016,Diesel,Manual,First Owner,80000,24.52,1248.0,88.5,7.5
Maruti,Swift VDI,2017,Diesel,Manual,First Owner,90000,25.2,1248.0,74.0,5.85
Hyundai,Verna 1.6,2016,Petrol,Manual,First Owner,20000,17.01,1591.0,121.4,7.6
Maruti,Swift VDI,2014,Diesel,Manual,Second Owner,80000,25.2,1248.0,74.0,4.3
Mahindra,KUV 100,2020,Diesel,Manual,First Owner,44665,25.32,1198.0,77.0,4.8
Kia,Seltos HTE,2019,Diesel,Manual,First Owner,10000,20.8,1493.0,113.4,6.43
Hyundai,Xcent 1.2,2018,Petrol,Manual,First Owner,60000,20.14,1197.0,81.86,5.0
Honda,Brio 1.2,2016,Petrol,Manual,First Owner,22000,18.5,1198.0,86.8,4.25
Maruti,Alto 800,2014,Petrol,Manual,First Owner,25000,22.74,796.0,47.3,2.5
Maruti,Celerio LDi,2016,Diesel,Manual,First Owner,70000,27.62,793.0,47.0,2.85
Maruti,Swift Dzire,2008,Petrol,Manual,Third Owner,123000,17.5,1298.0,85.8,1.6
Volkswagen,Vento Diesel,2011,Diesel,Manual,Second Owner,70000,20.54,1598.0,103.6,2.5
Chevrolet,Beat LS,2013,Petrol,Manual,Second Owner,70000,18.6,1199.0,79.4,1.7
Toyota,Etios Liva,2013,Diesel,Manual,First Owner,45000,23.59,1364.0,67.06,4.1
Hyundai,Grand i10,2015,Petrol,Automatic,First Owner,40000,18.9,1197.0,82.0,4.0
Maruti,Swift Dzire,2019,Diesel,Manual,First Owner,30000,28.4,1248.0,74.02,7.0
Honda,Civic 1.8,2007,Petrol,Automatic,First Owner,90000,12.9,1799.0,130.0,3.5
Maruti,Ertiga BSIV,2016,Petrol,Manual,Second Owner,34000,17.5,1373.0,91.1,6.6
Maruti,Alto 800,2017,Petrol,Manual,First Owner,25000,24.7,796.0,47.3,2.68
Maruti,Alto 800,2016,Petrol,Manual,First Owner,50000,22.74,796.0,47.3,2.7
Chevrolet,Beat Diesel,2013,Diesel,Manual,First Owner,50000,25.44,936.0,57.6,3.0
Tata,Tiago 1.2,2017,Petrol,Manual,First Owner,90000,23.84,1199.0,84.0,4.5
Chevrolet,Beat Diesel,2012,Diesel,Manual,Second Owner,70000,25.44,936.0,57.6,2.2
Tata,New Safari,2009,Diesel,Manual,Second Owner,146000,13.93,2179.0,138.0,2.5
Ford,Figo Petrol,2012,Petrol,Manual,Second Owner,85000,15.6,1196.0,70.0,3.0
Tata,Indica V2,2009,Diesel,Manual,Second Owner,201850,17.88,1396.0,52.8,0.88
Maruti,Swift Dzire,2016,Diesel,Manual,First Owner,30000,26.59,1248.0,74.0,5.61
Maruti,Swift Dzire,2018,Diesel,Manual,First Owner,15000,28.4,1248.0,74.02,7.55
Datsun,RediGO S,2017,Petrol,Manual,First Owner,25000,22.7,799.0,53.64,2.35
Maruti,Alto K10,2011,Petrol,Manual,First Owner,90000,20.92,998.0,67.1,1.65
Maruti,Swift Dzire,2008,Diesel,Manual,Second Owner,80000,19.3,1248.0,73.9,1.9
Tata,Indica V2,2011,Diesel,Manual,First Owner,50000,17.2,1396.0,53.5,1.1
Mahindra,Bolero 2011-2019,2012,Diesel,Manual,Second Owner,80000,13.6,2523.0,63.0,3.2
Hyundai,i20 Asta,2016,Petrol,Manual,First Owner,38000,18.6,1197.0,81.83,5.4
Hyundai,EON Era,2013,Petrol,Manual,First Owner,60000,21.1,814.0,55.2,1.8
Maruti,Eeco 7,2016,Petrol,Manual,Third Owner,100000,15.37,1196.0,73.0,2.7
Maruti,Swift Dzire,2012,Petrol,Manual,First Owner,30000,17.5,1197.0,85.8,4.5
Maruti,Swift Dzire,2014,Petrol,Manual,First Owner,30000,19.1,1197.0,85.8,4.5
Chevrolet,Beat LT,2015,Petrol,Manual,First Owner,50000,18.6,1199.0,76.8,2.0
Tata,Tiago 1.2,2017,Petrol,Manual,First Owner,42000,23.84,1199.0,84.0,4.25
Chevrolet,Sail 1.2,2016,Petrol,Manual,First Owner,30000,18.2,1199.0,82.4,4.0
Maruti,Alto LXi,2009,Petrol,Manual,Third Owner,60000,19.7,796.0,46.3,1.25
Jeep,Compass 2.0,2018,Diesel,Manual,First Owner,14000,17.1,1956.0,170.0,16.0
Honda,City i,2015,Petrol,Manual,First Owner,22000,17.4,1497.0,117.3,9.0
Volkswagen,Vento Diesel,2012,Diesel,Manual,First Owner,90000,20.54,1598.0,103.6,4.5
Maruti,Alto K10,2011,Petrol,Manual,First Owner,46000,20.92,998.0,67.1,2.1
Hyundai,i20 1.2,2018,Petrol,Manual,First Owner,20000,18.6,1197.0,81.83,8.01
Tata,Venture EX,2014,Diesel,Manual,First Owner,15000,15.42,1405.0,70.0,3.17
Maruti,Ertiga VXI,2015,Petrol,Manual,Second Owner,40000,16.02,1373.0,93.7,6.0
Hyundai,i20 Magna,2014,Petrol,Manual,Second Owner,30000,18.5,1197.0,82.85,3.3
Hyundai,EON Magna,2017,Petrol,Manual,Second Owner,15000,21.1,814.0,55.2,3.2
Hyundai,Getz GLX,2007,Petrol,Manual,Second Owner,110000,15.3,1341.0,83.0,1.2
Maruti,Alto LXi,2009,Petrol,Manual,Second Owner,70000,19.7,796.0,46.3,1.3
Chevrolet,Sail 1.2,2015,Petrol,Manual,First Owner,80000,18.2,1199.0,82.4,2.2
Tata,Zest Revotron,2015,Petrol,Manual,First Owner,110000,17.57,1193.0,88.7,3.4
Ford,Classic 1.4,2013,Diesel,Manual,Second Owner,70000,19.68,1399.0,67.0,2.0
Maruti,Alto LXI,2002,Petrol,Manual,Second Owner,50000,19.7,796.0,46.3,1.4
Toyota,Innova 2.5,2013,Diesel,Manual,First Owner,190000,12.99,2494.0,100.6,10.0
Mahindra,Bolero SLX,2010,Diesel,Manual,Second Owner,100000,13.6,2523.0,63.0,4.95
Maruti,Alto 800,2015,Petrol,Manual,First Owner,60000,22.74,796.0,47.3,2.36
Maruti,Wagon R,2015,Petrol,Manual,First Owner,40000,20.51,998.0,67.04,3.9
Maruti,Swift Dzire,2009,Diesel,Manual,Second Owner,90000,19.3,1248.0,73.9,2.75
Tata,Safari Storme,2015,Diesel,Manual,First Owner,110000,14.1,2179.0,147.94,5.03
Maruti,Vitara Brezza,2017,Diesel,Manual,First Owner,32000,24.3,1248.0,88.5,7.75
Toyota,Innova Crysta,2016,Diesel,Automatic,First Owner,30000,11.36,2755.0,171.5,18.0
Hyundai,Creta 1.6,2016,Diesel,Manual,First Owner,58000,19.67,1582.0,126.2,8.5
Maruti,Vitara Brezza,2018,Diesel,Manual,First Owner,5000,24.3,1248.0,88.5,7.5
Hyundai,i20 1.2,2018,Petrol,Manual,First Owner,25000,18.6,1197.0,81.83,5.7
Hyundai,Grand i10,2018,Petrol,Manual,First Owner,32000,18.9,1197.0,81.86,5.8
Honda,Jazz 1.2,2016,Petrol,Manual,First Owner,30000,18.7,1199.0,88.7,4.85
Honda,BR-V i-VTEC,2017,Petrol,Manual,First Owner,43000,15.4,1497.0,117.3,7.0
Hyundai,Verna S,2012,Petrol,Manual,First Owner,60000,17.7,1497.0,113.42,4.15
Nissan,Micra XV,2015,Petrol,Automatic,First Owner,50000,19.34,1198.0,76.0,3.25
Ford,Figo Aspire,2018,Petrol,Manual,First Owner,14200,18.16,1196.0,86.8,5.5
Hyundai,EON Sportz,2017,Petrol,Manual,First Owner,10000,21.1,814.0,55.2,3.0
Datsun,RediGO T,2018,Petrol,Manual,First Owner,25000,22.7,799.0,53.64,2.17
Ford,Freestyle Titanium,2018,Petrol,Manual,First Owner,19100,19.0,1194.0,94.68,7.0
Hyundai,Santro Sportz,2019,Petrol,Automatic,Fourth & Above Owner,25000,20.3,1086.0,68.0,4.66
Ford,EcoSport 1.5,2014,Diesel,Manual,First Owner,54000,23.0,1498.0,98.96,4.85
Nissan,Sunny XL,2018,Diesel,Manual,First Owner,35000,22.71,1461.0,84.8,6.7
Hyundai,Grand i10,2018,Petrol,Manual,Second Owner,20000,18.9,1197.0,81.86,5.0
Maruti,SX4 S,2016,Diesel,Manual,First Owner,52000,23.65,1248.0,88.5,6.75
Hyundai,i20 1.4,2011,Diesel,Manual,Second Owner,120000,23.0,1396.0,90.0,2.2
Jeep,Compass 2.0,2017,Diesel,Manual,First Owner,50000,17.1,1956.0,170.0,16.5
Maruti,Ertiga ZDI,2013,Diesel,Manual,Second Owner,120000,20.77,1248.0,88.8,6.3
Tata,Manza Aura,2010,Diesel,Manual,Second Owner,90000,18.8,1248.0,90.0,2.5
Maruti,Wagon R,2004,Petrol,Manual,Third Owner,120000,18.9,998.0,67.1,1.2
Skoda,Rapid 1.5,2015,Diesel,Manual,Second Owner,101500,21.14,1498.0,103.52,3.0
Hyundai,Verna 1.6,2013,Diesel,Automatic,First Owner,75000,22.32,1582.0,126.3,5.25
Mahindra,Scorpio 1.99,2016,Diesel,Manual,First Owner,100000,15.4,1997.0,120.0,11.0
Renault,Duster 110PS,2012,Diesel,Manual,Second Owner,55735,19.01,1461.0,108.45,4.8
Mahindra,XUV500 W4,2014,Diesel,Manual,Second Owner,80000,15.1,2179.0,140.0,6.05
Maruti,Alto 800,2016,Petrol,Manual,Second Owner,50000,24.7,796.0,47.3,2.5
Ford,Figo Diesel,2013,Diesel,Manual,Second Owner,70000,20.0,1399.0,68.1,2.45
Hyundai,i10 Magna,2012,Petrol,Manual,Fourth & Above Owner,76000,20.36,1197.0,78.9,2.1
Maruti,Swift Dzire,2020,Petrol,Manual,First Owner,1500,21.21,1197.0,81.8,7.3
Mahindra,Bolero 2011-2019,2012,Diesel,Manual,First Owner,76000,15.96,2523.0,62.1,5.0
Maruti,Wagon R,2015,Petrol,Manual,First Owner,40000,20.51,998.0,67.04,4.0
Hyundai,EON Magna,2015,Petrol,Manual,Second Owner,60000,21.1,814.0,55.2,2.8
Toyota,Innova 2.5,2009,Diesel,Manual,Third Owner,170000,12.8,2494.0,102.0,5.61
Mitsubishi,Pajero Sport,2013,Diesel,Manual,First Owner,181491,13.5,2477.0,175.56,9.5
Chevrolet,Beat Diesel,2016,Diesel,Manual,First Owner,53319,25.44,936.0,56.3,3.75
Volkswagen,Ameo 1.5,2017,Diesel,Manual,First Owner,40906,21.66,1498.0,108.62,7.0
Toyota,Etios VX,2012,Petrol,Manual,Second Owner,31711,17.6,1496.0,88.7,3.75
Hyundai,EON Era,2012,Petrol,Manual,Second Owner,43755,21.1,814.0,55.2,2.7
Renault,KWID RXT,2016,Petrol,Manual,First Owner,66693,25.17,799.0,53.3,3.0
Maruti,Zen Estilo,2010,Petrol,Manual,First Owner,59549,19.0,998.0,67.1,2.25
Toyota,Innova 2.5,2015,Diesel,Manual,First Owner,94385,12.99,2494.0,100.6,13.5
Maruti,Zen Estilo,2010,Petrol,Manual,First Owner,73730,18.2,998.0,67.1,2.0
Hyundai,Verna 1.6,2011,Diesel,Manual,First Owner,221889,22.32,1582.0,126.32,4.0
Honda,Amaze VX,2013,Diesel,Manual,First Owner,116104,25.8,1498.0,98.6,5.0
Maruti,Swift VXI,2015,Petrol,Manual,First Owner,150546,22.0,1197.0,81.8,5.0
Toyota,Fortuner 2.8,2013,Diesel,Manual,First Owner,148120,14.24,2755.0,174.5,15.0
Ford,Ecosport 1.5,2015,Petrol,Manual,Second Owner,20000,15.8,1499.0,110.0,5.55
Hyundai,Grand i10,2018,Petrol,Automatic,First Owner,30000,18.9,1197.0,81.86,5.8
Tata,Aria Pride,2011,Diesel,Manual,Third Owner,142000,13.7,2179.0,138.1,3.37
Tata,Sumo CX,2011,Diesel,Manual,First Owner,20000,12.2,1948.0,68.0,1.75
Tata,Manza Aura,2009,Diesel,Manual,Second Owner,120000,18.8,1248.0,90.0,1.8
Hyundai,i10 Sportz,2011,Petrol,Manual,First Owner,80000,19.81,1086.0,68.05,2.0
Tata,Indigo CS,2016,Diesel,Manual,First Owner,60000,19.09,1405.0,69.01,2.6
Renault,KWID 1.0,2016,Petrol,Manual,First Owner,25000,23.01,999.0,67.0,3.5
Mahindra,Bolero SLX,2011,Diesel,Manual,Second Owner,50000,13.6,2523.0,63.0,4.1
Mahindra,TUV 300,2017,Diesel,Manual,First Owner,126000,18.49,1493.0,100.0,6.55
Maruti,Swift Dzire,2015,Diesel,Manual,First Owner,170000,26.59,1248.0,74.0,3.7
Maruti,Alto 800,2013,Petrol,Manual,First Owner,24000,22.74,796.0,47.3,2.0
Maruti,Ertiga SHVS,2017,Diesel,Manual,Second Owner,100000,24.52,1248.0,88.5,8.0
Tata,Tiago NRG,2019,Petrol,Manual,First Owner,10000,24.0,1199.0,83.81,5.5
Ford,Figo Diesel,2012,Diesel,Manual,Second Owner,70000,20.0,1399.0,68.0,3.0
Maruti,Omni E,2017,Petrol,Manual,First Owner,40000,16.8,796.0,34.2,2.2
Maruti,Wagon R,2011,Petrol,Manual,First Owner,110000,18.9,998.0,67.1,1.96
Hyundai,i10 Era,2008,Petrol,Manual,Second Owner,80000,19.81,1086.0,68.05,1.35
Tata,Bolt Revotron,2015,Petrol,Manual,First Owner,16500,17.57,1193.0,88.7,2.99
Maruti,Alto K10,2017,Petrol,Manual,First Owner,30000,23.95,998.0,67.05,3.0
Maruti,Ertiga SHVS,2017,Diesel,Manual,First Owner,80000,24.52,1248.0,88.5,7.2
Tata,Safari Storme,2016,Diesel,Manual,Third Owner,50000,14.1,2179.0,147.94,6.5
Maruti,Alto K10,2016,Petrol,Manual,First Owner,25000,23.95,998.0,67.05,3.0
Hyundai,Grand i10,2019,Diesel,Manual,First Owner,20000,24.0,1186.0,73.97,7.5
Renault,KWID RXT,2016,Petrol,Manual,First Owner,60000,25.17,799.0,53.3,2.6
Maruti,Swift VDI,2011,Diesel,Manual,Second Owner,70000,22.9,1248.0,74.0,3.0
Mahindra,Bolero 2011-2019,2014,Diesel,Manual,Second Owner,50000,15.96,2523.0,62.1,6.0
Honda,Accord V6,2004,Petrol,Automatic,Second Owner,100000,9.0,2997.0,218.0,2.75
Maruti,Alto K10,2015,Petrol,Manual,First Owner,52000,23.95,998.0,67.05,2.5
Maruti,Swift Dzire,2014,Diesel,Manual,First Owner,80000,23.4,1248.0,74.0,4.2
Hyundai,EON Era,2015,Petrol,Manual,First Owner,50000,21.1,814.0,55.2,2.35
Mahindra,Scorpio S10,2016,Diesel,Manual,First Owner,60000,15.4,2179.0,120.0,11.0
Maruti,Alto K10,2019,Petrol,Manual,First Owner,25000,23.95,998.0,67.05,3.6
Hyundai,Grand i10,2014,Diesel,Manual,Second Owner,50000,24.0,1120.0,70.0,3.8
Ford,EcoSport 1.5,2016,Diesel,Manual,First Owner,125000,22.77,1498.0,98.59,6.5
Maruti,Wagon R,2016,Petrol,Manual,First Owner,80000,20.51,998.0,67.04,3.5
Mahindra,Bolero 2011-2019,2017,Diesel,Manual,First Owner,70000,15.96,2523.0,63.0,7.0
Hyundai,i20 Asta,2010,Diesel,Manual,Third Owner,90000,23.0,1396.0,90.0,2.7
Tata,Bolt Quadrajet,2017,Diesel,Manual,First Owner,50000,22.95,1248.0,74.0,4.5
Mahindra,Thar CRDe,2016,Diesel,Manual,First Owner,101000,16.55,2498.0,105.0,6.3
Mahindra,Xylo E4,2010,Diesel,Manual,First Owner,168000,14.0,2498.0,112.0,2.3
Mahindra,Xylo E4,2010,Diesel,Manual,First Owner,168000,14.0,2498.0,112.0,2.3
Maruti,Wagon R,2011,Petrol,Manual,First Owner,40000,18.9,998.0,67.1,2.7
Tata,Indica Vista,2009,Petrol,Manual,Second Owner,28900,0.0,1172.0,65.0,1.35
Maruti,Wagon R,2012,Petrol,Manual,First Owner,20000,18.9,998.0,67.1,2.75
Jaguar,XE 2016-2019,2017,Diesel,Automatic,First Owner,9000,13.6,1999.0,177.0,26.25
Lexus,ES 300h,2019,Petrol,Automatic,First Owner,20000,22.37,2487.0,214.56,51.5
Jaguar,XF 2.0,2017,Diesel,Automatic,First Owner,45000,19.33,1999.0,177.0,32.0
Tata,Safari Storme,2015,Diesel,Manual,First Owner,110000,14.1,2179.0,147.94,5.03
Volvo,XC40 D4,2019,Diesel,Automatic,First Owner,20000,18.0,1969.0,190.0,38.0
Toyota,Camry 2.5,2016,Petrol,Automatic,First Owner,68089,19.16,2494.0,157.7,20.0
Maruti,Wagon R,2013,Petrol,Manual,First Owner,58343,21.79,998.0,67.05,2.25
Maruti,Baleno Alpha,2018,Diesel,Manual,First Owner,38817,27.39,1248.0,74.0,7.4
Honda,Jazz VX,2016,Petrol,Manual,First Owner,56494,18.2,1199.0,88.7,5.5
Toyota,Innova 2.5,2013,Diesel,Manual,Second Owner,79328,12.99,2494.0,100.6,7.5
Maruti,Swift AMT,2019,Petrol,Automatic,First Owner,5621,22.0,1197.0,81.8,6.5
Toyota,Etios VX,2017,Petrol,Manual,First Owner,25538,16.78,1496.0,88.73,6.25
Maruti,Swift AMT,2018,Petrol,Automatic,First Owner,69779,22.0,1197.0,81.8,6.0
Hyundai,Grand i10,2017,Diesel,Manual,First Owner,56290,24.0,1186.0,73.97,4.5
BMW,X4 M,2019,Diesel,Automatic,First Owner,7500,16.78,1995.0,190.0,54.0
BMW,X4 M,2019,Diesel,Automatic,First Owner,8500,16.78,1995.0,190.0,55.0
Honda,Amaze V,2019,Petrol,Automatic,First Owner,7032,19.0,1199.0,88.76,7.79
Skoda,Rapid 1.6,2016,Petrol,Automatic,First Owner,11000,14.3,1598.0,103.5,6.45
Volvo,V40 D3,2018,Diesel,Automatic,First Owner,2000,16.8,1984.0,150.0,24.75
Mahindra,TUV 300,2015,Diesel,Manual,First Owner,165000,18.49,1493.0,100.0,6.34
Maruti,A-Star Zxi,2012,Petrol,Manual,Second Owner,98500,19.0,998.0,66.1,2.35
Hyundai,i10 Asta,2008,Petrol,Manual,Third Owner,98000,20.36,1197.0,78.9,2.75
Mahindra,Thar CRDe,2014,Diesel,Manual,Second Owner,40000,16.55,2498.0,105.0,7.0
Fiat,Grande Punto,2013,Diesel,Manual,First Owner,90000,20.3,1248.0,92.0,4.0
Maruti,Alto LXi,2012,Petrol,Manual,Third Owner,90000,19.7,796.0,46.3,2.15
Hyundai,Getz 1.5,2009,Diesel,Manual,Second Owner,110000,17.1,1493.0,110.0,1.5
Maruti,S-Cross 2017-2020,2018,Diesel,Manual,First Owner,77800,25.1,1248.0,88.5,9.5
Mahindra,TUV 300,2015,Diesel,Manual,First Owner,100000,18.49,1493.0,100.0,7.3
Tata,Indica V2,2012,Diesel,Manual,Second Owner,120000,19.0,1405.0,71.0,1.35
Hyundai,Xcent 1.2,2016,Petrol,Manual,Second Owner,80000,19.1,1197.0,82.0,3.5
Mahindra,KUV 100,2018,Petrol,Manual,Second Owner,21000,18.15,1198.0,82.0,5.35
Maruti,Swift Dzire,2018,Petrol,Manual,Second Owner,100000,19.0,1197.0,85.8,4.55
Maruti,Swift Dzire,2019,Petrol,Manual,First Owner,25000,21.21,1197.0,81.8,6.55
Ford,EcoSport 1.5,2019,Diesel,Manual,Third Owner,30000,23.0,1498.0,98.96,8.0
Toyota,Yaris V,2018,Petrol,Automatic,First Owner,25000,17.8,1496.0,105.5,11.0
Mercedes-Benz,E-Class E250,2016,Diesel,Automatic,First Owner,40000,13.0,2143.0,204.0,30.0
Toyota,Fortuner 4x2,2012,Diesel,Automatic,First Owner,160000,11.5,2982.0,169.0,12.25
Mahindra,KUV 100,2018,Petrol,Manual,First Owner,51492,18.15,1198.0,82.0,3.4
Volkswagen,Vento Diesel,2011,Diesel,Manual,Second Owner,72000,20.54,1598.0,103.6,3.0
Ford,Figo 1.2P,2016,Petrol,Manual,First Owner,60000,18.16,1196.0,86.8,3.7
Mahindra,Bolero 2011-2019,2013,Diesel,Manual,Second Owner,136000,15.96,2523.0,62.1,3.3
Hyundai,Santro Xing,2014,Petrol,Manual,First Owner,60000,17.92,1086.0,62.1,2.38
Hyundai,Santro Xing,2013,Petrol,Manual,First Owner,90000,17.92,1086.0,62.1,2.0
Nissan,Sunny Diesel,2014,Diesel,Manual,Fourth & Above Owner,91000,22.71,1461.0,84.8,3.2
Hyundai,Santro Xing,2009,Petrol,Manual,Fourth & Above Owner,90000,17.92,1086.0,62.1,1.15
Maruti,Wagon R,2015,Petrol,Manual,Second Owner,50000,20.51,998.0,67.04,3.2
Hyundai,i10 Era,2010,Petrol,Manual,First Owner,20000,19.81,1086.0,68.05,2.1
Mahindra,Xylo D2,2011,Diesel,Manual,First Owner,120000,14.0,2489.0,95.0,2.0
Maruti,Wagon R,2009,Petrol,Manual,Second Owner,150000,18.9,1061.0,67.0,1.35
Tata,Indigo CS,2015,Diesel,Manual,First Owner,52000,19.09,1405.0,69.01,3.5
Mahindra,Bolero 2011-2019,2014,Diesel,Manual,Second Owner,167000,13.6,2523.0,63.0,3.5
Maruti,Swift Dzire,2017,Diesel,Manual,First Owner,40000,28.4,1248.0,74.02,6.8
Maruti,Swift Vdi,2010,Diesel,Manual,Second Owner,190000,17.8,1248.0,75.0,2.0
Renault,KWID 1.0,2016,Petrol,Manual,First Owner,50000,23.01,999.0,67.0,3.0
Mahindra,Xylo E6,2011,Diesel,Manual,Second Owner,70000,14.0,2498.0,112.0,2.7
Maruti,Wagon R,2012,Petrol,Manual,Second Owner,80000,18.9,998.0,67.1,2.25
Mahindra,Bolero DI,2008,Diesel,Manual,First Owner,120000,13.6,2523.0,63.0,2.5
Mahindra,TUV 300,2015,Diesel,Manual,Second Owner,40000,18.49,1493.0,100.0,5.9
Hyundai,EON Era,2015,Petrol,Manual,First Owner,17000,21.1,814.0,55.2,2.9
Maruti,Zen Estilo,2010,Petrol,Manual,Second Owner,180000,19.0,998.0,67.1,1.0
Maruti,Celerio VXI,2016,Petrol,Manual,First Owner,50000,23.1,998.0,67.04,3.95
Hyundai,EON Era,2014,Petrol,Manual,Second Owner,65000,21.1,814.0,55.2,1.95
Tata,Nano Cx,2011,Petrol,Manual,Third Owner,10000,26.0,624.0,35.0,0.45
Mahindra,Bolero DI,2009,Diesel,Manual,Second Owner,70000,13.6,2523.0,63.0,2.7
Chevrolet,Tavera Neo,2014,Diesel,Manual,Second Owner,90000,13.58,2499.0,72.4,6.0
Hyundai,i20 Asta,2015,Diesel,Manual,First Owner,50000,22.54,1396.0,88.73,7.15
Hyundai,Elite i20,2019,Petrol,Manual,First Owner,10000,18.6,1197.0,81.86,6.0
Mahindra,TUV 300,2019,Diesel,Manual,First Owner,25000,18.49,1493.0,100.0,8.75
Mahindra,Scorpio M2DI,2011,Diesel,Manual,Second Owner,100000,13.5,2179.0,115.0,4.2
Honda,CR-V 2.4,2007,Petrol,Automatic,Second Owner,70000,10.1,2354.0,152.0,3.25
Datsun,GO Anniversary,2017,Petrol,Manual,First Owner,30000,20.63,1198.0,67.06,3.85
Mahindra,KUV 100,2016,Petrol,Manual,First Owner,40000,18.15,1198.0,82.0,3.0
Hyundai,i20 Sportz,2012,Diesel,Manual,First Owner,135000,21.9,1396.0,88.76,3.35
Maruti,Celerio LXI,2014,Petrol,Manual,First Owner,35000,23.1,998.0,67.04,3.0
Hyundai,Accent GLE,2004,Petrol,Manual,Second Owner,120000,13.2,1495.0,94.0,0.8
Mahindra,Bolero 2011-2019,2012,Diesel,Manual,First Owner,120000,15.96,2523.0,62.1,4.0
Tata,Indigo CS,2012,Diesel,Manual,Second Owner,190000,19.09,1396.0,69.0,1.68
Mahindra,Bolero 2011-2019,2016,Diesel,Manual,First Owner,120000,15.96,2523.0,62.1,5.5
Mahindra,Bolero PLUS,2011,Diesel,Manual,Third Owner,175000,13.6,2523.0,63.0,3.2
Mahindra,Bolero 2011-2019,2011,Diesel,Manual,Third Owner,175000,15.96,2523.0,63.0,3.2
Nissan,Sunny XE,2011,Petrol,Manual,Second Owner,25000,16.95,1498.0,97.7,3.5
Tata,Manza Club,2013,Diesel,Manual,First Owner,80000,21.02,1248.0,88.76,2.8
Hyundai,Xcent 1.1,2017,Diesel,Manual,Second Owner,70000,24.4,1120.0,71.0,5.5
Hyundai,Xcent 1.2,2018,Petrol,Manual,First Owner,10000,20.14,1197.0,81.86,5.0
Ford,Freestyle Titanium,2019,Petrol,Manual,First Owner,6000,19.0,1194.0,94.68,7.0
Skoda,Rapid Ultima,2013,Diesel,Manual,Second Owner,90000,20.5,1598.0,103.5,3.8
Mahindra,Bolero 2011-2019,2012,Diesel,Manual,Second Owner,110000,15.96,2523.0,63.0,3.4
Mahindra,Bolero 2011-2019,2007,Diesel,Manual,Third Owner,120000,13.6,2523.0,63.0,1.6
Toyota,Innova 2.5,2014,Diesel,Manual,First Owner,50000,12.99,2494.0,100.6,7.5
Hyundai,Grand i10,2018,Petrol,Automatic,First Owner,20000,18.9,1197.0,81.86,5.31
Renault,KWID 1.0,2017,Petrol,Manual,First Owner,35000,23.01,999.0,67.0,3.0
Volkswagen,Polo 1.5,2014,Diesel,Manual,Second Owner,60000,20.14,1498.0,88.8,3.5
Chevrolet,Beat LT,2010,Petrol,Manual,Fourth & Above Owner,68000,18.6,1199.0,79.4,1.5
Maruti,Swift VXI,2015,Petrol,Manual,First Owner,30000,20.4,1197.0,81.8,4.5
Mahindra,XUV500 W10,2017,Diesel,Manual,First Owner,54000,16.0,2179.0,140.0,16.25
Tata,Indica V2,2006,Diesel,Manual,Third Owner,120000,16.8,1405.0,68.0,0.85
Hyundai,Grand i10,2018,Petrol,Manual,First Owner,30000,18.9,1197.0,81.86,4.5
Tata,Tiago 1.05,2017,Diesel,Manual,First Owner,50000,27.28,1047.0,69.0,3.6
Maruti,Alto K10,2020,Petrol,Manual,First Owner,6000,23.95,998.0,67.05,3.9
Maruti,Eeco 7,2011,Petrol,Manual,Second Owner,50000,15.37,1196.0,73.0,1.45
Mahindra,Scorpio VLX,2012,Diesel,Manual,Third Owner,90000,12.05,2179.0,120.0,5.4
Toyota,Innova 2.5,2008,Diesel,Manual,Third Owner,126000,12.8,2494.0,102.0,2.9
Tata,Indigo eCS,2013,Diesel,Manual,First Owner,90000,25.0,1396.0,69.0,3.0
Ford,Figo Aspire,2017,Petrol,Manual,First Owner,80000,18.16,1196.0,86.8,5.65
Mahindra,Scorpio 2.6,2011,Diesel,Manual,Second Owner,70000,10.5,2609.0,120.0,4.41
Hyundai,EON Era,2011,Petrol,Manual,Second Owner,80000,21.1,814.0,55.2,1.8
Hyundai,EON D,2013,Petrol,Manual,Second Owner,80000,21.1,814.0,55.2,2.0
Maruti,Alto LX,2005,Petrol,Manual,Second Owner,150000,19.7,796.0,46.3,0.85
Tata,Indica V2,2006,Diesel,Manual,Fourth & Above Owner,110000,17.88,1396.0,52.8,0.68
Maruti,Vitara Brezza,2016,Diesel,Manual,Second Owner,110000,24.3,1248.0,88.5,7.0
Volkswagen,Polo Diesel,2010,Diesel,Manual,Fourth & Above Owner,80000,22.07,1199.0,73.9,2.75
Hyundai,Grand i10,2019,Petrol,Manual,First Owner,20000,18.9,1197.0,81.86,6.0
Mahindra,Xylo D2,2011,Diesel,Manual,First Owner,120000,13.0,2489.0,95.0,2.5
Mahindra,Bolero 2011-2019,2016,Diesel,Manual,First Owner,120000,15.96,2523.0,63.0,6.0
Fiat,Linea 1.3,2010,Diesel,Manual,Second Owner,80000,20.4,1248.0,91.2,2.0
Hyundai,Grand i10,2015,Diesel,Manual,Second Owner,91500,24.0,1120.0,70.0,4.25
Maruti,Swift Dzire,2012,Diesel,Manual,Second Owner,120000,19.3,1248.0,73.9,4.2
Hyundai,i20 1.4,2012,Diesel,Manual,Second Owner,100000,23.0,1396.0,90.0,3.21
Mahindra,Xylo D4,2012,Diesel,Manual,Fourth & Above Owner,120000,14.0,2498.0,112.0,3.5
Honda,Amaze i-VTEC,2017,Petrol,Manual,First Owner,80000,17.8,1198.0,86.7,4.9
Mahindra,Scorpio S2,2015,Diesel,Manual,First Owner,90000,15.4,2523.0,75.0,6.8
Maruti,Alto K10,2016,Petrol,Manual,First Owner,70000,23.95,998.0,67.05,2.98
Mahindra,Scorpio M2DI,2011,Diesel,Manual,Fourth & Above Owner,150000,13.5,2179.0,115.0,4.5
Tata,Indica Vista,2012,Diesel,Manual,First Owner,40000,22.3,1248.0,74.0,2.5
Ford,Endeavour Hurricane,2013,Diesel,Automatic,Third Owner,110000,12.8,2953.0,156.0,10.75
Hyundai,Grand i10,2017,Petrol,Manual,First Owner,20000,18.9,1197.0,82.0,5.0
Ford,Freestyle Trend,2019,Petrol,Manual,First Owner,10000,19.0,1194.0,94.68,6.81
Mahindra,XUV500 W8,2014,Diesel,Manual,Second Owner,90000,15.1,2179.0,140.0,6.5
Chevrolet,Aveo U-VA,2008,Petrol,Manual,Second Owner,70000,15.26,1150.0,74.9,0.8
Mahindra,Bolero SLX,2009,Diesel,Manual,First Owner,120000,13.6,2523.0,63.0,2.9
Mahindra,Scorpio 2.6,2006,Diesel,Manual,Second Owner,120000,10.5,2179.0,120.0,2.2
Hyundai,Santro Xing,2009,Petrol,Manual,Second Owner,90000,0.0,1086.0,62.0,1.2
Datsun,RediGO Sport,2017,Petrol,Manual,First Owner,80000,22.7,799.0,53.0,2.3
Mahindra,Bolero ZLX,2003,Diesel,Manual,Second Owner,132478,13.6,2523.0,63.0,1.5
Maruti,Swift Dzire,2014,Petrol,Manual,First Owner,45000,19.1,1197.0,85.8,5.0
Tata,Indigo CS,2013,Diesel,Manual,First Owner,120000,19.09,1396.0,69.0,1.75
Ford,Freestyle Titanium,2019,Petrol,Manual,First Owner,10000,19.0,1194.0,94.68,7.2
Maruti,800 AC,2012,Petrol,Manual,First Owner,51000,16.1,796.0,37.0,1.0
Honda,Civic 1.8,2009,Petrol,Automatic,Second Owner,105000,12.9,1799.0,130.0,2.5
Mahindra,XUV500 W6,2014,Diesel,Manual,First Owner,100000,15.1,2179.0,140.0,8.1
Maruti,Alto LXi,2010,Petrol,Manual,Third Owner,30000,19.7,796.0,46.3,1.65
Chevrolet,Tavera Neo,2016,Diesel,Manual,Second Owner,60000,12.2,1994.0,105.3,4.1
Maruti,Swift VDI,2013,Diesel,Manual,Second Owner,86000,22.9,1248.0,74.0,4.3
Datsun,GO Plus,2015,Petrol,Manual,First Owner,15000,20.62,1198.0,67.0,3.0
Maruti,Swift Dzire,2011,Diesel,Manual,Third Owner,137500,19.3,1248.0,73.9,3.5
Renault,KWID 1.0,2018,Petrol,Manual,First Owner,60000,23.01,999.0,67.0,4.0
Chevrolet,Enjoy 1.3,2016,Diesel,Manual,First Owner,70000,18.2,1248.0,73.74,4.2
Maruti,Wagon R,2015,Petrol,Manual,First Owner,5000,20.51,998.0,67.04,4.3
Maruti,Swift VXI,2017,Petrol,Manual,First Owner,30000,20.4,1197.0,81.8,5.73
Hyundai,EON D,2015,Petrol,Manual,First Owner,40000,21.1,814.0,55.2,2.1
Renault,Duster 110PS,2015,Diesel,Manual,First Owner,60000,19.01,1461.0,108.45,6.0
Honda,City 2017-2020,2008,Petrol,Manual,Third Owner,70000,17.7,1497.0,78.0,1.5
Tata,Tigor 1.2,2019,Petrol,Manual,First Owner,15000,20.3,1199.0,84.0,5.5
Maruti,Swift Dzire,2011,Diesel,Manual,Second Owner,110000,19.3,1248.0,73.9,3.2
Maruti,800 AC,2000,Petrol,Manual,Fourth & Above Owner,70000,16.1,796.0,37.0,0.8
Honda,Amaze VX,2019,Diesel,Manual,First Owner,10000,27.4,1498.0,98.63,8.0
Maruti,Ertiga ZXI,2013,Petrol,Manual,First Owner,60000,16.02,1373.0,93.7,5.0
Tata,Manza Aura,2011,Diesel,Manual,Second Owner,110000,18.8,1248.0,90.0,2.3
Maruti,Ertiga ZXI,2013,Petrol,Manual,First Owner,60000,16.02,1373.0,93.7,5.0
Hyundai,i20 Asta,2015,Petrol,Manual,First Owner,35000,18.6,1197.0,81.83,6.3
Maruti,Omni E,2016,Petrol,Manual,Second Owner,70000,16.8,796.0,34.2,1.9
Tata,Manza Aura,2011,Diesel,Manual,Second Owner,110000,18.8,1248.0,90.0,2.3
Mahindra,Bolero VLX,2011,Diesel,Manual,Second Owner,100000,13.6,2523.0,63.0,4.5
Maruti,Alto Std,2008,Petrol,Manual,First Owner,120000,19.7,796.0,46.3,0.95
Maruti,Omni 8,2009,Petrol,Manual,Fourth & Above Owner,90000,19.7,796.0,35.0,1.01
Honda,Amaze E,2016,Diesel,Manual,Second Owner,70000,25.8,1498.0,98.6,5.0
Toyota,Innova 2.5,2014,Diesel,Manual,Second Owner,88000,12.99,2494.0,100.6,10.2
Hyundai,EON Era,2012,Petrol,Manual,First Owner,38000,21.1,814.0,55.2,2.44
Maruti,Wagon R,2013,Petrol,Manual,Second Owner,90000,20.51,998.0,67.04,2.5
Maruti,Baleno Alpha,2016,Petrol,Manual,First Owner,60000,21.4,1197.0,83.1,6.6
Hyundai,i20 Magna,2010,Petrol,Manual,First Owner,60000,18.5,1197.0,80.0,2.7
Maruti,Ritz VDi,2012,Diesel,Manual,First Owner,156060,23.2,1248.0,73.94,2.8
Hyundai,Creta 1.6,2017,Diesel,Manual,First Owner,60000,19.67,1582.0,126.2,10.5
Maruti,Swift Dzire,2017,Petrol,Manual,First Owner,70000,20.85,1197.0,83.14,5.25
Hyundai,Verna 1.6,2017,Diesel,Manual,First Owner,35000,23.9,1582.0,126.2,8.5
Mahindra,XUV500 W10,2016,Diesel,Manual,First Owner,50000,16.0,1997.0,140.0,11.65
Maruti,Swift ZXI,2012,Petrol,Manual,Second Owner,50000,18.6,1197.0,85.8,3.45
Hyundai,Santro Xing,2007,Petrol,Manual,Second Owner,100000,17.8,1086.0,63.0,0.95
Maruti,Alto 800,2015,Petrol,Manual,First Owner,15000,22.74,796.0,47.3,2.41
Maruti,Alto 800,2015,Petrol,Manual,First Owner,20000,22.74,796.0,47.3,2.35
Ford,EcoSport 1.5,2015,Diesel,Manual,First Owner,80000,22.77,1498.0,98.59,6.15
Mahindra,Verito Vibe,2014,Diesel,Manual,Second Owner,110000,20.8,1461.0,64.1,3.5
Maruti,Wagon R,2014,Petrol,Manual,First Owner,35000,20.51,998.0,67.04,3.5
Maruti,Wagon R,2014,Petrol,Manual,First Owner,35000,20.51,998.0,67.04,3.8
Tata,Sumo Gold,2017,Diesel,Manual,First Owner,140000,14.07,2956.0,69.01,4.0
Maruti,Zen Estilo,2010,Petrol,Manual,First Owner,40000,19.0,998.0,67.1,2.2
Tata,Sumo GX,2008,Diesel,Manual,Third Owner,110000,14.4,2179.0,120.0,2.7
Maruti,Ritz ZXi,2012,Petrol,Manual,Second Owner,70000,18.5,1197.0,85.8,2.75
Tata,Indica Vista,2009,Diesel,Manual,Second Owner,100000,17.0,1405.0,71.0,1.25
Hyundai,i10 Sportz,2015,Petrol,Manual,First Owner,20000,19.81,1086.0,68.05,3.6
Hyundai,Grand i10,2019,Petrol,Manual,First Owner,15000,18.9,1197.0,81.86,5.5
Ford,Fiesta 1.4,2011,Petrol,Manual,Second Owner,70000,16.6,1388.0,68.0,2.0
Mahindra,KUV 100,2016,Petrol,Manual,First Owner,20000,18.15,1198.0,82.0,3.27
Hyundai,i10 Sportz,2016,Petrol,Manual,First Owner,15000,19.81,1086.0,68.05,4.25
Maruti,Swift Dzire,2017,Diesel,Manual,First Owner,107000,28.4,1248.0,74.02,6.2
Tata,Indica Vista,2011,Diesel,Manual,Second Owner,54000,18.4,1248.0,75.0,1.3
Maruti,Alto LX,2009,Petrol,Manual,First Owner,58000,19.7,796.0,46.3,1.2
Mahindra,Scorpio SLE,2011,Diesel,Manual,Second Owner,110000,12.05,2179.0,120.0,4.0
Hyundai,Verna CRDi,2007,Diesel,Manual,Fourth & Above Owner,90000,16.8,1493.0,110.0,1.85
Hyundai,EON 1.0,2015,Petrol,Manual,Second Owner,43000,20.3,998.0,68.05,2.05
Maruti,Swift Dzire,2017,Diesel,Manual,First Owner,43000,28.4,1248.0,74.02,6.25
Maruti,Ertiga ZDI,2013,Diesel,Manual,First Owner,60000,20.77,1248.0,88.8,6.0
Tata,Indigo GLX,2011,Petrol,Manual,First Owner,150000,12.8,1396.0,85.0,1.5
Renault,KWID 1.0,2017,Petrol,Manual,First Owner,35000,23.01,999.0,67.0,3.0
Chevrolet,Sail Hatchback,2013,Petrol,Manual,First Owner,46000,18.2,1199.0,84.8,2.3
Maruti,Omni E,2018,Petrol,Manual,First Owner,10000,16.8,796.0,34.2,2.2
Hyundai,i20 Asta,2016,Petrol,Manual,First Owner,35000,18.6,1197.0,81.83,5.76
Renault,KWID RXT,2016,Petrol,Manual,First Owner,50000,25.17,799.0,53.3,2.65
Hyundai,Verna 1.6,2011,Diesel,Manual,First Owner,80000,22.32,1582.0,126.32,3.0
Tata,Tigor 1.05,2017,Diesel,Manual,First Owner,110000,24.7,1047.0,69.0,4.2
Maruti,Ertiga VDI,2015,Diesel,Manual,First Owner,14000,20.77,1248.0,88.76,7.5
Maruti,Alto 800,2012,CNG,Manual,Second Owner,60000,30.46,796.0,47.3,1.65
Renault,KWID RXT,2017,Petrol,Manual,First Owner,28000,25.17,799.0,53.3,2.9
Hyundai,EON Era,2011,Petrol,Manual,First Owner,57000,21.1,814.0,55.2,1.6
Maruti,Swift Dzire,2017,Diesel,Manual,First Owner,50000,26.59,1248.0,74.0,6.95
Maruti,Wagon R,2012,LPG,Manual,First Owner,70000,26.2,998.0,58.2,2.31
Toyota,Corolla Altis,2015,Diesel,Manual,First Owner,60000,21.43,1364.0,87.2,10.5
Hyundai,i20 Sportz,2013,Petrol,Manual,First Owner,70000,18.5,1197.0,82.85,4.0
Hyundai,i20 2015-2017,2016,Petrol,Manual,First Owner,40000,18.6,1197.0,81.83,5.0
Tata,Manza Aqua,2010,Diesel,Manual,Second Owner,120000,21.12,1248.0,88.8,1.5
Mahindra,Xylo H4,2016,Diesel,Manual,Second Owner,140000,14.02,2179.0,118.3,4.0
Tata,Indigo LS,2010,Diesel,Manual,Second Owner,100000,17.0,1405.0,70.0,1.2
Mahindra,Xylo H4,2014,Diesel,Manual,Second Owner,120000,14.02,2179.0,118.3,4.8
Tata,Indigo CS,2013,Diesel,Manual,Second Owner,120000,19.09,1405.0,69.01,2.0
Ford,Fiesta Classic,2012,Diesel,Manual,Second Owner,64000,17.8,1399.0,67.0,3.0
Maruti,Celerio VXI,2015,Petrol,Manual,First Owner,25000,23.1,998.0,67.04,3.5
Renault,Triber RXT,2019,Petrol,Manual,First Owner,12000,20.0,999.0,72.0,5.8
Chevrolet,Beat Diesel,2012,Diesel,Manual,Second Owner,70000,25.44,936.0,57.6,2.0
Mahindra,Scorpio Getaway,2016,Diesel,Manual,First Owner,120000,11.0,2179.0,120.0,7.5
Renault,KWID RXT,2016,Petrol,Manual,First Owner,90000,25.17,799.0,53.3,2.61
Chevrolet,Sail 1.2,2015,Petrol,Manual,First Owner,40000,18.2,1199.0,82.4,3.71
Mahindra,Bolero DI,2010,Diesel,Manual,Third Owner,300000,13.6,2523.0,63.0,3.2
Tata,Indigo CS,2012,Diesel,Manual,Second Owner,120000,19.09,1396.0,69.0,2.05
Hyundai,Accent GLX,2003,Petrol,Manual,Second Owner,90000,13.2,1495.0,94.0,1.1
Ford,Fusion 1.4,2009,Diesel,Manual,Fourth & Above Owner,100000,17.7,1399.0,68.0,1.5
Mahindra,Bolero 2011-2019,2016,Diesel,Manual,Second Owner,90000,15.96,2523.0,62.1,6.25
Mahindra,Scorpio 1.99,2017,Diesel,Manual,Second Owner,50000,15.4,1997.0,120.0,13.0
Skoda,Octavia Ambition,2015,Diesel,Manual,First Owner,168000,20.6,1968.0,141.0,9.0
Ford,Figo Diesel,2010,Diesel,Manual,Second Owner,110000,20.0,1399.0,68.0,1.8
Mahindra,Bolero SLX,2010,Diesel,Manual,Second Owner,120000,13.6,2523.0,63.0,4.21
Tata,Indigo CS,2012,Diesel,Manual,Second Owner,120000,19.09,1396.0,69.0,2.05
Honda,WR-V i-DTEC,2017,Diesel,Manual,First Owner,40000,25.5,1498.0,98.6,9.0
Honda,City 2017-2020,2006,Petrol,Manual,Second Owner,110000,17.7,1497.0,78.0,1.65
Hyundai,i20 Magna,2010,Diesel,Manual,Fourth & Above Owner,100000,21.9,1396.0,90.0,2.7
Maruti,Vitara Brezza,2017,Diesel,Manual,First Owner,40000,24.3,1248.0,88.5,7.5
Hyundai,Elite i20,2019,Petrol,Manual,First Owner,30000,18.6,1197.0,81.86,7.5
Maruti,800 Std,2002,Petrol,Manual,Third Owner,80000,16.1,796.0,37.0,0.4
Ford,Figo Diesel,2011,Diesel,Manual,Second Owner,90000,20.0,1399.0,68.0,1.9
Toyota,Innova 2.5,2009,Diesel,Manual,Third Owner,200000,12.8,2494.0,102.0,3.95
Toyota,Fortuner 3.0,2010,Diesel,Manual,Second Owner,125000,11.5,2982.0,171.0,8.0
Hyundai,i20 1.2,2011,Petrol,Manual,First Owner,80000,17.0,1197.0,80.0,3.15
Audi,A4 2.0,2014,Diesel,Automatic,Second Owner,44000,16.55,1968.0,147.51,16.0
Toyota,Etios GD,2013,Diesel,Manual,First Owner,90000,23.59,1364.0,67.04,4.1
Hyundai,Grand i10,2018,Petrol,Manual,First Owner,32000,18.9,1197.0,81.86,5.8
Hyundai,i20 Sportz,2013,Petrol,Manual,First Owner,70000,18.5,1197.0,82.85,3.4
Hyundai,EON Magna,2015,Petrol,Manual,First Owner,43000,21.1,814.0,55.2,2.7
Tata,Zest Quadrajet,2017,Diesel,Manual,First Owner,80000,22.95,1248.0,74.0,2.8
Tata,Indica Vista,2012,Diesel,Manual,First Owner,60000,22.3,1248.0,74.0,1.3
Hyundai,EON Era,2014,Petrol,Manual,First Owner,18945,21.1,814.0,55.2,2.6
Hyundai,Grand i10,2018,Diesel,Manual,First Owner,70000,24.0,1186.0,73.97,7.1
Maruti,Eeco Smiles,2013,Petrol,Manual,Third Owner,100000,15.1,1196.0,73.0,2.05
Datsun,GO Plus,2017,Petrol,Manual,First Owner,60000,20.62,1198.0,67.0,3.0
Maruti,Swift Dzire,2009,Diesel,Manual,Second Owner,144000,19.3,1248.0,73.9,1.8
Mahindra,TUV 300,2016,Diesel,Manual,First Owner,120000,18.49,1493.0,100.0,7.0
Hyundai,i20 1.4,2012,Diesel,Manual,Second Owner,107825,21.9,1396.0,90.0,3.2
Maruti,Alto 800,2020,Petrol,Manual,First Owner,15000,22.05,796.0,47.3,3.7
Renault,KWID RXT,2018,Petrol,Manual,First Owner,10000,25.17,799.0,53.3,3.4
Maruti,XL6 Alpha,2019,Petrol,Manual,First Owner,1620,19.01,1462.0,103.2,10.4
Hyundai,i20 Active,2018,Diesel,Manual,First Owner,30000,21.19,1396.0,88.76,7.5
Mahindra,TUV 300,2018,Diesel,Manual,First Owner,70000,18.49,2179.0,120.0,6.0
Mahindra,Bolero 2011-2019,2016,Diesel,Manual,First Owner,70000,15.96,2523.0,63.0,5.5
Toyota,Innova 2.5,2013,Diesel,Manual,Second Owner,95000,12.99,2494.0,100.57,6.0
Tata,Tigor 1.05,2017,Diesel,Manual,First Owner,50000,24.7,1047.0,69.0,5.5
Honda,City i,2015,Diesel,Manual,First Owner,160000,25.1,1498.0,98.6,7.5
Hyundai,Santro Magna,2019,Petrol,Manual,First Owner,10000,20.3,1086.0,68.0,4.5
Maruti,Ertiga VDI,2012,Diesel,Manual,Third Owner,100000,20.77,1248.0,88.76,4.0
Maruti,Swift VDI,2016,Diesel,Manual,Second Owner,50000,25.2,1248.0,74.0,5.2
Maruti,Alto K10,2013,Petrol,Manual,Second Owner,60000,20.2,998.0,67.1,1.99
Chevrolet,Beat Diesel,2012,Diesel,Manual,First Owner,110000,25.44,936.0,57.6,1.5
Hyundai,i20 Active,2016,Diesel,Manual,Third Owner,80000,21.19,1396.0,88.73,5.4
Maruti,SX4 ZDI,2011,Diesel,Manual,Second Owner,85000,21.5,1248.0,88.8,2.5
Maruti,Wagon R,2010,Petrol,Manual,Second Owner,90000,18.9,1061.0,67.0,2.0
Tata,Indica V2,2011,Diesel,Manual,Second Owner,90000,25.0,1396.0,69.0,1.3
Maruti,800 AC,2007,Petrol,Manual,First Owner,90000,16.1,796.0,37.0,0.9
Hyundai,Verna 1.6,2012,Diesel,Manual,Second Owner,120000,22.32,1582.0,126.32,4.5
Hyundai,Verna CRDi,2009,Diesel,Manual,First Owner,120000,18.1,1493.0,110.0,2.8
Tata,New Safari,2007,Diesel,Manual,Second Owner,160000,13.93,2956.0,138.1,2.8
Maruti,Zen LXI,2006,Petrol,Manual,Second Owner,141000,17.3,993.0,60.0,1.2
Maruti,Swift Ldi,2008,Diesel,Manual,Second Owner,100000,17.8,1248.0,75.0,2.9
Hyundai,Creta 1.4,2019,Diesel,Manual,First Owner,15000,22.1,1396.0,88.7,10.0
Maruti,Swift Dzire,2012,Diesel,Manual,First Owner,108000,19.3,1248.0,73.9,4.15
Maruti,Swift Dzire,2012,Diesel,Manual,First Owner,108000,23.4,1248.0,74.0,4.15
Chevrolet,Beat Diesel,2015,Diesel,Manual,First Owner,55000,25.44,936.0,56.3,2.4
Tata,Indica Vista,2010,Diesel,Manual,First Owner,37944,18.4,1248.0,75.0,2.5
Ford,Figo Diesel,2011,Diesel,Manual,First Owner,90400,20.0,1399.0,68.0,1.75
Hyundai,Verna CRDi,2008,Diesel,Manual,Second Owner,85000,16.8,1493.0,110.0,2.2
Maruti,Zen D,2003,Diesel,Manual,Third Owner,120000,20.8,1527.0,58.0,0.85
Maruti,Swift Dzire,2019,Petrol,Manual,First Owner,5000,21.21,1197.0,81.8,6.75
Renault,Duster 85PS,2016,Diesel,Manual,First Owner,50000,19.87,1461.0,83.8,5.35
Renault,Triber RXZ,2019,Petrol,Manual,First Owner,5000,20.0,999.0,72.0,6.75
Maruti,Vitara Brezza,2016,Diesel,Manual,First Owner,90000,24.3,1248.0,88.5,8.0
Maruti,Ertiga ZDI,2012,Diesel,Manual,Second Owner,96000,20.77,1248.0,88.8,4.25
Maruti,Eeco 5,2011,Petrol,Manual,Third Owner,80000,15.37,1196.0,73.0,1.5
Maruti,Zen Estilo,2007,Petrol,Manual,Second Owner,60000,18.2,1061.0,64.0,0.9
Mahindra,XUV500 W6,2015,Diesel,Manual,First Owner,90000,15.1,2179.0,140.0,8.5
Toyota,Innova 2.5,2008,Diesel,Manual,Second Owner,193623,12.8,2494.0,102.0,3.3
Hyundai,i20 1.4,2017,Diesel,Manual,First Owner,63186,22.54,1396.0,88.73,8.5
Mahindra,Bolero SLX,2008,Diesel,Manual,Second Owner,219000,13.6,2523.0,63.0,3.05
Toyota,Innova 2.5,2013,Diesel,Manual,Second Owner,110000,12.99,2494.0,100.0,9.1
Toyota,Innova 2.5,2012,Diesel,Manual,First Owner,151000,12.8,2494.0,102.0,11.0
Maruti,Baleno Zeta,2019,Petrol,Automatic,First Owner,5000,21.4,1197.0,83.1,6.75
Maruti,Alto LXi,2010,Petrol,Manual,First Owner,91500,19.7,796.0,46.3,1.5
Maruti,Swift VDI,2015,Diesel,Manual,First Owner,23000,25.2,1248.0,74.0,5.5
Volkswagen,Vento Diesel,2012,Diesel,Manual,First Owner,40000,20.54,1598.0,103.6,3.5
Maruti,Ritz VDi,2012,Diesel,Manual,First Owner,70000,23.2,1248.0,73.94,3.0
Toyota,Innova Crysta,2018,Diesel,Automatic,First Owner,10000,11.36,2755.0,171.5,17.45
Mahindra,Scorpio 2009-2014,2014,Diesel,Manual,Second Owner,90000,14.0,2523.0,75.0,6.11
Honda,Brio S,2016,Petrol,Manual,First Owner,68000,19.4,1198.0,86.8,4.0
Hyundai,Elantra CRDi,2013,Diesel,Manual,First Owner,120000,22.7,1582.0,126.24,7.0
Chevrolet,Sail Hatchback,2013,Diesel,Manual,First Owner,65000,22.1,1248.0,76.9,3.0
Hyundai,Getz GLS,2005,Petrol,Manual,First Owner,85000,15.3,1341.0,83.0,0.65
Maruti,Wagon R,2011,Petrol,Manual,Third Owner,94000,18.9,998.0,67.1,2.0
Hyundai,i20 Asta,2015,Diesel,Manual,First Owner,100000,22.54,1396.0,88.73,6.5
Hyundai,i20 Asta,2015,Diesel,Manual,First Owner,80000,22.54,1396.0,88.73,6.5
Volkswagen,Polo Diesel,2013,Diesel,Manual,Third Owner,80000,22.07,1199.0,73.9,3.5
Tata,Indica V2,2011,Diesel,Manual,Third Owner,140500,17.88,1396.0,52.8,0.75
Maruti,Swift Dzire,2010,Petrol,Manual,First Owner,143000,17.5,1298.0,85.8,2.4
Maruti,Alto K10,2013,Petrol,Manual,First Owner,60000,20.92,998.0,67.1,2.4
Tata,Indica Vista,2011,Diesel,Manual,Second Owner,120000,18.4,1248.0,75.0,1.8
Hyundai,Santa Fe,2014,Diesel,Automatic,Second Owner,80000,13.01,2199.0,194.3,9.0
Mahindra,Thar DI,2014,Diesel,Manual,Second Owner,63000,18.06,2523.0,63.0,4.25
Chevrolet,Spark 1.0,2009,Petrol,Manual,Third Owner,120000,18.0,995.0,62.0,0.95
Maruti,Swift Dzire,2018,Diesel,Manual,First Owner,100000,28.4,1248.0,74.02,8.11
Hyundai,Verna VTVT,2018,Petrol,Manual,First Owner,60000,17.0,1591.0,121.3,11.0
Chevrolet,Tavera Neo,2013,Diesel,Manual,First Owner,90000,13.58,2499.0,72.4,6.0
Maruti,Ertiga VDI,2014,Diesel,Manual,Second Owner,50000,20.77,1248.0,88.76,5.5
Mahindra,Scorpio S4,2015,Diesel,Manual,First Owner,70000,15.4,2179.0,120.0,7.15
Tata,Indigo LS,2006,Diesel,Manual,Third Owner,120000,16.1,1405.0,70.0,1.0
Mahindra,Scorpio EX,2013,Diesel,Manual,First Owner,195000,14.0,2523.0,75.0,5.0
Maruti,Wagon R,2013,Petrol,Manual,First Owner,40000,20.51,998.0,67.04,3.5
Tata,Indica V2,2008,Diesel,Manual,First Owner,40000,16.8,1405.0,62.0,1.0
Tata,Safari DICOR,2012,Diesel,Manual,First Owner,120000,13.93,2179.0,138.03,3.25
Maruti,Wagon R,2012,Petrol,Manual,Second Owner,360003,18.9,998.0,67.1,2.2
Maruti,800 AC,1999,Petrol,Manual,Second Owner,60000,16.1,796.0,37.0,0.55
Renault,KWID RXT,2016,Petrol,Manual,First Owner,20000,25.17,799.0,53.3,3.3
Mahindra,Bolero 2011-2019,2014,Diesel,Manual,First Owner,37000,15.96,2523.0,62.1,4.8
Maruti,S-Cross 2017-2020,2018,Diesel,Manual,Second Owner,57000,25.1,1248.0,88.5,9.5
Hyundai,Verna Transform,2011,Diesel,Manual,Second Owner,110000,16.2,1493.0,110.0,3.0
Hyundai,Verna Xi,2006,Petrol,Manual,Fourth & Above Owner,110000,13.9,1599.0,103.2,1.7
Toyota,Innova 2.5,2013,Diesel,Manual,Second Owner,120000,12.99,2494.0,100.57,8.5
Tata,Tigor 2017-2020,2019,Diesel,Manual,First Owner,8079,24.7,1047.0,69.0,9.0
Toyota,Innova 2.5,2015,Diesel,Manual,Second Owner,114368,12.99,2494.0,100.6,13.25
Ford,Fiesta Classic,2012,Diesel,Manual,Second Owner,79990,17.8,1399.0,67.0,3.5
Ford,Figo Diesel,2012,Diesel,Manual,First Owner,81632,20.0,1399.0,68.0,4.25
Ford,Aspire Titanium,2016,Diesel,Manual,First Owner,155201,26.1,1498.0,99.23,6.0
Ford,Ecosport 1.5,2014,Diesel,Manual,First Owner,101504,22.7,1498.0,89.84,7.5
Ford,Fiesta Classic,2012,Diesel,Manual,First Owner,90165,17.8,1399.0,67.0,4.5
Ford,Figo Titanium,2010,Diesel,Manual,Second Owner,86017,25.5,1498.0,99.23,3.25
Mahindra,XUV500 W8,2013,Diesel,Manual,Second Owner,85036,15.1,2179.0,140.0,9.0
Ford,EcoSport 1.5,2013,Diesel,Manual,Second Owner,125531,22.77,1498.0,98.59,6.0
Hyundai,Verna VTVT,2019,Petrol,Manual,First Owner,10000,17.0,1591.0,121.3,11.0
Tata,Tiago 1.2,2017,Petrol,Manual,First Owner,20000,23.84,1199.0,84.0,5.2
Mahindra,Scorpio S10,2015,Diesel,Manual,First Owner,170000,15.4,2179.0,120.0,8.85
Tata,Nexon 1.5,2018,Diesel,Automatic,First Owner,40000,21.5,1497.0,108.5,9.5
Honda,City 1.5,2008,Petrol,Manual,Second Owner,120000,17.0,1497.0,118.0,2.3
Maruti,Ritz VDi,2013,Diesel,Manual,Third Owner,100000,23.2,1248.0,73.94,4.1
Ford,Fiesta EXi,2011,Diesel,Manual,Third Owner,110000,17.8,1399.0,68.0,3.0
Tata,Indica V2,2008,Diesel,Manual,Third Owner,120000,16.8,1405.0,68.0,1.75
Maruti,Alto LX,2000,Petrol,Manual,Fourth & Above Owner,206000,19.7,796.0,46.3,1.08
Maruti,Celerio ZXI,2017,Petrol,Manual,Second Owner,40000,23.1,998.0,67.04,4.25
Chevrolet,Optra Magnum,2011,Diesel,Manual,Fourth & Above Owner,170000,16.52,1991.0,123.7,2.72
Hyundai,i10 Magna,2013,Petrol,Manual,First Owner,70000,19.81,1086.0,68.05,3.1
Hyundai,Creta 1.4,2017,Diesel,Manual,First Owner,105000,21.38,1396.0,88.7,11.25
Hyundai,Xcent 1.2,2014,Petrol,Manual,Second Owner,46000,19.1,1197.0,81.86,4.5
Volkswagen,Polo Diesel,2011,Diesel,Manual,Second Owner,80000,22.07,1199.0,73.9,3.88
Hyundai,Verna Transform,2011,Petrol,Manual,First Owner,60000,16.2,1599.0,103.2,4.0
Honda,City i,2015,Diesel,Manual,Third Owner,70000,25.1,1498.0,98.6,7.6
Maruti,Alto LXi,2009,Petrol,Manual,First Owner,90000,19.7,796.0,46.3,1.2
Maruti,Swift Dzire,2019,Diesel,Manual,First Owner,25000,28.4,1248.0,74.02,7.57
Maruti,Alto 800,2015,Petrol,Manual,Second Owner,53000,22.74,796.0,47.3,2.7
Tata,Sumo MKII,2011,Diesel,Manual,Second Owner,90000,13.55,2179.0,118.35,2.5
Toyota,Innova Crysta,2011,Diesel,Manual,First Owner,60000,12.8,2494.0,102.0,8.0
Toyota,Fortuner 4x2,2014,Diesel,Manual,First Owner,150000,13.0,2982.0,168.5,13.8
Mahindra,Thar CRDe,2014,Diesel,Manual,First Owner,24000,16.55,2498.0,105.0,7.0
Honda,Mobilio S,2016,Diesel,Manual,Second Owner,100000,24.2,1498.0,98.6,4.5
Mahindra,KUV 100,2018,Petrol,Manual,First Owner,6000,18.15,1198.0,82.0,6.5
Mahindra,XUV500 W8,2013,Diesel,Manual,First Owner,49700,15.1,2179.0,140.0,9.5
Toyota,Innova 2.5,2007,Diesel,Manual,Second Owner,80000,12.8,2494.0,102.0,6.26
Maruti,Swift Dzire,2019,Petrol,Automatic,First Owner,10000,21.21,1197.0,81.8,6.0
Renault,KWID RXT,2019,Petrol,Manual,First Owner,21000,25.17,799.0,53.3,2.9
Maruti,Alto K10,2013,Petrol,Manual,First Owner,25000,20.92,998.0,67.1,2.15
Renault,KWID RXT,2016,Petrol,Manual,First Owner,22000,25.17,799.0,53.3,2.5
Maruti,Ertiga SHVS,2017,Diesel,Manual,First Owner,50000,24.52,1248.0,88.5,7.5
Maruti,Alto K10,2016,Petrol,Manual,Second Owner,20000,23.95,998.0,67.05,2.5
Honda,BRV i-VTEC,2017,Petrol,Automatic,First Owner,15000,15.4,1497.0,117.3,9.5
Ford,Figo Aspire,2018,Diesel,Manual,First Owner,30000,25.83,1498.0,99.0,7.93
Hyundai,Creta 1.6,2015,Diesel,Manual,First Owner,74000,19.67,1582.0,126.2,7.5
Honda,Jazz V,2017,Petrol,Automatic,First Owner,6550,18.2,1199.0,88.7,7.25
Hyundai,Grand i10,2016,Diesel,Manual,First Owner,30000,24.0,1120.0,70.0,4.8
BMW,X6 xDrive30d,2013,Diesel,Automatic,First Owner,56000,11.2,2993.0,241.0,37.5
Maruti,Swift Dzire,2018,Petrol,Manual,First Owner,41779,21.21,1197.0,81.8,7.95
Honda,Jazz 1.2,2016,Petrol,Manual,First Owner,54000,18.7,1199.0,88.7,6.25
Mercedes-Benz,E-Class E250,2016,Diesel,Automatic,First Owner,31000,13.0,2143.0,204.0,29.0
Maruti,Ignis 1.3,2017,Diesel,Automatic,First Owner,37000,26.8,1248.0,74.0,6.25
Chevrolet,Cruze LTZ,2011,Diesel,Automatic,Second Owner,90000,18.1,1991.0,147.9,4.4
Toyota,Corolla Altis,2018,Petrol,Manual,First Owner,13534,14.28,1798.0,138.03,14.0
Toyota,Corolla Altis,2017,Petrol,Automatic,Second Owner,7000,14.53,1794.0,138.1,14.5
Mercedes-Benz,GLA Class,2017,Diesel,Automatic,First Owner,23000,17.9,2143.0,136.0,27.0
Toyota,Innova Crysta,2019,Diesel,Automatic,First Owner,43000,11.36,2755.0,171.5,19.25
Kia,Seltos HTX,2020,Diesel,Automatic,First Owner,5000,17.8,1493.0,113.4,19.0
Maruti,Ciaz RS,2017,Diesel,Manual,First Owner,70000,28.09,1248.0,88.5,8.45
Skoda,Rapid 1.5,2016,Diesel,Automatic,First Owner,99000,21.66,1498.0,103.52,6.5
Maruti,Swift ZXI,2018,Petrol,Manual,First Owner,15000,22.0,1197.0,81.8,7.5
BMW,6 Series,2018,Diesel,Automatic,First Owner,28156,17.09,2993.0,261.4,60.0
Honda,Jazz 1.2,2015,Petrol,Manual,First Owner,30000,18.7,1199.0,88.7,6.1
Toyota,Fortuner 2.8,2018,Diesel,Automatic,First Owner,100000,12.9,2755.0,174.5,29.4
Hyundai,Creta 1.6,2017,Diesel,Manual,First Owner,63309,19.67,1582.0,126.2,11.5
Toyota,Innova Crysta,2016,Diesel,Automatic,First Owner,94000,11.36,2755.0,171.5,18.25
Hyundai,Elite i20,2018,Petrol,Automatic,First Owner,29000,17.4,1197.0,81.86,8.9
Jaguar,XE 2016-2019,2017,Diesel,Automatic,First Owner,9000,13.6,1999.0,177.0,26.25
Lexus,ES 300h,2019,Petrol,Automatic,First Owner,20000,22.37,2487.0,214.56,51.5
Jaguar,XF 2.0,2017,Diesel,Automatic,First Owner,45000,19.33,1999.0,177.0,32.0
Tata,Safari Storme,2015,Diesel,Manual,First Owner,110000,14.1,2179.0,147.94,5.03
Volvo,XC40 D4,2019,Diesel,Automatic,First Owner,20000,18.0,1969.0,190.0,38.0
Toyota,Camry 2.5,2016,Petrol,Automatic,First Owner,68089,19.16,2494.0,157.7,20.0
Maruti,Wagon R,2013,Petrol,Manual,First Owner,58343,21.79,998.0,67.05,2.25
Maruti,Baleno Alpha,2018,Diesel,Manual,First Owner,38817,27.39,1248.0,74.0,7.4
Honda,Jazz VX,2016,Petrol,Manual,First Owner,56494,18.2,1199.0,88.7,5.5
Toyota,Innova 2.5,2013,Diesel,Manual,Second Owner,79328,12.99,2494.0,100.6,7.5
Maruti,Swift AMT,2019,Petrol,Automatic,First Owner,5621,22.0,1197.0,81.8,6.5
Toyota,Etios VX,2017,Petrol,Manual,First Owner,25538,16.78,1496.0,88.73,6.25
Maruti,Swift AMT,2018,Petrol,Automatic,First Owner,69779,22.0,1197.0,81.8,6.0
Hyundai,Grand i10,2017,Diesel,Manual,First Owner,56290,24.0,1186.0,73.97,4.5
BMW,X4 M,2019,Diesel,Automatic,First Owner,7500,16.78,1995.0,190.0,54.0
BMW,X4 M,2019,Diesel,Automatic,First Owner,8500,16.78,1995.0,190.0,55.0
Honda,Amaze V,2019,Petrol,Automatic,First Owner,7032,19.0,1199.0,88.76,7.79
Skoda,Rapid 1.6,2016,Petrol,Automatic,First Owner,11000,14.3,1598.0,103.5,6.45
Volvo,V40 D3,2018,Diesel,Automatic,First Owner,2000,16.8,1984.0,150.0,24.75
Jaguar,XE 2016-2019,2017,Diesel,Automatic,First Owner,9000,13.6,1999.0,177.0,26.25
Lexus,ES 300h,2019,Petrol,Automatic,First Owner,20000,22.37,2487.0,214.56,51.5
Jaguar,XF 2.0,2017,Diesel,Automatic,First Owner,45000,19.33,1999.0,177.0,32.0
Tata,Safari Storme,2015,Diesel,Manual,First Owner,110000,14.1,2179.0,147.94,5.03
Volvo,XC40 D4,2019,Diesel,Automatic,First Owner,20000,18.0,1969.0,190.0,38.0
Toyota,Camry 2.5,2016,Petrol,Automatic,First Owner,68089,19.16,2494.0,157.7,20.0
Maruti,Wagon R,2013,Petrol,Manual,First Owner,58343,21.79,998.0,67.05,2.25
Maruti,Baleno Alpha,2018,Diesel,Manual,First Owner,38817,27.39,1248.0,74.0,7.4
Honda,Jazz VX,2016,Petrol,Manual,First Owner,56494,18.2,1199.0,88.7,5.5
Toyota,Innova 2.5,2013,Diesel,Manual,Second Owner,79328,12.99,2494.0,100.6,7.5
Maruti,Swift AMT,2019,Petrol,Automatic,First Owner,5621,22.0,1197.0,81.8,6.5
Toyota,Etios VX,2017,Petrol,Manual,First Owner,25538,16.78,1496.0,88.73,6.25
Maruti,Swift AMT,2018,Petrol,Automatic,First Owner,69779,22.0,1197.0,81.8,6.0
Hyundai,Grand i10,2017,Diesel,Manual,First Owner,56290,24.0,1186.0,73.97,4.5
BMW,X4 M,2019,Diesel,Automatic,First Owner,7500,16.78,1995.0,190.0,54.0
BMW,X4 M,2019,Diesel,Automatic,First Owner,8500,16.78,1995.0,190.0,55.0
Honda,Amaze V,2019,Petrol,Automatic,First Owner,7032,19.0,1199.0,88.76,7.79
Skoda,Rapid 1.6,2016,Petrol,Automatic,First Owner,11000,14.3,1598.0,103.5,6.45
Volvo,V40 D3,2018,Diesel,Automatic,First Owner,2000,16.8,1984.0,150.0,24.75
Jaguar,XE 2016-2019,2017,Diesel,Automatic,First Owner,9000,13.6,1999.0,177.0,26.25
Lexus,ES 300h,2019,Petrol,Automatic,First Owner,20000,22.37,2487.0,214.56,51.5
Jaguar,XF 2.0,2017,Diesel,Automatic,First Owner,45000,19.33,1999.0,177.0,32.0
Tata,Safari Storme,2015,Diesel,Manual,First Owner,110000,14.1,2179.0,147.94,5.03
Volvo,XC40 D4,2019,Diesel,Automatic,First Owner,20000,18.0,1969.0,190.0,38.0
Toyota,Camry 2.5,2016,Petrol,Automatic,First Owner,68089,19.16,2494.0,157.7,20.0
Maruti,Wagon R,2013,Petrol,Manual,First Owner,58343,21.79,998.0,67.05,2.25
Maruti,Baleno Alpha,2018,Diesel,Manual,First Owner,38817,27.39,1248.0,74.0,7.4
Honda,Jazz VX,2016,Petrol,Manual,First Owner,56494,18.2,1199.0,88.7,5.5
Toyota,Innova 2.5,2013,Diesel,Manual,Second Owner,79328,12.99,2494.0,100.6,7.5
Maruti,Swift AMT,2019,Petrol,Automatic,First Owner,5621,22.0,1197.0,81.8,6.5
Toyota,Etios VX,2017,Petrol,Manual,First Owner,25538,16.78,1496.0,88.73,6.25
Maruti,Swift AMT,2018,Petrol,Automatic,First Owner,69779,22.0,1197.0,81.8,6.0
Hyundai,Grand i10,2017,Diesel,Manual,First Owner,56290,24.0,1186.0,73.97,4.5
BMW,X4 M,2019,Diesel,Automatic,First Owner,7500,16.78,1995.0,190.0,54.0
BMW,X4 M,2019,Diesel,Automatic,First Owner,8500,16.78,1995.0,190.0,55.0
Honda,Amaze V,2019,Petrol,Automatic,First Owner,7032,19.0,1199.0,88.76,7.79
Skoda,Rapid 1.6,2016,Petrol,Automatic,First Owner,11000,14.3,1598.0,103.5,6.45
Volvo,V40 D3,2018,Diesel,Automatic,First Owner,2000,16.8,1984.0,150.0,24.75
Jaguar,XE 2016-2019,2017,Diesel,Automatic,First Owner,9000,13.6,1999.0,177.0,26.25
Lexus,ES 300h,2019,Petrol,Automatic,First Owner,20000,22.37,2487.0,214.56,51.5
Jaguar,XF 2.0,2017,Diesel,Automatic,First Owner,45000,19.33,1999.0,177.0,32.0
Tata,Safari Storme,2015,Diesel,Manual,First Owner,110000,14.1,2179.0,147.94,5.03
Volvo,XC40 D4,2019,Diesel,Automatic,First Owner,20000,18.0,1969.0,190.0,38.0
Toyota,Camry 2.5,2016,Petrol,Automatic,First Owner,68089,19.16,2494.0,157.7,20.0
Maruti,Wagon R,2013,Petrol,Manual,First Owner,58343,21.79,998.0,67.05,2.25
Maruti,Baleno Alpha,2018,Diesel,Manual,First Owner,38817,27.39,1248.0,74.0,7.4
Honda,Jazz VX,2016,Petrol,Manual,First Owner,56494,18.2,1199.0,88.7,5.5
Toyota,Innova 2.5,2013,Diesel,Manual,Second Owner,79328,12.99,2494.0,100.6,7.5
Maruti,Swift AMT,2019,Petrol,Automatic,First Owner,5621,22.0,1197.0,81.8,6.5
Toyota,Etios VX,2017,Petrol,Manual,First Owner,25538,16.78,1496.0,88.73,6.25
Maruti,Swift AMT,2018,Petrol,Automatic,First Owner,69779,22.0,1197.0,81.8,6.0
Hyundai,Grand i10,2017,Diesel,Manual,First Owner,56290,24.0,1186.0,73.97,4.5
BMW,X4 M,2019,Diesel,Automatic,First Owner,7500,16.78,1995.0,190.0,54.0
BMW,X4 M,2019,Diesel,Automatic,First Owner,8500,16.78,1995.0,190.0,55.0
Honda,Amaze V,2019,Petrol,Automatic,First Owner,7032,19.0,1199.0,88.76,7.79
Skoda,Rapid 1.6,2016,Petrol,Automatic,First Owner,11000,14.3,1598.0,103.5,6.45
Volvo,V40 D3,2018,Diesel,Automatic,First Owner,2000,16.8,1984.0,150.0,24.75
Tata,Indigo CS,2017,Diesel,Manual,First Owner,155000,25.0,1396.0,69.01,3.85
Maruti,Celerio ZXI,2016,Petrol,Automatic,First Owner,35000,23.1,998.0,67.04,4.0
Hyundai,Grand i10,2018,Diesel,Manual,First Owner,50000,24.0,1186.0,73.97,5.5
Chevrolet,Tavera Neo,2010,Diesel,Manual,First Owner,185000,14.8,2499.0,80.0,2.7
Tata,Indigo CS,2013,Diesel,Manual,Second Owner,175000,19.09,1396.0,69.0,2.0
Renault,KWID RXT,2016,Petrol,Manual,First Owner,11500,25.17,799.0,53.3,3.1
Hyundai,Xcent 1.2,2019,Diesel,Manual,First Owner,3000,25.4,1186.0,73.97,7.0
Chevrolet,Sail LT,2015,Diesel,Manual,Second Owner,80000,22.1,1248.0,74.0,4.8
Maruti,Alto LXI,2005,Petrol,Manual,Second Owner,40000,19.7,796.0,46.3,0.9
Maruti,Alto LXI,2005,Petrol,Manual,Second Owner,40000,19.7,796.0,46.3,0.8
Maruti,Ritz VDi,2015,Diesel,Manual,First Owner,90000,23.2,1248.0,73.94,3.5
Maruti,SX4 S,2017,Diesel,Manual,First Owner,100000,23.65,1248.0,88.5,6.0
Mahindra,Scorpio M2DI,2011,Diesel,Manual,Third Owner,120000,13.5,2179.0,115.0,3.5
Maruti,Vitara Brezza,2018,Diesel,Manual,First Owner,50000,24.3,1248.0,88.5,7.7
Mahindra,Verito 1.5,2012,Diesel,Manual,First Owner,25000,21.03,1461.0,65.0,3.5
Mahindra,Scorpio VLX,2011,Diesel,Manual,Third Owner,50000,12.05,2179.0,120.0,6.0
Mahindra,TUV 300,2016,Diesel,Manual,First Owner,71000,18.49,1493.0,100.0,7.5
Maruti,Wagon R,2016,Petrol,Manual,First Owner,40000,20.51,998.0,67.04,3.4
Hyundai,Elite i20,2018,Petrol,Manual,First Owner,31800,18.6,1197.0,81.86,6.5
Hyundai,i10 Sportz,2014,Petrol,Manual,First Owner,65000,20.36,1197.0,78.9,3.0
Maruti,Alto 800,2014,Petrol,Manual,Second Owner,15000,22.74,796.0,47.3,2.05
Mahindra,Verito 1.5,2012,Diesel,Manual,Second Owner,70000,20.8,1461.0,65.0,2.55
Ford,Figo Aspire,2017,Petrol,Manual,First Owner,5000,18.16,1196.0,86.8,6.5
Hyundai,EON Magna,2017,Petrol,Manual,Second Owner,50000,21.1,814.0,55.2,2.8
Tata,Indica V2,2011,Diesel,Manual,First Owner,80000,17.2,1396.0,53.5,1.0
Chevrolet,Tavera Neo,2014,Diesel,Manual,Second Owner,70000,13.58,2499.0,72.4,5.75
Maruti,Vitara Brezza,2017,Diesel,Manual,First Owner,40000,24.3,1248.0,88.5,7.8
Mahindra,Bolero 2011-2019,2013,Diesel,Manual,First Owner,157000,15.96,2523.0,62.1,4.67
Mahindra,Scorpio S10,2015,Diesel,Manual,First Owner,90000,15.4,2179.0,120.0,10.5
Hyundai,i10 Magna,2011,Petrol,Manual,Second Owner,80000,19.81,1086.0,68.05,2.25
Mahindra,Verito 1.5,2012,Diesel,Manual,Second Owner,70000,21.03,1461.0,65.0,2.6
Chevrolet,Spark 1.0,2009,Petrol,Manual,Second Owner,50000,16.0,995.0,63.0,0.9
Ford,Figo Diesel,2012,Diesel,Manual,First Owner,60000,20.0,1399.0,68.0,2.8
Mahindra,Verito 1.5,2014,Diesel,Manual,Second Owner,106000,20.8,1461.0,65.0,3.5
Mahindra,Scorpio 2.6,2006,Diesel,Manual,Second Owner,80000,10.5,2179.0,120.0,2.3
Mahindra,Bolero 2011-2019,2016,Diesel,Manual,Second Owner,80000,15.96,2523.0,63.0,5.5
Toyota,Innova 2.5,2013,Diesel,Manual,Second Owner,110000,12.99,2494.0,100.0,8.5
Mahindra,Bolero DI,2011,Diesel,Manual,Third Owner,120000,13.6,2523.0,63.0,3.7
Maruti,Alto K10,2013,Petrol,Manual,First Owner,27000,20.92,998.0,67.1,2.5
Maruti,Alto LXi,2007,Petrol,Manual,Second Owner,70000,19.7,796.0,46.3,0.95
Maruti,Wagon R,2010,Petrol,Manual,Second Owner,70000,18.9,1061.0,67.0,1.8
Mahindra,NuvoSport N8,2016,Diesel,Automatic,First Owner,50000,17.45,1493.0,100.0,6.5
Hyundai,Xcent 1.2,2018,Diesel,Manual,First Owner,60000,25.4,1186.0,73.97,5.3
Maruti,Swift VVT,2017,Petrol,Manual,First Owner,15000,22.0,1197.0,81.8,6.1
Mahindra,Xylo E4,2010,Diesel,Manual,First Owner,135000,14.0,2498.0,112.0,2.65
Tata,Tiago 1.2,2018,Petrol,Manual,First Owner,26300,23.84,1199.0,84.0,5.6
Mahindra,Bolero 2011-2019,2014,Diesel,Manual,First Owner,120000,15.96,2523.0,62.1,4.3
Maruti,Swift Dzire,2017,Diesel,Manual,First Owner,35000,28.4,1248.0,74.02,7.11
Maruti,Swift Dzire,2015,Petrol,Manual,First Owner,30000,20.85,1197.0,83.14,5.11
Mahindra,Bolero 2011-2019,2012,Diesel,Manual,First Owner,165000,15.96,2523.0,62.1,4.5
Tata,Zest Revotron,2015,Petrol,Manual,First Owner,50000,17.57,1193.0,88.7,3.25
Renault,Scala Diesel,2013,Diesel,Manual,First Owner,120000,21.64,1461.0,84.8,4.35
Ford,Figo Diesel,2010,Diesel,Manual,Second Owner,100000,20.0,1399.0,68.0,2.1
Maruti,SX4 Vxi,2007,Petrol,Manual,Second Owner,120000,15.0,1586.0,104.68,1.6
Maruti,Ertiga VXI,2017,Petrol,Manual,Second Owner,70000,17.5,1373.0,91.1,6.5
Hyundai,i20 Sportz,2014,Petrol,Manual,First Owner,72000,18.6,1197.0,81.83,3.2
Renault,KWID Climber,2017,Petrol,Manual,First Owner,50000,23.01,999.0,67.0,2.9
Tata,Nano CX,2013,Petrol,Manual,First Owner,30000,25.4,624.0,37.48,0.8
Tata,Safari Storme,2017,Diesel,Manual,First Owner,20000,14.1,2179.0,147.94,11.0
Maruti,Ciaz ZDi,2015,Diesel,Manual,First Owner,110000,26.21,1248.0,88.5,6.0
Renault,KWID RXT,2017,Petrol,Manual,First Owner,25000,25.17,799.0,53.3,3.4
Toyota,Innova 2.5,2014,Diesel,Manual,First Owner,120000,12.99,2494.0,100.6,7.5
Maruti,Alto LX,2006,Petrol,Manual,First Owner,40000,19.7,796.0,46.3,1.0
Renault,KWID RXT,2019,Petrol,Manual,First Owner,10000,25.17,799.0,53.3,3.95
Maruti,Wagon R,2010,Petrol,Manual,First Owner,65000,18.9,1061.0,67.0,2.0
Maruti,Eeco CNG,2019,CNG,Manual,First Owner,10000,21.94,1196.0,61.7,4.5
Mahindra,Verito 1.4,2012,Petrol,Manual,Second Owner,110000,13.87,1390.0,75.0,1.8
Mahindra,Bolero DI,2008,Diesel,Manual,Second Owner,120000,13.6,2523.0,63.0,1.9
Maruti,Eeco 5,2015,Petrol,Manual,First Owner,72000,15.37,1196.0,73.0,3.1
Maruti,Ritz VDi,2014,Diesel,Manual,Second Owner,89100,23.2,1248.0,73.94,3.51
Chevrolet,Optra 1.6,2006,Petrol,Manual,Second Owner,94000,17.4,1599.0,104.0,1.9
Hyundai,EON Magna,2015,Petrol,Manual,Second Owner,120000,21.1,814.0,55.2,2.25
Chevrolet,Spark 1.0,2012,Petrol,Manual,First Owner,110000,16.2,995.0,62.1,1.3
Maruti,Ciaz Alpha,2018,Diesel,Manual,First Owner,50000,28.09,1248.0,88.5,10.0
Tata,Indica V2,2004,Diesel,Manual,Third Owner,90000,16.8,1405.0,62.0,0.55
Chevrolet,Sail 1.2,2014,Petrol,Manual,First Owner,23000,18.2,1199.0,82.4,3.3
Maruti,Omni MPI,2013,Petrol,Manual,First Owner,50000,16.8,796.0,34.2,1.66
Mahindra,Xylo D4,2013,Diesel,Manual,First Owner,300000,14.0,2498.0,112.0,2.0
Maruti,Alto K10,2011,Petrol,Manual,Third Owner,50000,20.92,998.0,67.1,1.4
Maruti,Eeco CNG,2017,CNG,Manual,First Owner,140000,21.94,1196.0,61.7,3.7
Hyundai,Elite i20,2019,Petrol,Automatic,First Owner,16000,17.4,1197.0,81.86,7.2
Hyundai,i20 Active,2015,Diesel,Manual,First Owner,126000,21.19,1396.0,88.73,5.0
Hyundai,Xcent 1.2,2019,Petrol,Manual,First Owner,15000,20.14,1197.0,81.86,5.7
Maruti,Swift Dzire,2010,Petrol,Manual,First Owner,200000,17.5,1197.0,85.8,2.1
Maruti,Alto LXi,2009,Petrol,Manual,First Owner,120000,19.7,796.0,46.3,1.2
Hyundai,Getz GLX,2005,Petrol,Manual,Fourth & Above Owner,120000,15.3,1341.0,83.0,0.95
Hyundai,i10 Sportz,2010,Petrol,Automatic,Third Owner,110000,16.95,1197.0,78.9,1.96
Maruti,Eeco 5,2016,Petrol,Manual,First Owner,38000,15.37,1196.0,73.0,3.92
Tata,Manza Aura,2010,Petrol,Manual,First Owner,104000,15.0,1368.0,90.0,1.5
Honda,BR-V i-VTEC,2017,Petrol,Manual,First Owner,120000,15.4,1497.0,117.3,5.95
Maruti,Vitara Brezza,2018,Diesel,Automatic,First Owner,35000,24.3,1248.0,88.5,8.33
Maruti,Swift VDI,2011,Diesel,Manual,First Owner,210000,22.9,1248.0,74.0,2.8
Maruti,800 Std,2003,Petrol,Manual,Second Owner,35000,16.1,796.0,37.0,0.35
Maruti,Ritz VDi,2009,Diesel,Manual,Third Owner,85000,21.1,1248.0,73.9,1.8
Maruti,Wagon R,2012,Petrol,Manual,First Owner,80000,18.9,998.0,67.1,2.25
Mercedes-Benz,New C-Class,2012,Diesel,Automatic,First Owner,50000,14.84,2143.0,170.0,14.0
Hyundai,i20 Era,2009,Diesel,Manual,First Owner,40000,23.0,1396.0,90.0,3.4
Toyota,Innova 2.5,2010,Diesel,Manual,First Owner,216000,12.8,2494.0,102.0,5.5
Maruti,Wagon R,2017,Petrol,Manual,Second Owner,65000,20.51,998.0,67.04,4.0
Hyundai,Getz GLE,2006,Petrol,Manual,Third Owner,100000,15.3,1341.0,83.0,0.9
Maruti,Ciaz VDi,2015,Diesel,Manual,First Owner,84000,28.09,1248.0,88.5,6.5
Toyota,Innova 2.5,2012,Diesel,Manual,First Owner,210000,12.99,2494.0,100.0,7.3
Chevrolet,Aveo U-VA,2010,Petrol,Manual,First Owner,60000,15.26,1150.0,74.9,1.25
Hyundai,Getz GLE,2006,Petrol,Manual,Fourth & Above Owner,100000,15.3,1341.0,83.0,0.81
Maruti,Swift Glam,2007,Petrol,Manual,Second Owner,78000,16.1,1298.0,88.2,1.7
Honda,City 1.5,2002,Petrol,Manual,Fourth & Above Owner,161000,13.0,1493.0,100.0,0.81
Maruti,Alto LX,2005,Petrol,Manual,Third Owner,70000,19.7,796.0,46.3,0.95
Tata,Nano Cx,2010,Petrol,Manual,Third Owner,50000,26.0,624.0,35.0,0.55
Renault,Lodgy World,2017,Diesel,Manual,First Owner,65000,19.98,1461.0,108.5,8.8
Renault,KWID RXL,2015,Petrol,Manual,First Owner,50000,25.17,799.0,53.3,2.0
Maruti,Wagon R,2019,Petrol,Manual,First Owner,25000,20.52,1197.0,81.8,4.8
Mahindra,Bolero 2011-2019,2013,Diesel,Manual,First Owner,100000,15.96,2523.0,62.1,4.8
Hyundai,i20 1.2,2018,Petrol,Manual,First Owner,6000,18.6,1197.0,81.83,7.0
Honda,BRV i-DTEC,2016,Diesel,Manual,First Owner,72113,21.9,1498.0,98.6,8.5
Tata,Indigo CR4,2012,Diesel,Manual,First Owner,40000,23.57,1396.0,70.0,3.0
Hyundai,i20 1.2,2017,Petrol,Manual,First Owner,8000,18.6,1197.0,81.83,6.5
Maruti,Ritz VXI,2010,Petrol,Manual,First Owner,20000,21.1,1197.0,85.8,2.2
Tata,Indigo CS,2014,Diesel,Manual,First Owner,45000,19.09,1405.0,69.01,3.0
Maruti,Swift Dzire,2014,Diesel,Manual,First Owner,80000,23.4,1248.0,74.0,4.5
Maruti,Swift VDI,2014,Diesel,Manual,First Owner,90000,25.2,1248.0,74.0,4.0
Maruti,S-Cross 2017-2020,2018,Diesel,Manual,First Owner,25000,25.1,1248.0,88.5,10.3
Tata,Manza Aura,2010,Diesel,Manual,Second Owner,100000,18.8,1248.0,90.0,1.9
Ford,Fiesta 1.4,2006,Petrol,Manual,Second Owner,60000,16.6,1388.0,68.0,1.4
Hyundai,i20 Active,2018,Diesel,Manual,First Owner,30000,21.19,1396.0,88.76,8.0
Mahindra,Scorpio LX,2007,Diesel,Manual,Third Owner,120000,10.5,2609.0,120.0,2.3
Tata,Safari DICOR,2011,Diesel,Manual,Second Owner,80000,13.93,2179.0,138.03,3.0
Volkswagen,Vento Diesel,2011,Diesel,Manual,Second Owner,69000,20.54,1598.0,103.6,3.75
Chevrolet,Beat LT,2010,Petrol,Manual,First Owner,75000,18.6,1199.0,79.4,1.4
Maruti,Alto LX,2004,Petrol,Manual,Second Owner,113000,19.7,796.0,46.3,0.6
Hyundai,Xcent 1.1,2014,Diesel,Manual,Second Owner,90000,24.4,1120.0,71.01,4.2
Renault,Pulse RxZ,2012,Diesel,Manual,Third Owner,100000,23.08,1461.0,63.12,3.0
Tata,Indica Vista,2012,Diesel,Manual,First Owner,110000,22.3,1248.0,74.0,1.5
Ford,EcoSport 1.5,2015,Diesel,Manual,First Owner,90000,22.77,1498.0,98.59,6.0
Ford,Figo Diesel,2011,Diesel,Manual,Second Owner,100000,20.0,1399.0,68.0,2.05
Hyundai,Xcent 1.2,2017,Diesel,Manual,First Owner,50000,25.4,1186.0,73.97,6.25
Fiat,Grande Punto,2011,Diesel,Manual,First Owner,200000,20.5,1248.0,91.7,2.8
Hyundai,Santa Fe,2014,Diesel,Automatic,Second Owner,146000,13.01,2199.0,194.3,10.5
Chevrolet,Optra Magnum,2009,Petrol,Manual,Second Owner,80000,12.9,1598.0,102.5,2.5
Tata,New Safari,2010,Diesel,Manual,Second Owner,96443,11.57,2179.0,138.1,5.35
Honda,Accord 2.4,2009,Petrol,Automatic,Second Owner,100000,11.7,2354.0,177.6,4.0
Maruti,Swift AMT,2019,Petrol,Automatic,First Owner,10000,21.21,1197.0,81.8,6.1
Maruti,Swift Dzire,2014,Diesel,Manual,First Owner,110000,23.4,1248.0,74.0,5.1
Tata,Safari Storme,2014,Diesel,Manual,Second Owner,86000,14.0,2179.0,138.1,5.21
Maruti,Swift Dzire,2014,Diesel,Manual,First Owner,100000,23.4,1248.0,74.0,5.11
Hyundai,i20 Sportz,2014,Diesel,Manual,First Owner,91000,22.54,1396.0,88.73,4.51
Hyundai,i10 Sportz,2009,Petrol,Manual,First Owner,100000,20.36,1197.0,78.9,1.7
Maruti,Swift Dzire,2013,Diesel,Manual,Second Owner,120000,23.4,1248.0,74.0,4.5
Honda,City 1.5,2011,Petrol,Manual,Second Owner,90000,17.0,1497.0,118.0,3.75
Maruti,Alto 800,2016,Petrol,Manual,Second Owner,60000,22.74,796.0,47.3,3.05
Renault,KWID RXT,2016,Petrol,Manual,First Owner,51500,25.17,799.0,53.3,3.15
Chevrolet,Sail 1.3,2016,Diesel,Manual,Second Owner,60000,22.1,1248.0,74.0,2.5
Ford,Figo Diesel,2012,Diesel,Manual,Second Owner,104500,20.0,1399.0,68.0,2.0
Ford,EcoSport 1.5,2018,Diesel,Manual,First Owner,30000,23.0,1498.0,98.96,9.5
Renault,Duster 110PS,2012,Diesel,Manual,Third Owner,120000,19.01,1461.0,108.45,4.0
Maruti,Swift ZDi,2014,Diesel,Manual,Second Owner,100000,22.9,1248.0,74.0,5.1
Honda,Civic 1.8,2008,Petrol,Manual,Third Owner,90000,13.5,1799.0,130.0,3.75
Maruti,Wagon R,2005,Petrol,Manual,Third Owner,150000,18.9,998.0,67.1,1.5
Maruti,Wagon R,2006,Petrol,Automatic,First Owner,60000,18.9,998.0,67.1,0.75
Hyundai,Verna 1.4,2015,Petrol,Manual,Second Owner,50000,17.43,1396.0,105.5,4.65
Hyundai,Grand i10,2019,Diesel,Manual,First Owner,10000,24.0,1186.0,73.97,7.0
Mahindra,Scorpio 1.99,2015,Diesel,Manual,Third Owner,120000,15.4,1997.0,120.0,9.5
Hyundai,i20 1.2,2017,Petrol,Manual,First Owner,40000,18.6,1197.0,81.83,6.1
Maruti,Alto 800,2014,Petrol,Manual,First Owner,50000,22.74,796.0,47.3,2.35
Maruti,Eeco 5,2017,Petrol,Manual,First Owner,90000,15.37,1196.0,73.0,3.3
Nissan,Terrano XE,2014,Diesel,Manual,First Owner,90000,20.45,1461.0,83.8,4.72
Maruti,Swift VXI,2019,Petrol,Manual,First Owner,10000,21.21,1197.0,81.8,5.85
Mahindra,Supro LX,2018,Diesel,Manual,First Owner,10000,23.5,909.0,45.0,5.0
Maruti,Alto K10,2019,Petrol,Manual,First Owner,27000,23.95,998.0,67.05,3.6
Maruti,Swift Dzire,2016,Diesel,Manual,First Owner,70000,26.59,1248.0,74.0,6.49
Maruti,Omni MPI,2017,Petrol,Manual,First Owner,50000,16.8,796.0,34.2,2.0
Hyundai,Grand i10,2014,Diesel,Manual,First Owner,110000,24.0,1120.0,70.0,4.0
Maruti,Celerio VDi,2015,Diesel,Manual,Second Owner,100000,27.62,793.0,47.0,2.5
Mahindra,Marazzo M6,2018,Diesel,Manual,First Owner,50000,17.3,1497.0,121.0,12.0
Maruti,Swift Vdi,2009,Diesel,Manual,Second Owner,105000,17.8,1248.0,75.0,2.5
Toyota,Innova 2.5,2013,Diesel,Manual,First Owner,110000,12.99,2494.0,100.6,8.2
Mahindra,XUV500 W8,2014,Diesel,Manual,Second Owner,60000,15.1,2179.0,140.0,8.0
Ford,Ecosport 1.0,2013,Petrol,Manual,Second Owner,49102,18.88,999.0,123.37,4.29
Hyundai,Santro Xing,2010,Petrol,Manual,Third Owner,60000,17.92,1086.0,62.1,1.5
Chevrolet,Beat Diesel,2012,Diesel,Manual,First Owner,90000,25.44,936.0,57.6,1.7
Honda,Brio Exclusive,2014,Petrol,Manual,First Owner,33033,19.4,1198.0,86.8,3.35
Hyundai,Grand i10,2015,Petrol,Automatic,First Owner,63063,18.9,1197.0,82.0,4.65
Renault,Duster 110PS,2013,Diesel,Manual,Second Owner,81000,19.01,1461.0,108.45,3.6
Hyundai,Xcent 1.2,2018,Diesel,Manual,First Owner,80000,25.4,1186.0,73.97,5.7
Renault,Duster 110PS,2012,Diesel,Manual,Second Owner,105000,19.01,1461.0,108.45,3.5
Maruti,Ertiga BSIV,2017,Petrol,Manual,First Owner,227000,17.5,1373.0,91.1,7.0
Renault,Duster 110PS,2012,Diesel,Manual,Second Owner,100000,19.01,1461.0,108.45,3.75
Maruti,Eeco CNG,2019,CNG,Manual,First Owner,60000,21.94,1196.0,61.7,4.5
Hyundai,i20 Magna,2013,Diesel,Manual,Third Owner,70000,21.9,1396.0,88.76,3.25
Volkswagen,Vento Diesel,2011,Diesel,Manual,Third Owner,120000,20.54,1598.0,103.6,2.6
Maruti,Alto LXi,2009,Petrol,Manual,Third Owner,80000,19.7,796.0,46.3,1.3
Tata,New Safari,2008,Diesel,Manual,Fourth & Above Owner,120000,11.57,2179.0,138.1,1.5
Hyundai,Santro Xing,2014,Petrol,Manual,First Owner,40000,17.92,1086.0,62.1,2.2
Hyundai,i10 Magna,2014,Petrol,Manual,First Owner,53000,20.36,1197.0,78.9,2.75
Maruti,Swift LDI,2017,Diesel,Manual,First Owner,60000,25.2,1248.0,74.0,4.55
Hyundai,i20 1.2,2017,Petrol,Manual,First Owner,30000,18.6,1197.0,81.83,5.7
Volkswagen,Vento Diesel,2013,Diesel,Manual,Third Owner,100000,20.54,1598.0,103.6,3.3
Toyota,Innova Crysta,2018,Diesel,Manual,First Owner,70000,13.68,2393.0,147.8,15.76
Maruti,Ertiga ZDI,2012,Diesel,Manual,Fourth & Above Owner,98000,20.77,1248.0,88.8,4.5
Hyundai,EON Magna,2014,Petrol,Manual,First Owner,60000,21.1,814.0,55.2,2.5
Hyundai,i10 Sportz,2010,Petrol,Manual,Third Owner,80000,20.36,1197.0,78.9,1.65
Mahindra,Ssangyong Rexton,2013,Diesel,Automatic,First Owner,117000,11.18,2696.0,184.0,8.0
Honda,Jazz 1.2,2018,Petrol,Manual,First Owner,8576,18.7,1199.0,88.7,6.8
Tata,Tigor 1.2,2017,Petrol,Automatic,First Owner,19723,20.3,1199.0,84.0,5.25
Honda,City 1.5,2016,Petrol,Manual,First Owner,21446,16.8,1497.0,116.3,8.25
Maruti,S-Cross 2017-2020,2017,Diesel,Manual,First Owner,52289,25.1,1248.0,88.5,7.5
Mahindra,Scorpio S4,2017,Diesel,Manual,First Owner,52236,15.4,2179.0,120.0,9.5
Mahindra,Scorpio S4,2017,Diesel,Manual,First Owner,54470,15.4,2179.0,120.0,9.5
Hyundai,i20 1.4,2017,Diesel,Manual,First Owner,25471,21.9,1396.0,90.0,6.75
Tata,Tiago XT,2019,Petrol,Manual,First Owner,33928,23.84,1199.0,84.48,4.9
Mahindra,TUV 300,2018,Diesel,Manual,First Owner,59736,18.49,1493.0,100.0,7.75
Honda,City 1.5,2009,Petrol,Manual,First Owner,54290,17.0,1497.0,118.0,3.5
Honda,Brio S,2016,Petrol,Manual,First Owner,2118,19.4,1198.0,86.8,4.75
Mahindra,Scorpio S4,2017,Diesel,Manual,First Owner,61379,15.4,2179.0,120.0,9.5
Honda,City i-VTEC,2010,Petrol,Manual,Second Owner,58544,17.4,1497.0,117.3,3.5
Maruti,Wagon R,2016,Petrol,Manual,First Owner,74381,21.79,998.0,67.05,4.0
Maruti,800 DX,2001,Petrol,Manual,Third Owner,35000,16.1,796.0,37.0,0.75
Ford,Ecosport 1.5,2017,Diesel,Manual,First Owner,63982,22.7,1498.0,89.84,8.5
Maruti,Wagon R,2008,Petrol,Manual,Second Owner,65000,18.9,998.0,67.1,1.75
Mahindra,Bolero 2011-2019,2014,Diesel,Manual,First Owner,74000,15.96,2523.0,62.1,5.7
Renault,Duster 110PS,2013,Diesel,Manual,Second Owner,56429,19.01,1461.0,108.45,5.25
Hyundai,i10 Magna,2012,Petrol,Manual,First Owner,56000,20.36,1197.0,78.9,2.7
Hyundai,Santro Magna,2019,Petrol,Manual,First Owner,19500,20.3,1086.0,68.07,4.35
Hyundai,i20 Asta,2015,Petrol,Manual,First Owner,30000,18.6,1197.0,81.83,4.95
Hyundai,i20 Asta,2016,Diesel,Manual,First Owner,53000,22.54,1396.0,88.73,5.75
Hyundai,Xcent 1.2,2017,Petrol,Manual,First Owner,5000,20.14,1197.0,81.86,6.0
Hyundai,Verna 1.6,2015,Petrol,Manual,First Owner,25000,17.01,1591.0,121.4,7.0
Honda,City i,2014,Diesel,Manual,First Owner,72000,26.0,1498.0,98.6,5.6
Mahindra,Bolero DI,2005,Diesel,Manual,First Owner,80000,13.6,2523.0,63.0,2.5
Skoda,Rapid 1.6,2013,Petrol,Manual,Second Owner,29000,15.0,1598.0,103.5,4.1
Nissan,Terrano XL,2016,Diesel,Manual,First Owner,56832,19.87,1461.0,83.14,4.95
Hyundai,Elite i20,2014,Petrol,Manual,First Owner,30528,18.6,1197.0,81.86,4.7
Honda,Amaze S,2013,Diesel,Manual,First Owner,65285,24.7,1498.0,98.63,3.5
Toyota,Innova Crysta,2020,Diesel,Manual,First Owner,20102,13.68,2393.0,147.51,15.6
Honda,Jazz 1.2,2015,Petrol,Manual,First Owner,43000,18.7,1199.0,88.7,4.8
Toyota,Etios Liva,2013,Diesel,Manual,First Owner,52380,23.59,1364.0,67.04,2.7
Mahindra,Bolero B2,2018,Diesel,Manual,First Owner,74250,21.0,1498.0,74.96,6.6
Maruti,Ignis 1.2,2017,Petrol,Automatic,First Owner,57247,20.89,1197.0,81.8,4.9
Maruti,Vitara Brezza,2017,Diesel,Manual,First Owner,52000,24.3,1248.0,88.5,8.0
Nissan,Sunny XV,2011,Petrol,Manual,Second Owner,47000,16.95,1498.0,97.7,3.5
Ford,Fiesta EXi,2011,Diesel,Manual,Third Owner,80000,17.8,1399.0,68.0,1.7
Tata,Indica Vista,2011,Diesel,Manual,Second Owner,85000,18.0,1248.0,75.0,1.25
Maruti,Swift Dzire,2012,Diesel,Manual,First Owner,100000,19.3,1248.0,73.9,4.0
Nissan,Sunny XV,2011,Petrol,Manual,First Owner,110000,16.95,1498.0,97.7,2.5
Fiat,Linea Emotion,2010,Diesel,Manual,Second Owner,178000,20.4,1248.0,91.7,1.9
Maruti,Alto LX,2010,Petrol,Manual,Third Owner,120000,19.7,796.0,46.3,1.25
Jeep,Compass 2.0,2017,Diesel,Manual,First Owner,70000,16.3,1956.0,170.0,19.5
Audi,Q5 2.0,2011,Diesel,Automatic,First Owner,120000,12.8,1968.0,167.6,13.0
Toyota,Innova 2.5,2010,Diesel,Manual,Third Owner,155000,12.8,2494.0,102.0,7.86
Maruti,Wagon R,2015,Petrol,Manual,First Owner,30000,20.51,998.0,67.04,3.35
Maruti,Wagon R,2009,Petrol,Manual,Third Owner,60000,18.9,1061.0,67.0,1.15
Volkswagen,Polo Diesel,2012,Diesel,Manual,Fourth & Above Owner,70000,22.07,1199.0,73.9,2.3
Hyundai,i20 2015-2017,2017,Diesel,Manual,First Owner,40000,22.54,1396.0,88.73,7.31
Hyundai,Verna 1.6,2012,Diesel,Manual,First Owner,120000,22.32,1582.0,126.32,3.95
Maruti,Swift Dzire,2015,Diesel,Manual,First Owner,120000,26.59,1248.0,74.0,5.0
Hyundai,EON Era,2014,Petrol,Manual,Third Owner,50000,21.1,814.0,55.2,2.2
Ford,Figo Diesel,2013,Diesel,Manual,First Owner,100000,20.0,1399.0,68.1,2.4
Hyundai,i20 1.4,2010,Diesel,Manual,Third Owner,120000,23.0,1396.0,90.0,2.15
Maruti,Swift VDI,2012,Diesel,Manual,Second Owner,90000,22.9,1248.0,74.0,4.0
Maruti,Zen Estilo,2012,Petrol,Manual,First Owner,90000,19.0,998.0,67.1,1.91
Mahindra,Xylo D4,2013,Diesel,Manual,Second Owner,100000,14.0,2498.0,112.0,3.51
Tata,Nano XTA,2015,Petrol,Automatic,First Owner,20000,21.9,624.0,37.48,2.5
Hyundai,Verna CRDi,2009,Diesel,Manual,Second Owner,90000,18.1,1493.0,110.0,2.1
Toyota,Etios VX,2011,Petrol,Manual,Third Owner,120000,17.6,1496.0,88.7,3.0
Ford,Figo Aspire,2017,Diesel,Manual,First Owner,35000,25.83,1498.0,99.0,7.0
Hyundai,Sonata CRDi,2010,Diesel,Manual,Second Owner,120000,11.8,1991.0,150.0,5.0
Maruti,800 AC,2002,Petrol,Manual,First Owner,120000,16.1,796.0,37.0,1.2
Hyundai,Elite i20,2019,Diesel,Manual,First Owner,10000,22.54,1396.0,88.76,8.5
Honda,WR-V i-DTEC,2017,Diesel,Manual,Second Owner,65000,25.5,1498.0,98.6,7.7
Honda,Civic 1.8,2007,Petrol,Manual,Third Owner,90000,13.5,1799.0,130.0,2.45
Maruti,Alto K10,2012,Petrol,Manual,First Owner,90000,20.92,998.0,67.1,2.5
Hyundai,i20 Active,2016,Diesel,Manual,First Owner,42323,21.19,1396.0,88.76,6.51
Honda,City V,2013,Petrol,Manual,First Owner,42462,16.8,1497.0,116.3,4.8
Maruti,Swift VDI,2015,Diesel,Manual,First Owner,54723,25.2,1248.0,74.0,4.7
Honda,Jazz 1.5,2016,Diesel,Manual,First Owner,30000,27.3,1498.0,98.6,5.0
BMW,X1 sDrive20d,2011,Diesel,Automatic,First Owner,42545,19.62,1998.0,190.0,10.75
Maruti,S-Cross 2017-2020,2016,Diesel,Manual,First Owner,32000,25.1,1248.0,88.5,6.9
Maruti,Ignis 1.2,2018,Petrol,Manual,First Owner,20375,20.89,1197.0,81.8,4.8
Maruti,Swift ZDI,2013,Diesel,Manual,Second Owner,43978,28.4,1248.0,74.0,4.5
Maruti,Vitara Brezza,2018,Diesel,Manual,First Owner,50000,24.3,1248.0,88.5,7.7
Mahindra,Bolero B4,2015,Diesel,Manual,First Owner,40200,21.0,1498.0,74.96,4.45
Hyundai,i20 1.2,2018,Petrol,Manual,First Owner,30000,18.6,1197.0,81.83,7.0
Maruti,Ertiga ZDI,2014,Diesel,Manual,First Owner,90000,20.77,1248.0,88.8,5.6
Ford,Ecosport Sports,2013,Diesel,Manual,Second Owner,48000,21.7,1498.0,98.96,4.75
Honda,Amaze E,2014,Diesel,Manual,First Owner,27233,27.4,1498.0,98.63,4.65
Maruti,Swift Dzire,2017,Diesel,Manual,First Owner,28832,23.4,1248.0,74.0,5.2
Tata,Manza Aura,2011,Petrol,Manual,First Owner,35000,15.0,1368.0,90.0,2.25
Maruti,Ertiga ZXI,2015,Petrol,Manual,First Owner,35000,16.02,1373.0,93.7,7.0
Maruti,Vitara Brezza,2017,Diesel,Manual,First Owner,40000,24.3,1248.0,88.5,7.8
Honda,City 2017-2020,2006,Petrol,Manual,Second Owner,80000,17.7,1497.0,78.0,0.93
Mahindra,Quanto C4,2016,Diesel,Manual,Second Owner,30000,17.21,1493.0,100.0,4.03
Hyundai,i10 Era,2009,Petrol,Manual,Second Owner,50000,19.81,1086.0,68.05,2.3
Maruti,Swift Dzire,2016,Diesel,Manual,Second Owner,40000,26.59,1248.0,74.0,5.25
Maruti,Ertiga VXI,2014,Petrol,Manual,First Owner,25000,16.02,1373.0,93.7,5.6
Mahindra,XUV500 W7,2020,Diesel,Manual,First Owner,120000,15.1,2179.0,152.87,8.3
Maruti,Ritz VDi,2011,Diesel,Manual,Second Owner,60000,21.1,1248.0,73.9,2.5
Mahindra,Bolero 2011-2019,2014,Diesel,Manual,First Owner,110000,15.96,2523.0,63.0,4.5
Mahindra,Scorpio 1.99,2016,Diesel,Manual,First Owner,67000,15.4,1997.0,120.0,7.45
Ford,Figo Diesel,2010,Diesel,Manual,Second Owner,50000,20.0,1399.0,68.0,1.44
Maruti,Zen Estilo,2008,Petrol,Manual,First Owner,40000,18.2,1061.0,64.0,1.2
Tata,New Safari,2008,Diesel,Manual,Second Owner,120000,11.57,2179.0,138.1,3.0
Maruti,800 DX,1999,Petrol,Manual,First Owner,100000,16.1,796.0,37.0,0.52
Mahindra,Scorpio 2.6,2003,Diesel,Manual,First Owner,98000,10.5,2179.0,120.0,3.0
Mahindra,Bolero DI,2009,Diesel,Manual,Second Owner,150000,13.6,2523.0,63.0,2.7
Chevrolet,Sail LT,2014,Diesel,Manual,First Owner,38000,22.1,1248.0,74.0,2.6
Toyota,Etios GD,2015,Diesel,Manual,First Owner,120000,23.59,1364.0,67.05,4.75
Ford,Figo Diesel,2011,Diesel,Manual,Third Owner,103000,20.0,1399.0,68.0,3.02
Maruti,800 AC,1994,Petrol,Manual,First Owner,60000,16.1,796.0,37.0,0.45
Maruti,Vitara Brezza,2017,Diesel,Manual,First Owner,80000,24.3,1248.0,88.5,7.75
Maruti,Ertiga VDI,2015,Diesel,Manual,First Owner,50000,20.77,1248.0,88.76,7.0
Maruti,Swift VDI,2014,Diesel,Manual,First Owner,90000,25.2,1248.0,74.0,5.3
Tata,Nexon 1.5,2017,Diesel,Manual,First Owner,70000,21.5,1497.0,108.5,8.7
Hyundai,Elantra CRDi,2006,Diesel,Manual,Fourth & Above Owner,110000,14.9,1991.0,112.2,1.55
Tata,Tiago 1.2,2019,Petrol,Automatic,First Owner,30000,23.84,1199.0,83.83,5.5
Maruti,Swift Dzire,2016,Diesel,Manual,Second Owner,80000,26.59,1248.0,74.0,6.0
Maruti,Swift Dzire,2012,Diesel,Manual,Second Owner,110000,19.3,1248.0,73.9,4.3
Tata,Manza Aura,2010,Diesel,Manual,First Owner,120000,18.8,1248.0,90.0,2.46
Maruti,Zen VXi,2003,Petrol,Manual,Third Owner,120000,17.3,993.0,60.0,1.2
Hyundai,i20 Asta,2014,Petrol,Manual,Second Owner,70000,18.6,1197.0,81.83,5.65
Hyundai,Elite i20,2018,Diesel,Manual,First Owner,60000,22.54,1396.0,88.76,8.5
Maruti,Alto LXi,2006,Petrol,Manual,First Owner,90000,19.7,796.0,46.3,1.6
Fiat,Linea Classic,2014,Diesel,Manual,First Owner,142500,19.5,1248.0,75.0,3.25
Mahindra,Scorpio VLX,2011,Diesel,Manual,Third Owner,90000,12.05,2179.0,120.0,4.5
Hyundai,i10 Sportz,2015,Petrol,Manual,First Owner,50000,19.81,1086.0,68.05,3.1
Honda,Amaze S,2013,Diesel,Manual,Third Owner,90000,25.8,1498.0,98.6,2.5
Maruti,Swift Dzire,2015,Diesel,Manual,Second Owner,115000,26.59,1248.0,74.0,4.2
Hyundai,i20 Sportz,2013,Petrol,Automatic,Second Owner,150000,15.0,1396.0,98.6,3.3
Maruti,Swift VXI,2015,Petrol,Manual,Second Owner,68000,20.4,1197.0,81.8,4.05
Mahindra,Bolero 2011-2019,2013,Diesel,Manual,Second Owner,90000,15.96,2523.0,62.1,4.0
Honda,City V,2010,Petrol,Automatic,Third Owner,110000,15.6,1497.0,116.3,4.1
Mahindra,Bolero 2011-2019,2013,Diesel,Manual,Second Owner,70000,15.96,2523.0,62.1,5.0
Mahindra,XUV500 W8,2011,Diesel,Manual,Third Owner,80000,15.1,2179.0,140.0,5.9
Hyundai,i10 Era,2007,Petrol,Manual,Second Owner,100000,19.81,1086.0,68.05,1.35
Maruti,Wagon R,2004,Petrol,Manual,Second Owner,70000,18.9,998.0,67.1,0.7
Maruti,800 Std,2004,Petrol,Manual,Third Owner,77000,16.1,796.0,37.0,0.45
Maruti,Swift Dzire,2018,Diesel,Manual,First Owner,35500,28.4,1248.0,74.02,6.5
Maruti,Wagon R,2018,Petrol,Manual,First Owner,17500,20.51,998.0,67.04,4.0
Maruti,Alto K10,2017,Petrol,Manual,First Owner,27000,23.95,998.0,67.05,3.5
Hyundai,Grand i10,2017,Diesel,Manual,First Owner,60000,24.0,1186.0,73.97,5.5
Maruti,Wagon R,2016,Petrol,Manual,First Owner,25000,20.51,998.0,67.04,3.5
Maruti,Swift Dzire,2015,Diesel,Manual,First Owner,80000,26.59,1248.0,74.0,4.6
Maruti,Alto LXi,2012,Petrol,Manual,Second Owner,60000,19.7,796.0,46.3,1.85
Volkswagen,Polo Diesel,2013,Diesel,Manual,First Owner,38000,22.07,1199.0,73.9,5.5
Maruti,Wagon R,2012,LPG,Manual,Second Owner,100000,26.2,998.0,58.2,3.0
Toyota,Innova 2.5,2011,Diesel,Manual,First Owner,110000,12.8,2494.0,102.0,9.0
Honda,BR-V i-DTEC,2016,Diesel,Manual,First Owner,92000,21.9,1498.0,98.6,9.0
Mahindra,Bolero 2011-2019,2012,Diesel,Manual,Third Owner,180000,15.96,2523.0,62.1,5.5
Maruti,Baleno Zeta,2018,Petrol,Manual,First Owner,10000,21.4,1197.0,83.1,6.25
Maruti,Alto 800,2017,Petrol,Manual,Second Owner,35000,24.7,796.0,47.3,3.1
Maruti,Swift DDiS,2017,Diesel,Manual,First Owner,35000,28.4,1248.0,74.0,5.0
Hyundai,Grand i10,2016,Diesel,Manual,First Owner,23000,24.0,1120.0,70.0,6.1
Tata,Indigo CS,2012,Diesel,Manual,Third Owner,150000,19.09,1396.0,69.0,1.5
Hyundai,Xcent 1.1,2015,Diesel,Manual,First Owner,70000,24.4,1120.0,71.0,4.8
Hyundai,i20 1.2,2017,Petrol,Manual,First Owner,40000,18.6,1197.0,81.83,6.5
Hyundai,i20 1.4,2012,Diesel,Manual,Second Owner,100000,21.9,1396.0,90.0,2.9
Maruti,Alto 800,2017,Petrol,Manual,Second Owner,50000,24.7,796.0,47.3,3.0
Maruti,Swift Dzire,2010,Diesel,Manual,Fourth & Above Owner,120000,19.3,1248.0,73.9,2.7
Hyundai,Xcent 1.1,2015,Diesel,Manual,Second Owner,60000,24.4,1120.0,71.0,4.0
Maruti,Alto 800,2015,Petrol,Manual,Second Owner,28000,22.74,796.0,47.3,2.8
Maruti,Swift Dzire,2009,Petrol,Manual,Third Owner,60000,17.5,1298.0,85.8,2.5
Maruti,Swift Dzire,2012,Diesel,Manual,Second Owner,80000,19.3,1248.0,73.9,4.95
Ford,Endeavour 3.2,2018,Diesel,Automatic,First Owner,12000,10.91,3198.0,197.0,32.5
Honda,Amaze V,2019,Petrol,Manual,First Owner,4500,19.5,1199.0,88.76,7.0
Tata,Indigo eCS,2013,Diesel,Manual,First Owner,70000,25.0,1396.0,69.0,3.1
Renault,Duster 85PS,2017,Diesel,Manual,First Owner,120000,19.87,1461.0,83.8,6.5
Honda,Jazz 1.2,2015,Petrol,Automatic,First Owner,80000,19.0,1199.0,88.7,6.0
Tata,New Safari,2009,Diesel,Manual,Fourth & Above Owner,150000,11.57,2179.0,138.1,1.5
Mahindra,Renault Logan,2009,Petrol,Manual,First Owner,120000,15.7,1390.0,75.0,1.35
Maruti,Swift Dzire,2014,Diesel,Manual,First Owner,50000,23.4,1248.0,74.0,6.5
Honda,City V,2012,Petrol,Manual,First Owner,83000,16.8,1497.0,116.3,5.5
Maruti,Swift Dzire,2017,Diesel,Manual,First Owner,20000,28.4,1248.0,74.02,6.5
Toyota,Fortuner 2.8,2018,Diesel,Automatic,First Owner,49000,12.9,2755.0,174.5,29.0
Honda,Brio 1.2,2017,Petrol,Manual,First Owner,6750,18.5,1198.0,86.8,4.5
Maruti,Ciaz VXi,2015,Petrol,Manual,First Owner,26000,20.73,1373.0,91.1,6.5
Hyundai,Grand i10,2017,Petrol,Manual,First Owner,52000,17.0,1197.0,81.86,4.3
Hyundai,Creta 1.6,2017,Diesel,Automatic,First Owner,51000,17.01,1582.0,126.2,11.43
Maruti,Swift AMT,2019,Petrol,Automatic,First Owner,20000,22.0,1197.0,81.8,7.0
Maruti,Ritz VXi,2011,Petrol,Manual,First Owner,18500,18.5,1197.0,85.8,2.3
Mahindra,TUV 300,2017,Diesel,Manual,First Owner,142000,18.49,1493.0,100.0,5.1
Ford,EcoSport 1.5,2016,Petrol,Manual,First Owner,50478,15.85,1499.0,110.4,6.7
Tata,Tiago 1.2,2019,Petrol,Automatic,First Owner,9200,23.84,1199.0,83.83,5.25
Renault,Duster 85PS,2016,Diesel,Manual,First Owner,40000,19.87,1461.0,83.8,5.15
Maruti,Baleno Delta,2020,Petrol,Manual,First Owner,5000,21.01,1197.0,81.8,6.3
Datsun,RediGO A,2019,Petrol,Manual,First Owner,2300,22.7,799.0,53.64,2.7
Maruti,Alto 800,2016,Petrol,Manual,First Owner,40000,22.74,796.0,47.3,3.0
Mahindra,Xylo D2,2012,Diesel,Manual,First Owner,119000,14.0,2489.0,95.0,2.5
Maruti,Alto LX,2005,Petrol,Manual,Fourth & Above Owner,100000,19.7,796.0,46.3,0.9
Maruti,Ertiga SHVS,2017,Diesel,Manual,First Owner,100000,24.52,1248.0,88.5,7.5
Maruti,Wagon R,2009,Petrol,Manual,Second Owner,50000,18.9,1061.0,67.0,1.35
Maruti,Eeco Smiles,2013,Petrol,Manual,Second Owner,80000,15.1,1196.0,73.0,2.75
Tata,Nexon 1.2,2018,Petrol,Manual,First Owner,15000,17.0,1198.0,108.5,7.4
Honda,Amaze S,2019,Petrol,Manual,First Owner,1303,17.8,1198.0,86.7,6.9
Audi,Q5 35TDI,2018,Diesel,Automatic,First Owner,31800,17.01,1968.0,188.0,39.75
Lexus,ES 300h,2019,Petrol,Automatic,First Owner,20000,22.37,2487.0,214.56,51.5
Jaguar,XF 2.0,2017,Diesel,Automatic,First Owner,45000,19.33,1999.0,177.0,32.0
Jeep,Wrangler 2016-2019,2017,Petrol,Automatic,First Owner,17000,9.5,3604.0,280.0,41.0
Toyota,Yaris V,2018,Petrol,Manual,First Owner,4295,17.1,1496.0,105.5,10.0
Toyota,Yaris V,2018,Petrol,Manual,First Owner,5229,17.1,1496.0,105.5,10.0
Hyundai,Grand i10,2019,Petrol,Manual,First Owner,4701,20.7,1197.0,81.86,5.5
Maruti,Baleno Alpha,2016,Petrol,Manual,First Owner,6757,21.01,1197.0,81.8,6.0
Skoda,Rapid 1.6,2016,Petrol,Automatic,First Owner,28182,14.3,1598.0,103.52,6.75
Nissan,Kicks XV,2019,Petrol,Manual,First Owner,11533,14.23,1498.0,104.55,9.5
Honda,City i,2017,Petrol,Manual,First Owner,11688,17.8,1497.0,117.3,8.5
Toyota,Camry 2.5,2016,Petrol,Automatic,First Owner,68089,19.16,2494.0,157.7,20.0
Toyota,Corolla Altis,2012,Petrol,Automatic,First Owner,57728,14.53,1794.0,138.1,5.5
Maruti,Ciaz 1.3,2018,Diesel,Manual,First Owner,23712,28.09,1248.0,88.5,9.25
Ford,Ecosport 1.5,2015,Petrol,Automatic,First Owner,70670,16.5,1499.0,110.0,6.25
Maruti,Alto 800,2014,Petrol,Manual,Second Owner,43381,22.74,796.0,47.3,2.0
Honda,City i,2014,Petrol,Automatic,First Owner,79011,18.0,1497.0,117.3,6.35
Honda,Jazz VX,2016,Petrol,Manual,First Owner,56494,18.2,1199.0,88.7,5.5
Maruti,SX4 VDI,2014,Diesel,Manual,Second Owner,50000,21.79,1248.0,88.73,4.25
Maruti,Wagon R,2011,Petrol,Manual,First Owner,40000,18.9,998.0,67.1,2.2
Hyundai,Grand i10,2018,Petrol,Manual,First Owner,10000,18.9,1197.0,81.86,5.9
Mahindra,Thar CRDe,2017,Diesel,Manual,First Owner,35000,16.55,2498.0,105.0,7.75
Maruti,Ritz VXi,2015,Petrol,Manual,First Owner,58500,18.5,1197.0,85.8,3.5
Maruti,Baleno Delta,2018,Petrol,Manual,First Owner,20000,21.4,1197.0,83.1,5.75
Nissan,Micra XL,2011,Petrol,Manual,Second Owner,43500,18.06,1198.0,75.0,2.0
Tata,Hexa XT,2018,Diesel,Manual,First Owner,30000,17.6,2179.0,153.86,15.75
Ford,EcoSport 1.5,2015,Diesel,Manual,First Owner,63000,22.77,1498.0,98.59,6.0
Mahindra,Bolero 2011-2019,2016,Diesel,Manual,First Owner,35000,15.96,2523.0,62.1,7.2
Tata,Indigo eCS,2012,Diesel,Manual,Second Owner,110000,19.09,1396.0,69.0,1.58
Tata,Hexa XT,2018,Diesel,Manual,First Owner,25000,17.6,2179.0,153.86,15.75
Hyundai,Xcent 1.2,2017,Petrol,Automatic,First Owner,30000,17.36,1197.0,81.86,5.8
Mahindra,Bolero 2011-2019,2012,Diesel,Manual,First Owner,50000,15.96,2523.0,62.1,4.2
Mahindra,Marazzo M6,2018,Diesel,Manual,First Owner,35000,17.3,1497.0,121.0,12.0
Renault,KWID 1.0,2018,Petrol,Manual,First Owner,30000,23.01,999.0,67.0,3.5
Honda,City i,2014,Petrol,Manual,First Owner,56000,17.4,1497.0,117.3,6.5
Maruti,Wagon R,2017,Petrol,Manual,First Owner,12700,20.51,998.0,67.04,4.0
Tata,Nexon 1.5,2018,Diesel,Manual,First Owner,35000,21.5,1497.0,108.5,7.0
Hyundai,Xcent 1.2,2017,Petrol,Manual,First Owner,30000,19.1,1197.0,82.0,5.2
Mahindra,Scorpio LX,2012,Diesel,Manual,First Owner,120000,12.05,2179.0,120.0,4.5
Tata,Safari Storme,2017,Diesel,Manual,First Owner,100000,14.1,2179.0,147.94,8.5
Renault,KWID RXT,2017,Petrol,Manual,First Owner,34000,25.17,799.0,53.3,3.5
Mahindra,Xylo D2,2011,Diesel,Manual,First Owner,56000,13.0,2489.0,95.0,4.5
Hyundai,i10 Era,2008,Petrol,Manual,First Owner,90000,19.81,1086.0,68.05,1.65
Hyundai,Santro Xing,2010,Petrol,Manual,Second Owner,65000,17.92,1086.0,62.1,1.6
Tata,New Safari,2011,Diesel,Manual,First Owner,80000,13.93,2179.0,138.0,3.0
Mahindra,Scorpio VLX,2012,Diesel,Manual,Third Owner,90000,12.05,2179.0,120.0,5.5
Maruti,Alto K10,2015,Petrol,Manual,First Owner,40000,23.95,998.0,67.05,2.85
Hyundai,Creta 1.6,2016,Diesel,Manual,First Owner,58000,19.67,1582.0,126.2,8.5
Ford,Freestyle Titanium,2018,Petrol,Manual,First Owner,19100,19.0,1194.0,94.68,7.0
Maruti,Ertiga ZXI,2018,Petrol,Manual,First Owner,25000,19.34,1462.0,103.0,9.0
Maruti,Alto LXi,2005,Petrol,Manual,First Owner,49455,19.7,796.0,46.3,1.8
Hyundai,EON D,2016,Petrol,Manual,First Owner,100000,21.1,814.0,55.2,2.2
Tata,Indica Vista,2013,Diesel,Manual,First Owner,120000,22.3,1248.0,74.0,1.2
Hyundai,i20 Asta,2010,Petrol,Manual,Fourth & Above Owner,90000,17.0,1197.0,80.0,2.2
Chevrolet,Sail Hatchback,2013,Diesel,Manual,Second Owner,46815,22.1,1248.0,76.9,4.2
Tata,Indica Vista,2013,Diesel,Manual,First Owner,110000,19.4,1405.0,70.0,1.6
Hyundai,EON Era,2015,Petrol,Manual,First Owner,80000,21.1,814.0,55.2,2.5
Maruti,Ertiga ZDI,2013,Diesel,Manual,Third Owner,100000,20.77,1248.0,88.8,3.85
Maruti,Wagon R,2014,Petrol,Manual,First Owner,80000,20.51,998.0,67.06,3.18
Hyundai,Xcent 1.2,2018,Petrol,Manual,First Owner,40000,20.14,1197.0,81.86,4.8
Maruti,Celerio VXI,2015,Petrol,Manual,Third Owner,70000,23.1,998.0,67.04,3.3
Tata,Indica Vista,2011,Diesel,Manual,First Owner,80000,17.0,1405.0,71.0,1.52
Maruti,Alto 800,2014,Petrol,Manual,First Owner,40000,22.74,796.0,47.3,2.5
Tata,Indica Vista,2011,Diesel,Manual,First Owner,80000,17.0,1405.0,71.0,2.48
Nissan,Micra XV,2011,Petrol,Manual,Second Owner,60000,18.06,1198.0,75.0,3.0
Hyundai,i20 1.2,2017,Petrol,Manual,First Owner,50000,18.6,1197.0,81.83,5.5
Hyundai,i20 Sportz,2016,Diesel,Manual,First Owner,30000,22.54,1396.0,88.73,6.5
Hyundai,Grand i10,2017,Petrol,Manual,First Owner,25000,18.9,1197.0,82.0,4.45
Toyota,Innova 2.5,2010,Diesel,Manual,First Owner,334000,12.8,2494.0,102.0,4.5
Mahindra,NuvoSport N8,2016,Diesel,Manual,First Owner,100000,17.45,1493.0,100.0,6.0
Renault,Duster Adventure,2014,Diesel,Manual,First Owner,175000,19.01,1461.0,108.45,4.95
Maruti,SX4 ZXI,2011,Petrol,Automatic,Third Owner,65000,12.6,1586.0,103.3,2.2
Maruti,SX4 ZXI,2011,Petrol,Automatic,Third Owner,65000,12.6,1586.0,103.3,2.6
Hyundai,Santro Xing,2009,Petrol,Manual,First Owner,90000,17.92,1086.0,62.1,1.5
Ford,Figo Diesel,2011,Diesel,Manual,Second Owner,80000,20.0,1399.0,68.0,2.0
Mahindra,Scorpio S11,2018,Diesel,Manual,First Owner,110000,16.36,2179.0,140.0,14.65
Honda,Civic Hybrid,2008,Petrol,Automatic,Third Owner,60000,20.0,1339.0,108.5,2.5
Mahindra,Xylo D4,2014,Diesel,Manual,First Owner,160000,14.95,2489.0,93.7,3.1
Mahindra,Scorpio VLX,2010,Diesel,Automatic,First Owner,100875,11.79,2179.0,120.0,6.0
Maruti,Baleno Delta,2018,Petrol,Manual,First Owner,20000,21.4,1197.0,83.1,5.6
Maruti,Swift Dzire,2016,Petrol,Manual,First Owner,30000,20.85,1197.0,83.14,5.0
Hyundai,Grand i10,2013,Diesel,Manual,First Owner,118000,24.0,1120.0,70.0,2.7
Hyundai,Verna 1.6,2013,Diesel,Manual,Third Owner,69000,22.32,1582.0,126.32,4.2
Maruti,Swift Dzire,2015,Petrol,Manual,Second Owner,25000,20.85,1197.0,83.14,4.35
Hyundai,Xcent 1.2,2015,Petrol,Automatic,First Owner,100000,16.9,1197.0,81.86,4.0
Maruti,Swift Dzire,2015,Diesel,Manual,First Owner,110000,26.59,1248.0,74.0,4.7
Nissan,Terrano XL,2015,Diesel,Manual,Third Owner,60000,20.45,1461.0,83.8,4.8
Hyundai,Santro Xing,2008,Petrol,Manual,First Owner,128000,0.0,1086.0,62.0,1.05
Tata,Tiago 1.05,2017,Diesel,Manual,First Owner,120000,27.28,1047.0,69.0,3.25
Hyundai,Grand i10,2020,Petrol,Automatic,First Owner,5000,20.7,1197.0,81.86,6.75
Hyundai,i10 Sportz,2009,Petrol,Manual,Second Owner,90000,20.36,1197.0,78.9,1.7
Hyundai,Creta 1.6,2017,Diesel,Manual,First Owner,90000,19.67,1582.0,126.2,12.5
Honda,Accord 2.4,2012,Petrol,Manual,First Owner,144030,12.8,2354.0,177.6,6.0
Honda,City i,2014,Diesel,Manual,First Owner,200000,25.1,1498.0,98.6,8.2
Hyundai,i20 2015-2017,2016,Petrol,Manual,First Owner,29000,18.6,1197.0,81.83,6.5
Maruti,Wagon R,2007,LPG,Manual,Second Owner,90000,17.3,1061.0,57.5,1.05
Mahindra,Renault Logan,2009,Diesel,Manual,Second Owner,176000,17.0,1461.0,66.0,2.0
Tata,Indigo CS,2013,Diesel,Manual,First Owner,150000,19.09,1396.0,69.0,2.0
Maruti,Omni E,2016,Petrol,Manual,First Owner,90000,16.8,796.0,34.2,2.2
Volkswagen,Vento 1.6,2014,Petrol,Manual,Second Owner,70000,15.04,1598.0,103.2,5.0
Mahindra,Renault Logan,2007,Diesel,Manual,Second Owner,99000,19.2,1461.0,65.0,1.75
Tata,Tiago 1.2,2018,Petrol,Manual,First Owner,5000,23.84,1199.0,84.0,4.5
Chevrolet,Optra Magnum,2008,Diesel,Manual,Fourth & Above Owner,90000,16.52,1991.0,123.7,2.1
Maruti,Ritz VDi,2011,Diesel,Manual,Second Owner,89000,21.1,1248.0,73.9,2.7
Tata,Indica V2,2006,Diesel,Manual,Second Owner,88000,16.8,1405.0,62.0,1.1
Maruti,Swift Dzire,2015,Diesel,Manual,First Owner,30000,26.59,1248.0,74.0,4.8
Maruti,Swift Dzire,2016,Diesel,Automatic,Second Owner,50000,26.59,1248.0,74.0,6.5
Maruti,Swift Dzire,2013,Diesel,Manual,First Owner,80000,23.4,1248.0,74.0,4.8
Hyundai,i20 Asta,2016,Diesel,Manual,First Owner,40000,22.54,1396.0,88.73,7.0
Maruti,Ertiga VDI,2015,Diesel,Manual,Third Owner,110000,20.77,1248.0,88.76,6.5
Hyundai,Creta 1.6,2015,Diesel,Manual,Second Owner,48000,19.67,1582.0,126.2,13.0
Volkswagen,Jetta 2.0L,2016,Diesel,Automatic,First Owner,97000,16.96,1968.0,138.03,13.5
Volkswagen,Vento 1.5,2016,Diesel,Automatic,First Owner,60000,22.15,1498.0,108.6,10.0
Mercedes-Benz,M-Class ML,2011,Diesel,Automatic,Third Owner,110000,0.0,2987.0,165.0,17.0
Toyota,Yaris V,2018,Petrol,Automatic,First Owner,12800,17.8,1496.0,105.5,10.8
Hyundai,EON D,2012,Petrol,Manual,First Owner,40000,21.1,814.0,55.2,1.7
Maruti,Swift DDiS,2017,Diesel,Manual,First Owner,49000,28.4,1248.0,74.0,6.1
Maruti,Ritz VXi,2014,Petrol,Manual,First Owner,25000,18.5,1197.0,85.8,3.5
Maruti,Alto 800,2016,Petrol,Manual,Second Owner,65000,22.74,796.0,47.3,2.6
Fiat,Linea 1.3,2015,Diesel,Manual,First Owner,20000,20.4,1248.0,91.7,7.0
Volkswagen,Polo 2015-2019,2018,Petrol,Manual,First Owner,17000,18.78,999.0,75.0,6.78
Maruti,SX4 S,2015,Diesel,Manual,First Owner,15000,23.65,1248.0,88.5,8.0
Toyota,Etios GD,2014,Diesel,Manual,Second Owner,120000,23.59,1364.0,67.04,4.0
Hyundai,i20 Magna,2010,Petrol,Manual,First Owner,49000,18.5,1197.0,80.0,3.0
Hyundai,i20 2015-2017,2016,Petrol,Manual,First Owner,29000,18.6,1197.0,81.83,5.2
Nissan,Terrano XV,2017,Diesel,Automatic,First Owner,55000,19.61,1461.0,108.5,8.5
Mahindra,Marazzo M8,2019,Diesel,Manual,First Owner,5000,17.3,1497.0,121.0,14.6
Tata,Nexon 1.5,2017,Diesel,Manual,First Owner,35000,21.5,1497.0,108.5,8.3
Datsun,GO T,2018,Petrol,Manual,Second Owner,5000,20.63,1198.0,67.0,4.3
Ford,EcoSport 1.5,2017,Diesel,Manual,First Owner,60000,22.77,1498.0,98.59,8.5
Maruti,Swift Dzire,2017,Petrol,Manual,First Owner,70000,20.85,1197.0,83.14,6.5
Hyundai,Verna CRDi,2008,Diesel,Manual,Second Owner,120000,16.8,1493.0,110.0,1.2
Mahindra,TUV 300,2016,Diesel,Manual,Second Owner,65100,18.49,1493.0,100.0,7.3
Maruti,Ignis 1.2,2019,Petrol,Automatic,First Owner,20000,20.89,1197.0,81.8,5.25
Hyundai,i20 Active,2015,Diesel,Manual,First Owner,108000,21.19,1396.0,88.73,6.0
Maruti,Swift LXI,2019,Petrol,Manual,First Owner,15000,21.21,1197.0,81.8,5.0
Hyundai,Santro Xing,2009,Petrol,Manual,First Owner,77000,17.92,1086.0,62.1,1.5
Maruti,Wagon R,2015,Petrol,Manual,First Owner,18500,20.51,998.0,67.04,4.1
Mahindra,TUV 300,2016,Diesel,Manual,First Owner,120000,18.49,1493.0,100.0,6.25
Renault,KWID RXT,2015,Petrol,Manual,First Owner,15200,25.17,799.0,53.3,2.9
Honda,Mobilio V,2015,Petrol,Manual,First Owner,35000,17.3,1497.0,117.3,5.0
Hyundai,Verna 1.6,2011,Diesel,Manual,First Owner,80000,22.32,1582.0,126.32,4.75
Hyundai,EON Era,2013,Petrol,Manual,First Owner,70000,21.1,814.0,55.2,1.9
Mahindra,XUV500 W6,2014,Diesel,Manual,Second Owner,80000,15.1,2179.0,140.0,7.5
Nissan,Terrano XV,2014,Diesel,Manual,Second Owner,120000,19.01,1461.0,108.5,5.25
Chevrolet,Cruze LTZ,2012,Diesel,Manual,Third Owner,82000,17.3,1998.0,163.7,4.95
Jaguar,XE 2016-2019,2017,Diesel,Automatic,First Owner,9000,13.6,1999.0,177.0,26.25
Lexus,ES 300h,2019,Petrol,Automatic,First Owner,20000,22.37,2487.0,214.56,51.5
Jaguar,XF 2.0,2017,Diesel,Automatic,First Owner,45000,19.33,1999.0,177.0,32.0
Tata,Safari Storme,2015,Diesel,Manual,First Owner,110000,14.1,2179.0,147.94,5.03
Volvo,XC40 D4,2019,Diesel,Automatic,First Owner,20000,18.0,1969.0,190.0,38.0
Toyota,Camry 2.5,2016,Petrol,Automatic,First Owner,68089,19.16,2494.0,157.7,20.0
Maruti,Wagon R,2013,Petrol,Manual,First Owner,58343,21.79,998.0,67.05,2.25
Maruti,Baleno Alpha,2018,Diesel,Manual,First Owner,38817,27.39,1248.0,74.0,7.4
Honda,Jazz VX,2016,Petrol,Manual,First Owner,56494,18.2,1199.0,88.7,5.5
Toyota,Innova 2.5,2013,Diesel,Manual,Second Owner,79328,12.99,2494.0,100.6,7.5
Maruti,Swift AMT,2019,Petrol,Automatic,First Owner,5621,22.0,1197.0,81.8,6.5
Toyota,Etios VX,2017,Petrol,Manual,First Owner,25538,16.78,1496.0,88.73,6.25
Maruti,Swift AMT,2018,Petrol,Automatic,First Owner,69779,22.0,1197.0,81.8,6.0
Hyundai,Grand i10,2017,Diesel,Manual,First Owner,56290,24.0,1186.0,73.97,4.5
BMW,X4 M,2019,Diesel,Automatic,First Owner,7500,16.78,1995.0,190.0,54.0
BMW,X4 M,2019,Diesel,Automatic,First Owner,8500,16.78,1995.0,190.0,55.0
Honda,Amaze V,2019,Petrol,Automatic,First Owner,7032,19.0,1199.0,88.76,7.79
Skoda,Rapid 1.6,2016,Petrol,Automatic,First Owner,11000,14.3,1598.0,103.5,6.45
Volvo,V40 D3,2018,Diesel,Automatic,First Owner,2000,16.8,1984.0,150.0,24.75
Honda,City 1.5,2010,Petrol,Automatic,Second Owner,60000,16.8,1497.0,118.0,3.21
Toyota,Etios Liva,2017,Petrol,Manual,First Owner,50000,17.71,1197.0,78.9,5.85
Ford,Figo Diesel,2011,Diesel,Manual,First Owner,70000,20.0,1399.0,68.0,2.25
Honda,Amaze E,2017,Diesel,Manual,First Owner,70000,25.8,1498.0,98.6,5.0
Hyundai,i20 1.4,2011,Diesel,Manual,Third Owner,90000,23.0,1396.0,90.0,3.5
Maruti,Ertiga SHVS,2016,Diesel,Manual,Second Owner,70000,24.52,1248.0,88.5,7.56
Maruti,Alto 800,2014,Petrol,Manual,First Owner,50000,22.74,796.0,47.3,2.4
Maruti,Omni 8,2012,Petrol,Manual,Second Owner,120000,19.7,796.0,35.0,0.8
Hyundai,i20 Active,2019,Petrol,Manual,First Owner,5000,17.19,1197.0,81.86,8.0
Tata,Hexa XE,2018,Diesel,Manual,First Owner,25000,17.6,2179.0,147.94,12.5
Mahindra,Scorpio VLS,2009,Diesel,Manual,Third Owner,80000,12.05,2179.0,120.0,3.2
Hyundai,Grand i10,2017,Petrol,Manual,First Owner,25000,18.9,1197.0,82.0,5.1
Tata,Zest Quadrajet,2019,Diesel,Manual,First Owner,15000,22.95,1248.0,74.0,6.5
Maruti,Alto K10,2011,Petrol,Manual,Second Owner,35000,20.92,998.0,67.1,2.1
Maruti,Alto LXi,2008,Petrol,Manual,Second Owner,80000,19.7,796.0,46.3,1.1
Tata,Nexon 1.5,2017,Diesel,Manual,First Owner,25000,21.5,1497.0,108.5,6.65
Volkswagen,Ameo 1.5,2017,Diesel,Manual,First Owner,52000,21.66,1498.0,108.62,5.55
Volkswagen,Ameo 1.5,2017,Diesel,Manual,First Owner,52000,21.66,1498.0,108.62,5.6
Mahindra,KUV 100,2016,Diesel,Manual,First Owner,80000,25.32,1198.0,77.0,3.75
Toyota,Fortuner 2.8,2017,Diesel,Automatic,First Owner,50000,15.04,2755.0,174.5,29.5
Maruti,Swift Dzire,2017,Diesel,Manual,First Owner,127000,28.4,1248.0,74.02,6.05
Honda,WR-V i-VTEC,2017,Petrol,Manual,First Owner,30000,17.5,1199.0,88.7,7.2
Maruti,Ertiga SHVS,2017,Diesel,Manual,First Owner,70000,24.52,1248.0,88.5,8.0
Mahindra,XUV500 W10,2017,Diesel,Manual,First Owner,54000,16.0,2179.0,140.0,13.25
Mitsubishi,Pajero 2.8,2011,Diesel,Manual,Second Owner,120000,10.5,2835.0,116.9,6.25
Hyundai,i20 1.4,2011,Diesel,Manual,First Owner,116500,23.0,1396.0,90.0,3.5
Toyota,Innova 2.5,2012,Diesel,Manual,Second Owner,145000,12.99,2494.0,100.0,6.0
Hyundai,i20 Sportz,2012,Petrol,Manual,First Owner,120000,18.5,1197.0,82.85,3.0
Tata,New Safari,2011,Diesel,Manual,First Owner,120000,13.93,2179.0,138.1,2.4
Ford,Figo 1.5D,2016,Diesel,Manual,First Owner,80000,25.83,1498.0,99.0,3.77
Maruti,Ertiga VXI,2013,Petrol,Manual,First Owner,140000,16.02,1373.0,93.7,4.5
Hyundai,Verna Xi,2008,Petrol,Manual,Fourth & Above Owner,100000,13.9,1599.0,103.2,1.6
Hyundai,Xcent 1.2,2019,Petrol,Manual,First Owner,100000,20.14,1197.0,81.86,5.25
Toyota,Innova 2.5,2011,Diesel,Manual,Second Owner,168000,12.8,2494.0,102.0,5.5
Chevrolet,Cruze LTZ,2010,Diesel,Manual,Third Owner,120000,18.3,1991.0,147.9,2.7
Toyota,Etios GD,2016,Diesel,Manual,Second Owner,145000,23.59,1364.0,67.05,5.7
Ford,Figo Diesel,2011,Diesel,Manual,Second Owner,90000,20.0,1399.0,68.0,2.25
Hyundai,Xcent 1.2,2019,Petrol,Manual,First Owner,90000,20.14,1197.0,81.86,5.9
Jeep,Compass 2.0,2018,Diesel,Manual,First Owner,80000,17.1,1956.0,170.0,16.75
Ford,Aspire Titanium,2019,Petrol,Manual,First Owner,33000,19.4,1194.0,94.93,8.0
Chevrolet,Sail 1.2,2014,Petrol,Manual,First Owner,13500,18.2,1199.0,82.4,4.5
Tata,Indigo LX,2012,Diesel,Manual,First Owner,80000,17.0,1405.0,70.0,3.0
Hyundai,i20 1.2,2017,Petrol,Manual,First Owner,20000,18.6,1197.0,81.83,6.45
Maruti,Swift Dzire,2013,Diesel,Manual,First Owner,58000,23.4,1248.0,74.0,5.2
Hyundai,EON Magna,2013,Petrol,Manual,First Owner,40000,21.1,814.0,55.2,2.0
Honda,City i,2015,Petrol,Manual,First Owner,30000,17.4,1497.0,117.3,7.0
Maruti,800 AC,2000,Petrol,Manual,Second Owner,50000,16.1,796.0,37.0,0.45
Ford,Figo Aspire,2016,Diesel,Manual,First Owner,73000,25.83,1498.0,99.0,4.6
Maruti,Ritz VDi,2014,Diesel,Manual,Second Owner,90000,23.2,1248.0,73.94,3.25
Maruti,Wagon R,2015,Petrol,Manual,Second Owner,50000,20.51,998.0,67.04,3.5
Hyundai,Verna 1.6,2011,Diesel,Manual,Third Owner,80000,22.32,1582.0,126.3,4.4
Hyundai,i20 1.4,2011,Diesel,Manual,Second Owner,70000,21.9,1396.0,90.0,3.2
Chevrolet,Spark 1.0,2011,Petrol,Manual,First Owner,41000,18.0,995.0,62.0,1.69
Volkswagen,Polo Petrol,2013,Petrol,Manual,Fourth & Above Owner,50000,16.47,1198.0,73.9,3.5
Ford,Classic 1.4,2014,Diesel,Manual,First Owner,113226,19.68,1399.0,67.0,3.5
Ford,Figo Diesel,2013,Diesel,Manual,Second Owner,90000,20.0,1399.0,68.1,3.1
Mahindra,Scorpio M2DI,2010,Diesel,Manual,Fourth & Above Owner,160500,13.5,2179.0,115.0,4.2
Maruti,Ciaz AT,2015,Petrol,Automatic,First Owner,30000,19.12,1373.0,91.1,6.85
Renault,Duster 4x4,2014,Diesel,Manual,Second Owner,132000,19.72,1461.0,108.45,5.6
Maruti,Swift VDI,2013,Diesel,Manual,Third Owner,120000,22.9,1248.0,74.0,4.7
Hyundai,Verna Transform,2011,Petrol,Manual,Second Owner,80000,16.2,1599.0,103.2,3.8
Mahindra,Scorpio 1.99,2015,Diesel,Manual,Second Owner,57000,15.4,1997.0,120.0,6.7
Maruti,Swift Dzire,2018,Petrol,Manual,First Owner,5000,22.0,1197.0,81.8,5.5
Hyundai,Verna 1.6,2016,Petrol,Manual,First Owner,25000,17.01,1591.0,121.3,7.49
Hyundai,Creta 1.6,2015,Diesel,Manual,Second Owner,80000,19.67,1582.0,126.2,8.99
Chevrolet,Optra Magnum,2011,Diesel,Manual,Third Owner,88000,16.52,1991.0,123.7,2.9
Toyota,Innova 2.5,2014,Diesel,Manual,Second Owner,217000,12.99,2494.0,100.6,8.7
Datsun,GO Plus,2015,Petrol,Manual,First Owner,60000,20.62,1198.0,67.0,3.5
Maruti,Swift Dzire,2017,Petrol,Manual,First Owner,43000,20.85,1197.0,83.14,5.0
Skoda,Rapid 1.5,2014,Diesel,Automatic,Second Owner,77000,21.66,1498.0,103.6,4.0
Renault,KWID RXT,2016,Petrol,Manual,First Owner,30000,25.17,799.0,53.3,2.6
Maruti,Alto 800,2015,Petrol,Manual,Second Owner,40000,22.74,796.0,47.3,2.2
Chevrolet,Enjoy TCDi,2014,Diesel,Manual,Second Owner,139000,18.2,1248.0,73.8,1.9
Hyundai,Grand i10,2016,Petrol,Manual,First Owner,80000,18.9,1197.0,82.0,4.0
Chevrolet,Beat Diesel,2014,Diesel,Manual,Second Owner,76000,25.44,936.0,56.3,1.7
Hyundai,Elite i20,2019,Petrol,Manual,First Owner,3500,18.6,1197.0,81.86,6.5
Maruti,800 AC,2007,Petrol,Manual,Second Owner,62000,16.1,796.0,37.0,0.6
Tata,New Safari,2007,Petrol,Manual,Second Owner,110000,12.0,2092.0,127.0,3.0
Chevrolet,Spark 1.0,2012,Petrol,Manual,Second Owner,40000,16.2,995.0,62.1,1.25
Maruti,Alto LX,2011,Petrol,Manual,Third Owner,70000,19.7,796.0,46.3,1.7
Maruti,Swift Dzire,2012,Diesel,Manual,Second Owner,77000,19.3,1248.0,73.9,3.1
Chevrolet,Spark 1.0,2011,Petrol,Manual,Second Owner,110000,18.0,995.0,62.0,1.3
Maruti,Wagon R,2016,Petrol,Manual,First Owner,20000,20.51,998.0,67.04,4.65
Mercedes-Benz,E-Class E270,2005,Diesel,Automatic,Second Owner,120005,11.0,2987.0,198.5,8.0
Maruti,Alto K10,2012,Petrol,Manual,First Owner,16830,20.2,998.0,67.1,2.6
Mahindra,Bolero 2011-2019,2013,Diesel,Manual,First Owner,70000,15.96,2523.0,63.0,5.0
Renault,KWID 1.0,2017,Petrol,Manual,First Owner,38000,23.01,999.0,67.0,3.25
Mahindra,Bolero 2011-2019,2013,Diesel,Manual,First Owner,80000,15.96,2523.0,63.0,4.0
Toyota,Fortuner 2.8,2018,Diesel,Manual,First Owner,50000,14.24,2755.0,174.5,32.0
Tata,Indica V2,2007,Diesel,Manual,First Owner,50000,17.88,1396.0,52.8,2.0
Mahindra,Quanto C2,2013,Diesel,Manual,First Owner,52000,17.21,1493.0,100.0,4.5
Tata,Indigo V,2012,Diesel,Manual,First Owner,50000,17.0,1405.0,70.0,2.3
Hyundai,EON Magna,2016,Petrol,Manual,First Owner,30000,21.1,814.0,55.2,3.4
Mahindra,Bolero 2011-2019,2014,Diesel,Manual,First Owner,103000,15.96,2523.0,62.1,5.5
Ford,Endeavour 3.0L,2011,Diesel,Automatic,Second Owner,93468,11.4,2953.0,153.86,9.75
Volvo,XC40 D4,2019,Diesel,Automatic,First Owner,20000,18.0,1969.0,190.0,38.0
Volkswagen,Jetta 1.6,2010,Petrol,Manual,Second Owner,80000,14.0,1595.0,102.0,2.25
Ford,Endeavour 3.2,2018,Diesel,Automatic,First Owner,12000,10.91,3198.0,197.0,32.5
Tata,Indigo eCS,2013,Diesel,Manual,First Owner,70000,25.0,1396.0,69.0,2.8
Honda,Amaze V,2019,Petrol,Manual,First Owner,4500,19.5,1199.0,88.76,7.0
Tata,Indigo CS,2012,Diesel,Manual,First Owner,35000,23.03,1396.0,69.0,2.59
Toyota,Fortuner 2.8,2018,Diesel,Automatic,First Owner,60000,15.04,2755.0,174.5,32.0
Mahindra,XUV500 W10,2018,Diesel,Manual,First Owner,30000,16.0,1997.0,140.0,14.0
Ford,Figo 1.5P,2015,Petrol,Automatic,First Owner,40000,17.01,1499.0,110.4,4.16
Tata,Manza ELAN,2011,Diesel,Manual,First Owner,70000,19.0,1248.0,90.0,2.5
Tata,Manza Aura,2010,Diesel,Manual,First Owner,120000,21.12,1248.0,88.8,2.1
Mahindra,Scorpio VLX,2008,Diesel,Manual,Second Owner,120000,12.05,2179.0,120.0,2.9
Tata,Indigo CS,2012,Diesel,Manual,First Owner,90000,23.03,1396.0,69.0,2.2
Tata,Indigo eCS,2012,Diesel,Manual,Second Owner,35000,23.03,1396.0,69.0,2.46
Maruti,Omni E,2018,Petrol,Manual,First Owner,30000,16.8,796.0,34.2,2.6
Hyundai,Creta 1.4,2018,Diesel,Manual,First Owner,70000,21.38,1396.0,88.7,10.5
Tata,Manza Club,2012,Diesel,Manual,First Owner,60000,21.02,1248.0,88.76,2.9
Tata,Indigo eCS,2013,Diesel,Manual,First Owner,70000,25.0,1396.0,69.0,3.1
Hyundai,i20 1.2,2018,Petrol,Manual,First Owner,6000,18.6,1197.0,81.83,7.0
Maruti,Swift VXI,2016,Petrol,Manual,First Owner,20000,20.4,1197.0,81.8,5.5
Tata,Indigo CS,2017,Diesel,Manual,First Owner,70000,19.09,1405.0,69.01,4.5
Honda,City i,2016,Petrol,Manual,First Owner,65000,17.8,1497.0,117.3,7.73
Tata,Tiago 1.2,2017,Petrol,Manual,First Owner,25000,23.84,1199.0,84.0,4.5
Maruti,Eeco 5,2019,Petrol,Manual,First Owner,10000,15.37,1196.0,73.0,4.1
Maruti,800 Std,2003,Petrol,Manual,Fourth & Above Owner,35000,16.1,796.0,37.0,0.45
Nissan,Teana XL,2014,Petrol,Automatic,Second Owner,80000,11.07,2496.0,179.5,6.0
Chevrolet,Beat LT,2010,Petrol,Manual,First Owner,63000,18.6,1199.0,79.4,2.5
Tata,Indica V2,2008,Diesel,Manual,First Owner,100000,16.8,1405.0,62.0,0.7
Honda,Amaze S,2019,Petrol,Manual,First Owner,1303,17.8,1198.0,86.7,6.9
Audi,Q5 35TDI,2018,Diesel,Automatic,First Owner,31800,17.01,1968.0,188.0,39.75
Lexus,ES 300h,2019,Petrol,Automatic,First Owner,20000,22.37,2487.0,214.56,51.5
Jaguar,XF 2.0,2017,Diesel,Automatic,First Owner,45000,19.33,1999.0,177.0,32.0
Jeep,Wrangler 2016-2019,2017,Petrol,Automatic,First Owner,17000,9.5,3604.0,280.0,41.0
Toyota,Yaris V,2018,Petrol,Manual,First Owner,4295,17.1,1496.0,105.5,10.0
Toyota,Yaris V,2018,Petrol,Manual,First Owner,5229,17.1,1496.0,105.5,10.0
Toyota,Camry 2.5,2016,Petrol,Automatic,First Owner,68089,19.16,2494.0,157.7,20.0
Maruti,Ciaz 1.3,2018,Diesel,Manual,First Owner,23712,28.09,1248.0,88.5,9.25
Honda,Jazz VX,2016,Petrol,Manual,First Owner,56494,18.2,1199.0,88.7,5.5
Maruti,Wagon R,2018,Petrol,Manual,First Owner,16589,20.51,998.0,67.04,4.3
Toyota,Innova 2.5,2013,Diesel,Manual,Second Owner,79328,12.99,2494.0,100.6,7.5
Honda,City i,2016,Petrol,Manual,Second Owner,53201,17.8,1497.0,117.3,6.75
Maruti,Baleno Delta,2017,Petrol,Manual,First Owner,25272,21.01,1197.0,81.8,5.7
Maruti,Vitara Brezza,2017,Diesel,Manual,First Owner,53619,24.3,1248.0,88.5,8.5
BMW,X4 M,2019,Diesel,Automatic,First Owner,7500,16.78,1995.0,190.0,54.0
BMW,X4 M,2019,Diesel,Automatic,First Owner,8500,16.78,1995.0,190.0,55.0
Honda,Amaze V,2019,Petrol,Automatic,First Owner,7032,19.0,1199.0,88.76,7.79
Ford,Ecosport 1.5,2018,Petrol,Manual,First Owner,6001,15.9,1496.0,120.69,6.4
Tata,Indigo CS,2013,Diesel,Manual,First Owner,80000,19.09,1405.0,69.01,2.5
Renault,Duster 110PS,2018,Diesel,Manual,First Owner,12000,19.6,1461.0,108.45,12.5
Ford,EcoSport 1.5,2017,Petrol,Manual,First Owner,25000,17.0,1497.0,121.31,8.89
Hyundai,i20 2015-2017,2017,Diesel,Manual,Second Owner,40000,22.54,1396.0,88.73,7.5
Maruti,Swift Ldi,2010,Diesel,Manual,Third Owner,130000,17.8,1248.0,75.0,3.2
Skoda,Yeti Ambition,2011,Diesel,Manual,First Owner,202000,17.67,1968.0,138.08,6.0
Maruti,Ciaz S,2018,Diesel,Manual,First Owner,40000,28.09,1248.0,88.5,10.0
Maruti,Zen LX,2000,Petrol,Manual,Fourth & Above Owner,70000,17.3,993.0,60.0,1.1
Honda,City 2017-2020,2008,Petrol,Manual,Second Owner,120000,17.7,1497.0,78.0,2.5
Maruti,Swift Dzire,2015,Diesel,Manual,First Owner,60000,26.59,1248.0,74.0,6.0
Maruti,Zen Estilo,2009,Petrol,Manual,First Owner,60000,19.0,998.0,67.1,1.65
Maruti,Alto LXI,2004,Petrol,Manual,Second Owner,60000,19.7,796.0,46.3,1.18
Maruti,Baleno Delta,2016,Diesel,Manual,First Owner,78000,27.39,1248.0,74.0,7.0
Renault,Duster 85PS,2013,Diesel,Manual,Second Owner,80000,20.46,1461.0,83.8,5.85
Maruti,Alto LXi,2006,Petrol,Manual,Fourth & Above Owner,120000,19.7,796.0,46.3,1.2
Maruti,800 Std,2003,Petrol,Manual,Fourth & Above Owner,90000,16.1,796.0,37.0,0.65
Maruti,Alto LX,2006,Petrol,Manual,Second Owner,100000,19.7,796.0,46.3,1.5
Maruti,Alto Std,2009,Petrol,Manual,Fourth & Above Owner,70000,19.7,796.0,46.3,1.5
Hyundai,Accent VIVA,2004,Diesel,Manual,Third Owner,160000,13.1,1493.0,82.0,1.7
Mahindra,Scorpio 2.6,2006,Diesel,Manual,Third Owner,120000,10.5,2179.0,120.0,2.5
Hyundai,Accent CRDi,2005,Diesel,Manual,Third Owner,100000,13.1,1493.0,82.0,1.0
Maruti,Ertiga VDI,2013,Diesel,Manual,Second Owner,60000,20.77,1248.0,88.76,5.99
Chevrolet,Cruze LTZ,2010,Diesel,Manual,Third Owner,135000,18.3,1991.0,147.9,2.5
Maruti,Swift VXI,2016,Petrol,Manual,First Owner,90000,20.4,1197.0,81.8,5.7
Volkswagen,Polo Diesel,2013,Diesel,Manual,Second Owner,75000,22.07,1199.0,73.9,4.4
Toyota,Innova 2.5,2005,Diesel,Manual,Second Owner,185000,11.4,2494.0,100.6,3.0
Nissan,Micra XV,2015,Petrol,Automatic,Second Owner,71717,19.34,1198.0,76.0,3.0
Mahindra,Scorpio VLX,2011,Diesel,Automatic,Second Owner,150000,11.79,2179.0,120.0,5.0
Maruti,Swift Dzire,2016,Diesel,Manual,First Owner,55000,26.59,1248.0,74.0,6.6
Ford,Fiesta Classic,2012,Petrol,Manual,Second Owner,90000,15.3,1596.0,99.6,2.56
Renault,KWID 1.0,2018,Petrol,Manual,First Owner,35000,23.01,999.0,67.0,4.1
Toyota,Fortuner 4x4,2015,Diesel,Manual,Second Owner,120000,12.55,2982.0,168.5,18.88
Hyundai,Santro Xing,2011,LPG,Manual,Second Owner,100000,13.45,1086.0,62.1,2.5
Honda,Civic 1.8,2009,Petrol,Automatic,Third Owner,40000,12.9,1799.0,130.0,2.8
Mahindra,Xylo D2,2010,Diesel,Manual,First Owner,100000,13.0,2489.0,95.0,3.0
Tata,Safari Storme,2016,Diesel,Manual,First Owner,120000,14.1,2179.0,147.94,9.0
Maruti,Zen Estilo,2014,Petrol,Manual,First Owner,60000,19.0,998.0,67.1,1.9
Mahindra,Bolero Power,2019,Diesel,Manual,First Owner,2000,15.96,2523.0,63.0,8.0
Mahindra,Scorpio EX,2012,Diesel,Manual,First Owner,100000,14.0,2523.0,75.0,4.5
Mahindra,Xylo D2,2015,Diesel,Manual,First Owner,110000,14.95,2489.0,93.7,4.0
Tata,New Safari,2009,Diesel,Manual,Second Owner,90000,13.93,2179.0,138.1,1.5
Tata,Indigo CR4,2011,Diesel,Manual,First Owner,84321,23.57,1396.0,70.0,2.0
Mahindra,XUV500 W8,2013,Diesel,Manual,First Owner,177000,15.1,2179.0,140.0,6.0
Tata,Indica Vista,2010,Diesel,Manual,First Owner,60000,18.0,1248.0,75.0,1.75
Tata,Indigo CS,2008,Diesel,Manual,Second Owner,205000,19.09,1396.0,69.0,0.99
Hyundai,i10 Asta,2008,Petrol,Manual,Second Owner,70000,20.36,1197.0,78.9,2.15
Renault,Duster 110PS,2013,Diesel,Manual,Second Owner,126000,19.01,1461.0,108.45,5.2
Ford,Endeavour 3.2,2016,Diesel,Automatic,Second Owner,120000,10.91,3198.0,197.0,22.8
Tata,Indica Vista,2015,Diesel,Manual,First Owner,70000,19.1,1405.0,70.0,2.85
Mahindra,TUV 300,2017,Diesel,Manual,First Owner,82000,18.49,1493.0,100.0,6.6
Maruti,800 Std,2004,Petrol,Manual,Third Owner,110000,16.1,796.0,37.0,0.32
Maruti,Swift Dzire,2015,Petrol,Manual,Second Owner,45000,20.85,1197.0,83.14,5.15
Nissan,Sunny Diesel,2012,Diesel,Manual,Second Owner,70000,21.64,1461.0,84.8,2.95
Nissan,Terrano XL,2015,Diesel,Manual,Second Owner,80000,20.45,1461.0,83.8,7.0
Mahindra,Scorpio Intelli,2017,Diesel,Manual,First Owner,45000,15.4,2179.0,120.0,11.0
Hyundai,EON 1.0,2017,Petrol,Manual,First Owner,60000,20.3,998.0,68.05,3.0
Maruti,Swift VXI,2013,Petrol,Manual,First Owner,41800,18.6,1197.0,85.8,4.5
Maruti,Swift Dzire,2017,Diesel,Manual,Second Owner,50000,28.4,1248.0,74.02,7.0
Ford,Figo Diesel,2012,Diesel,Manual,First Owner,40000,20.0,1399.0,68.0,2.5
Maruti,Wagon R,2009,Petrol,Manual,Second Owner,96000,18.9,1061.0,67.0,1.4
Mahindra,Xylo D4,2012,Diesel,Manual,First Owner,117000,14.0,2498.0,112.0,2.5
Hyundai,i10 Era,2011,Petrol,Manual,Second Owner,110000,19.81,1086.0,68.05,2.1
Honda,Amaze S,2014,Diesel,Manual,Second Owner,100000,25.8,1498.0,98.6,4.2
Maruti,Alto LXi,2007,Petrol,Manual,Third Owner,88700,19.7,796.0,46.3,1.3
Nissan,Sunny XL,2012,Petrol,Manual,Second Owner,70000,16.95,1498.0,97.7,3.2
Maruti,Wagon R,2010,Petrol,Manual,Second Owner,110000,17.3,1061.0,64.0,2.0
Maruti,Alto 800,2016,Petrol,Manual,First Owner,15000,22.74,796.0,47.3,3.1
Mahindra,Verito 1.5,2012,Diesel,Manual,Second Owner,80000,20.8,1461.0,65.0,2.0
Maruti,Ritz VXi,2014,Petrol,Manual,First Owner,50000,18.5,1197.0,85.8,3.5
Hyundai,EON Sportz,2018,Petrol,Manual,First Owner,15000,21.1,814.0,55.2,4.44
Datsun,RediGO T,2017,Petrol,Manual,First Owner,25000,22.7,799.0,53.64,3.0
Mahindra,Verito 1.5,2011,Diesel,Manual,Second Owner,57000,21.0,1461.0,64.1,2.25
Mahindra,Bolero 2011-2019,2012,Diesel,Manual,First Owner,75000,15.96,2523.0,62.1,6.0
Maruti,Eeco 5,2013,Petrol,Manual,First Owner,26000,15.37,1196.0,73.0,2.6
Hyundai,Xcent 1.1,2015,Diesel,Manual,First Owner,160000,24.4,1120.0,71.01,3.75
Maruti,Eeco 5,2013,Petrol,Manual,First Owner,26000,15.37,1196.0,73.0,2.6
Maruti,Alto LXi,2010,Petrol,Manual,Second Owner,120000,19.7,796.0,46.3,1.5
Maruti,Alto LXi,2014,Petrol,Manual,Second Owner,50000,19.7,796.0,46.3,1.1
Maruti,Alto LX,2012,Petrol,Manual,First Owner,40000,19.7,796.0,46.3,2.25
Honda,City i,2017,Petrol,Manual,First Owner,28000,17.8,1497.0,117.3,8.6
Maruti,Swift Dzire,2018,Diesel,Manual,First Owner,50000,28.4,1248.0,74.02,6.5
Maruti,Ertiga ZDI,2014,Diesel,Manual,First Owner,90000,20.77,1248.0,88.8,6.5
Hyundai,Verna 1.4,2016,Diesel,Manual,First Owner,40000,24.8,1396.0,88.7,7.1
Ford,Figo 1.5D,2017,Diesel,Manual,First Owner,113000,25.83,1498.0,99.0,4.3
Maruti,Swift Vdi,2011,Diesel,Manual,Second Owner,188000,17.8,1248.0,75.0,3.05
Ford,Figo Diesel,2011,Diesel,Manual,First Owner,100000,20.0,1399.0,68.0,2.2
Tata,Sumo MKII,2010,Diesel,Manual,Third Owner,225000,14.0,1948.0,90.0,1.5
Mahindra,TUV 300,2017,Diesel,Manual,Second Owner,67000,18.49,1493.0,100.0,6.6
Chevrolet,Beat Diesel,2011,Diesel,Manual,Fourth & Above Owner,70000,25.44,936.0,57.6,1.4
Toyota,Corolla Altis,2015,Petrol,Manual,First Owner,50000,14.28,1798.0,138.03,11.0
Jaguar,XF 2.2,2013,Diesel,Automatic,First Owner,60000,16.36,2179.0,187.7,24.5
Volkswagen,Ameo 1.5,2017,Diesel,Automatic,First Owner,34000,22.0,1498.0,108.495,6.25
Honda,City 1.5,2004,Petrol,Manual,Third Owner,110000,12.8,1493.0,100.0,1.98
Maruti,Wagon R,2005,Petrol,Manual,Second Owner,140000,18.9,998.0,67.1,1.3
Honda,City Corporate,2012,Petrol,Manual,Second Owner,100000,16.8,1497.0,116.3,5.4
Hyundai,Grand i10,2017,Petrol,Automatic,First Owner,10000,18.9,1197.0,81.86,5.5
Maruti,Celerio ZXI,2018,Petrol,Manual,First Owner,30000,21.63,998.0,67.04,4.75
Audi,Q3 2.0,2017,Diesel,Automatic,First Owner,22000,15.73,1968.0,174.33,28.25
Honda,Civic ZX,2020,Diesel,Manual,First Owner,5500,26.8,1597.0,118.0,21.25
BMW,X1 sDrive20d,2018,Diesel,Automatic,First Owner,18000,19.62,1998.0,190.0,33.5
Toyota,Innova Crysta,2018,Diesel,Automatic,First Owner,20000,11.36,2755.0,171.5,18.0
Hyundai,Santro Asta,2018,Petrol,Manual,First Owner,7000,20.3,1086.0,68.0,5.4
Force,Gurkha Hard,2018,Diesel,Manual,First Owner,20000,17.0,2596.0,80.8,9.1
Maruti,Celerio VXI,2019,Petrol,Manual,First Owner,4875,21.63,998.0,67.04,4.85
Hyundai,Creta 1.6,2020,Diesel,Automatic,First Owner,2700,17.01,1582.0,126.2,19.5
Maruti,Vitara Brezza,2018,Diesel,Manual,First Owner,58511,24.3,1248.0,88.5,9.5
Ford,Figo 1.5D,2015,Diesel,Manual,First Owner,105000,25.83,1498.0,99.0,3.65
Mahindra,Thar CRDe,2018,Diesel,Manual,First Owner,26235,16.55,2498.0,105.0,9.0
Tata,Nexon 1.5,2017,Diesel,Manual,First Owner,26766,21.5,1497.0,108.5,9.2
MG,Hector Sharp,2020,Petrol,Automatic,First Owner,1600,13.96,1451.0,141.0,19.0
Mercedes-Benz,New C-Class,2018,Diesel,Manual,First Owner,46000,15.8,2148.0,170.0,29.5
Mahindra,Marazzo M2,2019,Diesel,Manual,First Owner,23000,17.3,1497.0,121.0,10.75
Maruti,Swift VXI,2017,Petrol,Manual,First Owner,24522,20.4,1197.0,81.8,6.0
BMW,3 Series,2017,Diesel,Automatic,First Owner,13663,22.69,1995.0,190.0,32.0
Skoda,Octavia Style,2019,Diesel,Automatic,First Owner,11000,19.3,1968.0,141.0,26.0
Maruti,Vitara Brezza,2016,Diesel,Manual,First Owner,63000,24.3,1248.0,88.5,8.39
Volkswagen,Polo 1.2,2019,Petrol,Manual,First Owner,2000,16.2,1199.0,74.0,6.35
Mahindra,Scorpio VLX,2014,Diesel,Manual,Third Owner,300000,12.05,2179.0,120.0,5.5
Mahindra,Logan Diesel,2011,Diesel,Manual,Third Owner,190000,19.2,1461.0,65.0,1.8
Honda,City i,2015,Diesel,Manual,First Owner,80000,26.0,1498.0,98.6,6.5
Honda,Jazz Select,2011,Petrol,Manual,Second Owner,80000,16.0,1198.0,90.0,3.5
Maruti,Alto K10,2015,Petrol,Manual,First Owner,54000,23.95,998.0,67.05,2.65
Renault,KWID 1.0,2018,Petrol,Manual,First Owner,30000,23.01,999.0,67.0,3.3
Maruti,Eeco 7,2019,Petrol,Manual,First Owner,5000,15.37,1196.0,73.0,3.95
Mahindra,TUV 300,2015,Diesel,Manual,First Owner,58945,18.49,1493.0,100.0,7.0
Ford,Figo Diesel,2012,Diesel,Manual,First Owner,90000,20.0,1399.0,68.0,3.0
Toyota,Innova 2.5,2011,Diesel,Manual,First Owner,375000,12.8,2494.0,102.0,6.5
Maruti,Ertiga VDI,2013,Diesel,Manual,Third Owner,160000,20.77,1248.0,88.76,6.25
Volkswagen,Polo GT,2014,Diesel,Manual,Second Owner,80000,15.11,1598.0,103.6,4.25
Maruti,800 AC,2004,Petrol,Manual,Third Owner,50000,16.1,796.0,37.0,0.55
Tata,Indigo CS,2015,Diesel,Manual,Second Owner,80000,19.09,1405.0,69.01,2.5
Mahindra,Bolero 2011-2019,2015,Diesel,Manual,First Owner,156975,15.96,2523.0,62.1,4.6
Toyota,Corolla Altis,2017,Diesel,Manual,First Owner,5000,21.43,1364.0,86.79,15.94
Chevrolet,Sail 1.2,2014,Petrol,Manual,First Owner,50000,18.2,1199.0,82.4,3.0
Ford,EcoSport 1.5,2018,Diesel,Manual,First Owner,27620,22.77,1498.0,98.59,9.5
Mahindra,Scorpio LX,2013,Diesel,Manual,First Owner,120000,12.05,2179.0,120.0,4.85
Mahindra,Xylo E8,2009,Diesel,Manual,Third Owner,120000,14.0,2498.0,112.0,1.61
Hyundai,i20 Active,2015,Petrol,Manual,First Owner,58000,17.19,1197.0,81.86,5.0
Nissan,Sunny XV,2012,Petrol,Manual,First Owner,50000,16.95,1498.0,97.7,3.5
Maruti,Ignis 1.2,2017,Petrol,Automatic,First Owner,40000,20.89,1197.0,81.8,5.5
Honda,WR-V i-VTEC,2018,Petrol,Manual,First Owner,7800,17.5,1199.0,88.7,8.5
Maruti,Alto 800,2016,Petrol,Manual,First Owner,50000,22.74,796.0,47.3,2.4
Ford,Endeavour 2.5L,2011,Diesel,Manual,First Owner,68000,13.1,2499.0,141.0,9.5
Maruti,Ertiga VXI,2015,Petrol,Manual,Second Owner,60000,16.02,1373.0,93.7,4.23
Tata,Indigo GLS,2005,Petrol,Manual,Second Owner,74000,12.8,1396.0,85.0,0.9
Tata,New Safari,2011,Diesel,Manual,Second Owner,58000,13.93,2179.0,138.1,3.5
Maruti,A-Star Vxi,2011,Petrol,Manual,Third Owner,70000,19.0,998.0,66.1,1.7
Ford,Figo Aspire,2015,Petrol,Manual,First Owner,70000,18.16,1196.0,86.8,4.5
Hyundai,i10 Magna,2009,Petrol,Manual,Second Owner,110000,20.36,1197.0,78.9,1.5
Hyundai,i20 Sportz,2016,Diesel,Manual,First Owner,80000,22.54,1396.0,88.73,5.11
Maruti,Ertiga 1.5,2018,Diesel,Manual,First Owner,59000,24.2,1498.0,93.87,8.5
Tata,Indica V2,2018,Diesel,Manual,First Owner,110000,25.0,1396.0,69.0,2.5
Maruti,Celerio ZXI,2020,Petrol,Manual,First Owner,25000,21.63,998.0,67.04,4.2
Maruti,Alto 800,2014,Petrol,Manual,First Owner,55000,22.74,796.0,47.3,1.8
Maruti,Celerio ZDi,2015,Diesel,Manual,First Owner,25000,27.62,793.0,47.0,4.0
Mahindra,Xylo E4,2009,Diesel,Manual,First Owner,300000,14.0,2498.0,112.0,1.5
Ford,Figo 1.5D,2016,Diesel,Manual,First Owner,143200,25.83,1498.0,99.0,5.0
Jeep,Compass 2.0,2017,Diesel,Manual,First Owner,60000,17.1,1956.0,170.0,16.9
Nissan,Micra Diesel,2012,Diesel,Manual,First Owner,120000,23.08,1461.0,63.1,2.05
Maruti,Ciaz VDi,2014,Diesel,Manual,Second Owner,145000,26.21,1248.0,88.5,4.6
Hyundai,i20 2015-2017,2017,Petrol,Manual,First Owner,30000,18.6,1197.0,81.83,6.0
Hyundai,Grand i10,2019,Petrol,Manual,First Owner,8000,18.9,1197.0,81.86,5.85
Ford,Endeavour 2.5L,2012,Diesel,Manual,First Owner,170000,13.1,2499.0,141.0,5.51
Maruti,Swift Dzire,2013,Diesel,Manual,First Owner,100000,23.4,1248.0,74.0,5.25
Maruti,Omni 8,2012,Petrol,Manual,First Owner,62000,14.0,796.0,35.0,1.6
Mahindra,XUV500 W8,2014,Diesel,Manual,First Owner,110000,15.1,2179.0,140.0,8.25
Chevrolet,Tavera Neo,2015,Diesel,Manual,Second Owner,80000,13.58,2499.0,72.4,6.0
Maruti,Zen Base,2002,Petrol,Manual,Second Owner,80000,17.3,993.0,60.0,0.65
Maruti,Swift Dzire,2013,Diesel,Manual,First Owner,100000,23.4,1248.0,74.0,5.5
Mahindra,Bolero 2011-2019,2015,Diesel,Manual,First Owner,120000,15.96,2523.0,63.0,6.5
Maruti,Swift Dzire,2019,Diesel,Manual,First Owner,24000,28.4,1248.0,74.02,7.5
Mahindra,KUV 100,2017,Diesel,Manual,First Owner,80000,25.32,1198.0,77.0,3.8
Hyundai,Verna 1.6,2012,Diesel,Manual,First Owner,138000,22.32,1582.0,126.32,4.0
Maruti,Wagon R,2003,Petrol,Manual,Fourth & Above Owner,147000,18.9,998.0,67.1,0.5
Mahindra,TUV 300,2017,Diesel,Manual,First Owner,60000,18.49,1493.0,100.0,7.5
Chevrolet,Spark 1.0,2011,Petrol,Manual,First Owner,80000,18.0,995.0,62.0,1.5
Maruti,Alto 800,2016,Petrol,Manual,First Owner,50000,22.74,796.0,47.3,2.45
Tata,Manza Club,2013,Diesel,Manual,First Owner,189000,21.02,1248.0,88.76,2.6
Volkswagen,Vento 1.5,2014,Diesel,Automatic,Second Owner,90000,21.21,1498.0,103.2,4.11
Hyundai,i20 Sportz,2014,Diesel,Manual,First Owner,56000,21.9,1396.0,88.76,4.5
BMW,3 Series,2012,Diesel,Automatic,Second Owner,140000,18.88,1995.0,184.0,13.0
Maruti,Celerio VXI,2016,Petrol,Manual,First Owner,60000,23.1,998.0,67.04,3.51
Mahindra,XUV500 W8,2012,Diesel,Manual,First Owner,130000,15.1,2179.0,140.0,5.5
BMW,3 Series,2013,Diesel,Automatic,Second Owner,140000,18.88,1995.0,184.0,13.0
Tata,Manza Club,2013,Diesel,Manual,First Owner,189000,21.02,1248.0,88.76,2.6
Volkswagen,Vento 1.5,2014,Diesel,Automatic,Second Owner,90000,21.21,1498.0,103.2,4.11
Hyundai,i20 Sportz,2014,Diesel,Manual,First Owner,56000,21.9,1396.0,88.76,4.5
BMW,3 Series,2012,Diesel,Automatic,Second Owner,140000,18.88,1995.0,184.0,13.0
Maruti,Celerio VXI,2016,Petrol,Manual,First Owner,60000,23.1,998.0,67.04,3.51
Mahindra,XUV500 W8,2012,Diesel,Manual,First Owner,130000,15.1,2179.0,140.0,5.5
BMW,3 Series,2013,Diesel,Automatic,Second Owner,140000,18.88,1995.0,184.0,13.0
Nissan,Terrano XE,2016,Diesel,Manual,First Owner,35000,20.45,1461.0,83.8,7.5
Nissan,Terrano XL,2015,Diesel,Manual,First Owner,35000,20.45,1461.0,83.8,8.0
Tata,New Safari,2011,Diesel,Manual,First Owner,156000,11.57,2179.0,138.1,3.5
Maruti,Alto 800,2013,Petrol,Manual,First Owner,90000,22.74,796.0,47.3,2.0
Tata,Indigo LS,2008,Diesel,Manual,Third Owner,60000,17.0,1405.0,70.0,1.5
Nissan,Terrano XL,2016,Diesel,Manual,First Owner,36000,19.01,1461.0,108.5,8.0
Hyundai,EON Era,2017,Petrol,Manual,Second Owner,20000,21.1,814.0,55.2,3.5
Tata,New Safari,2011,Diesel,Manual,First Owner,160000,13.93,2179.0,138.0,3.5
Mahindra,Scorpio 2.6,2006,Diesel,Manual,First Owner,185000,12.7,2609.0,116.6,2.5
Tata,Indica Vista,2010,Diesel,Manual,Second Owner,110000,17.0,1405.0,71.0,1.7
Renault,KWID RXT,2018,Petrol,Manual,First Owner,10800,25.17,799.0,53.3,3.95
Mahindra,Bolero 2011-2019,2012,Diesel,Manual,First Owner,120000,15.96,2523.0,62.1,4.5
Maruti,Ignis 1.2,2019,Petrol,Manual,First Owner,15000,20.89,1197.0,81.8,5.0
Tata,Sumo EX,2012,Diesel,Manual,First Owner,67500,12.2,1948.0,68.0,2.0
Tata,Hexa XM,2017,Diesel,Manual,First Owner,30000,17.6,2179.0,153.86,12.0
Mahindra,KUV 100,2016,Diesel,Manual,First Owner,50000,25.32,1198.0,77.0,4.0
Mahindra,TUV 300,2016,Diesel,Manual,First Owner,100000,18.49,1493.0,100.0,6.5
Mahindra,Bolero 2011-2019,2016,Diesel,Manual,First Owner,150000,15.96,2523.0,63.0,5.5
Mahindra,XUV500 W10,2015,Diesel,Manual,First Owner,110000,16.0,2179.0,140.0,11.0
Maruti,Alto 800,2012,Petrol,Manual,First Owner,30000,22.74,796.0,47.3,2.55
Maruti,Alto LXi,2011,Petrol,Manual,First Owner,60000,19.7,796.0,46.3,1.8
Mahindra,Xylo D2,2010,Diesel,Manual,Second Owner,255000,13.0,2489.0,95.0,1.6
Chevrolet,Optra Magnum,2008,Diesel,Manual,Second Owner,120000,16.52,1991.0,123.7,2.25
Maruti,Alto 800,2015,Petrol,Manual,Second Owner,49900,22.74,796.0,47.3,2.7
Tata,Manza Aura,2012,Diesel,Manual,First Owner,86000,21.12,1248.0,88.8,3.1
Datsun,GO T,2015,Petrol,Manual,First Owner,71850,20.63,1198.0,67.0,2.25
Fiat,Grande Punto,2015,Diesel,Manual,Third Owner,95000,21.2,1248.0,75.0,3.0
Maruti,Swift Dzire,2008,Petrol,Manual,Fourth & Above Owner,70000,17.5,1298.0,85.8,2.5
Hyundai,EON Sportz,2011,Petrol,Manual,First Owner,35000,21.1,814.0,55.2,1.8
Maruti,Swift Dzire,2015,Petrol,Manual,First Owner,50000,20.85,1197.0,83.14,5.5
Mahindra,Bolero XL,2007,Diesel,Manual,Third Owner,120000,13.6,2523.0,63.0,3.0
Hyundai,Elantra CRDi,2015,Diesel,Manual,First Owner,145000,22.7,1582.0,126.2,9.0
Mahindra,XUV500 W9,2018,Diesel,Manual,First Owner,40000,16.0,2179.0,138.0,15.3
Maruti,Baleno Delta,2015,Diesel,Manual,First Owner,110000,27.39,1248.0,74.0,5.9
Maruti,Wagon R,2008,LPG,Manual,Second Owner,112000,17.3,1061.0,57.5,1.7
Audi,A3 35,2017,Diesel,Automatic,First Owner,70000,20.38,1968.0,143.0,26.0
Maruti,Ritz VDi,2016,Diesel,Manual,First Owner,110000,23.2,1248.0,73.94,4.75
Hyundai,Grand i10,2018,Diesel,Manual,First Owner,29000,24.0,1186.0,73.97,7.0
Maruti,Wagon R,2011,Petrol,Manual,First Owner,60000,18.9,998.0,67.1,3.76
Maruti,800 Std,2004,Petrol,Manual,Fourth & Above Owner,46000,16.1,796.0,37.0,0.75
Mahindra,Scorpio VLS,2012,Diesel,Automatic,Third Owner,120000,11.79,2179.0,120.0,4.4
Maruti,Wagon R,2016,Petrol,Manual,First Owner,80000,20.51,998.0,67.04,3.9
Toyota,Innova 2.5,2012,Diesel,Manual,Second Owner,159000,12.8,2494.0,102.0,7.25
Mahindra,Bolero 2011-2019,2012,Diesel,Manual,Second Owner,110000,15.96,2523.0,62.1,3.25
Maruti,Alto LXi,2010,Petrol,Manual,Second Owner,75000,19.7,796.0,46.3,1.7
Maruti,Swift Dzire,2010,Diesel,Manual,Third Owner,120000,19.3,1248.0,73.9,2.15
Honda,City 1.5,2010,Petrol,Manual,Third Owner,110000,17.0,1497.0,118.0,3.5
Chevrolet,Spark 1.0,2009,Petrol,Manual,Fourth & Above Owner,80000,18.0,995.0,62.0,0.8
Hyundai,EON Magna,2012,Petrol,Manual,Second Owner,80000,21.1,814.0,55.2,1.95
Nissan,Sunny Diesel,2014,Diesel,Manual,First Owner,71000,21.64,1461.0,84.8,3.35
Mahindra,XUV500 W6,2011,Diesel,Manual,First Owner,108000,16.0,2179.0,140.0,4.75
Renault,Duster 85PS,2015,Diesel,Manual,First Owner,75000,19.87,1461.0,83.8,4.85
Maruti,Ciaz Delta,2018,Petrol,Manual,Second Owner,22000,21.56,1462.0,103.25,6.5
Audi,Q5 3.0,2014,Diesel,Automatic,First Owner,76131,13.22,2967.0,241.4,18.5
Hyundai,i20 1.2,2018,Petrol,Manual,Second Owner,30000,18.6,1197.0,81.83,7.0
Audi,Q7 3.0,2014,Diesel,Automatic,First Owner,65000,12.07,2967.0,241.4,30.0
Mahindra,Scorpio S3,2018,Diesel,Manual,First Owner,60000,15.4,2523.0,75.0,9.0
Volkswagen,Polo Diesel,2013,Diesel,Manual,First Owner,80000,22.07,1199.0,73.9,3.5
Honda,Accord V6,2005,Petrol,Automatic,Second Owner,80000,9.0,2997.0,218.0,2.85
Audi,Q7 3.0,2012,Diesel,Automatic,First Owner,70000,12.07,2967.0,241.4,18.5
Maruti,Vitara Brezza,2017,Diesel,Manual,First Owner,51777,24.3,1248.0,88.5,7.5
Land,Rover Freelander,2013,Diesel,Automatic,First Owner,64788,0.0,2179.0,115.0,16.5
Honda,Amaze V,2018,Petrol,Manual,First Owner,20000,19.5,1199.0,88.76,6.0
Volkswagen,Polo 2015-2019,2018,Petrol,Manual,First Owner,19000,18.78,999.0,75.0,5.65
Daewoo,Matiz SS,2000,Petrol,Manual,First Owner,46951,18.5,796.0,53.0,0.86
Datsun,GO T,2016,Petrol,Manual,First Owner,19000,20.63,1198.0,67.0,3.29
Ford,EcoSport 1.5,2016,Diesel,Manual,First Owner,50000,22.77,1498.0,98.59,6.5
Hyundai,Creta 1.6,2015,Diesel,Manual,First Owner,60000,19.67,1582.0,126.2,8.22
Renault,Duster 110PS,2013,Diesel,Manual,Second Owner,100000,19.01,1461.0,108.45,3.45
Maruti,Zen LXI,2001,Petrol,Manual,First Owner,10000,17.3,993.0,60.0,0.3
Maruti,Swift VDI,2012,Diesel,Manual,Second Owner,50000,22.9,1248.0,74.0,3.3
Maruti,Wagon R,2014,Petrol,Manual,Second Owner,74537,20.51,998.0,67.04,3.0
Maruti,SX4 ZXI,2009,Petrol,Automatic,Second Owner,90000,12.6,1586.0,103.3,2.0
Chevrolet,Spark 1.0,2010,Petrol,Manual,Second Owner,70000,18.0,995.0,62.0,0.9
Maruti,Wagon R,2010,Petrol,Manual,Second Owner,80000,18.9,1061.0,67.0,2.0
Hyundai,Xcent 1.1,2016,Diesel,Manual,First Owner,35000,24.4,1120.0,71.0,5.5
Chevrolet,Beat LT,2015,Petrol,Manual,First Owner,23500,18.6,1199.0,76.8,2.5
Honda,City i-DTEC,2017,Diesel,Manual,First Owner,82000,25.6,1498.0,97.9,9.75
Toyota,Innova 2.5,2014,Diesel,Manual,Second Owner,100000,12.99,2494.0,100.6,9.0
Hyundai,i20 1.2,2018,Petrol,Manual,First Owner,15000,18.6,1197.0,81.83,6.1
Maruti,Baleno Zeta,2017,Diesel,Manual,First Owner,30000,27.39,1248.0,74.0,6.2
Hyundai,Grand i10,2016,Petrol,Manual,First Owner,30000,18.9,1197.0,82.0,4.0
Maruti,Celerio X,2019,Petrol,Manual,First Owner,11000,21.63,998.0,67.0,5.0
Datsun,GO Plus,2017,Petrol,Manual,First Owner,140000,19.02,1198.0,67.05,2.0
Tata,Zest Quadrajet,2016,Diesel,Manual,First Owner,110000,23.0,1248.0,88.7,3.6
Maruti,Alto K10,2012,Petrol,Manual,First Owner,48000,20.92,998.0,67.1,2.52
Maruti,Swift VDI,2012,Diesel,Manual,Second Owner,70000,22.9,1248.0,74.0,2.8
Maruti,Swift VXI,2018,Petrol,Manual,Second Owner,70000,22.0,1197.0,81.8,5.1
Mahindra,Scorpio 1.99,2016,Diesel,Manual,First Owner,58000,15.4,1997.0,120.0,10.5
Maruti,Wagon R,2010,LPG,Manual,Fourth & Above Owner,40000,17.3,1061.0,57.5,2.0
Maruti,Zen LXI,2005,Petrol,Manual,Second Owner,90000,17.3,993.0,60.0,0.6
Mahindra,Xylo E8,2010,Diesel,Manual,Second Owner,40000,14.0,2498.0,112.0,3.2
Mahindra,Scorpio LX,2013,Diesel,Manual,First Owner,110000,12.05,2179.0,120.0,5.2
Tata,New Safari,2007,Diesel,Manual,Second Owner,80000,11.57,2179.0,138.1,2.5
Maruti,Vitara Brezza,2017,Diesel,Manual,First Owner,60000,24.3,1248.0,88.5,7.25
Mahindra,Bolero 2011-2019,2015,Diesel,Manual,First Owner,50000,15.96,2523.0,62.1,5.85
Tata,Tiago 1.2,2017,Petrol,Manual,First Owner,25000,23.84,1199.0,84.0,4.3
Maruti,Swift VDI,2011,Diesel,Manual,Second Owner,100000,22.9,1248.0,74.0,2.35
Maruti,Swift Dzire,2012,Diesel,Manual,Third Owner,52000,19.3,1248.0,73.9,3.5
Hyundai,i10 Era,2010,Petrol,Manual,Third Owner,80000,19.81,1086.0,68.05,1.31
Honda,Amaze VX,2016,Diesel,Manual,First Owner,85000,25.8,1498.0,98.6,4.5
Maruti,Vitara Brezza,2016,Diesel,Manual,First Owner,83000,24.3,1248.0,88.5,7.5
Maruti,Alto 800,2013,Petrol,Manual,First Owner,50000,22.74,796.0,47.3,2.0
Maruti,Wagon R,2009,Petrol,Manual,Fourth & Above Owner,120000,18.9,1061.0,67.0,1.25
Mahindra,Bolero 2011-2019,2014,Diesel,Manual,First Owner,100000,15.96,2523.0,62.1,5.0
Maruti,Swift VDI,2012,Diesel,Manual,Third Owner,70000,22.9,1248.0,74.0,3.8
Maruti,Alto LXi,2008,Petrol,Manual,First Owner,19000,19.7,796.0,46.3,1.28
Honda,City 1.5,2009,Petrol,Manual,Third Owner,68600,17.0,1497.0,118.0,2.5
Mahindra,Bolero Power,2017,Diesel,Manual,First Owner,60000,16.5,1493.0,70.0,6.9
Mahindra,Bolero 2011-2019,2014,Diesel,Manual,Second Owner,65000,15.96,2523.0,62.1,6.5
Honda,City E,2012,Petrol,Manual,Second Owner,40000,16.8,1497.0,116.3,5.6
Maruti,Celerio VXI,2016,Petrol,Manual,First Owner,25000,23.1,998.0,67.04,4.0
Maruti,Alto K10,2012,Petrol,Manual,First Owner,29500,20.92,998.0,67.1,2.0
Hyundai,Verna VTVT,2018,Petrol,Manual,First Owner,13887,17.0,1591.0,121.3,9.5
Maruti,Alto 800,2016,Petrol,Manual,Second Owner,50000,22.74,796.0,47.3,3.0
Renault,KWID RXL,2016,Petrol,Manual,Second Owner,30000,25.17,799.0,53.3,3.15
Maruti,Alto 800,2012,Petrol,Manual,First Owner,100000,22.74,796.0,47.3,2.2
Chevrolet,Aveo 1.4,2011,Petrol,Manual,Second Owner,60000,14.49,1399.0,92.7,1.3
Hyundai,i20 Sportz,2016,Diesel,Manual,Second Owner,60000,22.54,1396.0,88.73,5.95
Tata,Indica Vista,2011,Diesel,Manual,First Owner,120000,19.4,1405.0,70.0,1.1
Ford,EcoSport 1.5,2017,Petrol,Manual,First Owner,13500,17.0,1497.0,121.36,6.8
Fiat,Grande Punto,2013,Diesel,Manual,First Owner,52000,20.3,1248.0,75.0,2.8
Maruti,Baleno Delta,2017,Petrol,Manual,Second Owner,30000,21.4,1197.0,83.1,5.3
Hyundai,Xcent 1.2,2017,Petrol,Manual,First Owner,14000,19.1,1197.0,82.0,6.1
Tata,Aria Pure,2014,Diesel,Manual,Second Owner,90000,15.05,2179.0,147.9,5.0
Tata,Tigor 1.05,2018,Diesel,Manual,First Owner,50000,24.7,1047.0,69.0,5.0
Mahindra,Xylo D2,2010,Diesel,Manual,Second Owner,120000,13.0,2489.0,95.0,2.5
Hyundai,EON Magna,2018,Petrol,Manual,First Owner,10000,21.1,814.0,55.2,3.25
Maruti,Baleno Delta,2018,Petrol,Manual,First Owner,10000,21.4,1197.0,83.1,5.5
Maruti,Ciaz 1.4,2018,Petrol,Manual,First Owner,25000,20.73,1373.0,91.1,7.2
Hyundai,Verna VTVT,2017,Petrol,Manual,First Owner,20000,17.0,1591.0,121.3,9.5
Maruti,Swift VDI,2013,Diesel,Manual,First Owner,60000,22.9,1248.0,74.0,3.5
Hyundai,Grand i10,2018,Petrol,Manual,First Owner,40000,18.9,1197.0,81.86,5.0
Maruti,Swift Dzire,2012,Diesel,Manual,First Owner,60000,19.3,1248.0,73.9,3.8
Hyundai,Xcent 1.2,2015,Petrol,Automatic,First Owner,50000,16.9,1197.0,82.0,3.8
Hyundai,Verna VTVT,2017,Petrol,Manual,First Owner,20000,17.0,1591.0,121.3,9.0
Maruti,Alto 800,2017,Petrol,Manual,First Owner,35000,24.7,796.0,47.3,2.95
Maruti,Ciaz VDi,2016,Diesel,Manual,First Owner,40000,28.09,1248.0,88.5,6.4
Tata,Nexon 1.5,2018,Diesel,Manual,First Owner,60000,21.5,1497.0,108.5,7.9
Hyundai,Verna 1.6,2015,Petrol,Manual,First Owner,20000,17.01,1591.0,121.4,6.25
Ford,EcoSport 1.5,2017,Petrol,Manual,Second Owner,30000,17.0,1497.0,121.36,6.04
Maruti,Alto K10,2015,Petrol,Manual,First Owner,29000,23.95,998.0,67.05,3.15
Mahindra,XUV300 W6,2019,Diesel,Manual,First Owner,17000,20.0,1497.0,115.0,9.5
Maruti,Wagon R,2017,Petrol,Manual,First Owner,50000,20.51,998.0,67.04,4.0
Hyundai,i20 1.4,2018,Petrol,Automatic,First Owner,42000,18.6,1368.0,98.63,7.0
Toyota,Innova 2.5,2011,Diesel,Manual,Second Owner,120000,12.8,2494.0,102.0,7.0
Mahindra,Verito 1.5,2012,Diesel,Manual,First Owner,110000,21.03,1461.0,65.0,2.6
Tata,Indigo CR4,2012,Diesel,Manual,First Owner,90000,23.57,1396.0,70.0,2.0
Maruti,Dzire VXI,2020,Petrol,Manual,First Owner,70000,23.26,1197.0,88.5,5.8
Volkswagen,Vento IPL,2011,Diesel,Manual,Second Owner,66000,20.5,1598.0,105.0,3.3
Hyundai,Verna Transform,2011,Diesel,Manual,Third Owner,70000,16.2,1493.0,110.0,4.0
Hyundai,Creta 1.6,2018,Petrol,Automatic,First Owner,5000,14.8,1591.0,121.3,13.5
Mahindra,Verito 1.5,2014,Diesel,Manual,Second Owner,50000,21.03,1461.0,65.0,2.5
Skoda,Rapid 1.6,2019,Petrol,Manual,First Owner,25000,15.41,1598.0,103.2,7.25
Maruti,Swift Dzire,2013,Diesel,Manual,First Owner,70000,23.4,1248.0,74.0,3.0
Maruti,800 AC,2006,Petrol,Manual,Second Owner,40000,16.1,796.0,37.0,1.2
Mahindra,XUV500 W10,2016,Diesel,Manual,First Owner,110000,16.0,2179.0,140.0,11.75
Tata,New Safari,2009,Diesel,Manual,First Owner,150000,13.93,2179.0,138.0,3.8
Tata,Indica Vista,2014,Diesel,Manual,First Owner,45000,19.1,1405.0,70.0,4.0
Tata,Indigo LX,2005,Diesel,Manual,Third Owner,90000,16.1,1405.0,70.0,1.4
Tata,New Safari,2011,Diesel,Manual,Second Owner,140000,11.57,2179.0,138.1,2.3
Ford,Ikon 1.3,2003,Petrol,Manual,Second Owner,83000,13.8,1299.0,70.0,1.1
Volkswagen,Jetta 2.0L,2011,Diesel,Automatic,Second Owner,106000,16.96,1968.0,138.1,5.5
Chevrolet,Aveo U-VA,2008,Petrol,Manual,Fourth & Above Owner,60000,15.26,1150.0,74.9,1.5
Maruti,Omni E,2017,Petrol,Manual,Second Owner,40000,16.8,796.0,34.2,2.65
Hyundai,i20 1.2,2011,Petrol,Manual,Third Owner,138000,17.0,1197.0,80.0,3.0
Maruti,Alto 800,2015,Petrol,Manual,First Owner,80000,22.74,796.0,47.3,2.8
Hyundai,Getz GLS,2005,Petrol,Manual,Second Owner,50000,15.3,1341.0,83.0,1.3
Chevrolet,Sail 1.2,2015,Petrol,Manual,First Owner,50000,18.2,1199.0,82.4,3.5
Maruti,Ritz VXi,2009,Petrol,Manual,First Owner,120000,18.5,1197.0,85.8,2.0
Maruti,Swift VXI,2018,Petrol,Manual,First Owner,24400,22.0,1197.0,81.8,5.5
Mahindra,Bolero 2011-2019,2013,Diesel,Manual,Second Owner,60000,15.96,2523.0,62.1,4.0
Maruti,Ritz VXi,2010,Petrol,Manual,Second Owner,120000,18.5,1197.0,85.8,1.7
Hyundai,Verna 1.4,2015,Diesel,Manual,Second Owner,60000,24.8,1396.0,88.7,6.0
Maruti,Alto LXi,2011,Petrol,Manual,Second Owner,100000,19.7,796.0,46.3,1.3
Maruti,800 AC,2011,Petrol,Manual,Second Owner,120000,16.1,796.0,37.0,1.0
Renault,KWID RXT,2016,Petrol,Manual,First Owner,27500,25.17,799.0,53.3,3.1
Maruti,800 AC,2007,Petrol,Manual,First Owner,10000,16.1,796.0,37.0,0.35
Hyundai,i20 Magna,2010,Petrol,Manual,Third Owner,120000,18.5,1197.0,80.0,2.0
Hyundai,i20 Sportz,2015,Diesel,Manual,First Owner,80000,22.54,1396.0,88.73,6.5
Tata,Indigo eCS,2013,Petrol,Manual,First Owner,120000,15.64,1193.0,64.1,2.1
Hyundai,Xcent 1.1,2015,Diesel,Manual,First Owner,90000,24.4,1120.0,71.01,5.1
Ford,Figo Diesel,2013,Diesel,Manual,First Owner,70000,20.0,1399.0,68.1,2.3
Renault,Duster 110PS,2014,Diesel,Manual,Second Owner,188000,19.01,1461.0,108.45,4.1
Chevrolet,Spark 1.0,2011,Petrol,Manual,First Owner,67840,18.0,995.0,62.0,1.3
Tata,Nano CX,2013,Petrol,Manual,First Owner,30000,25.4,624.0,37.48,0.95
Maruti,Alto 800,2016,Petrol,Manual,Second Owner,35000,22.74,796.0,47.3,2.25
Maruti,Vitara Brezza,2017,Diesel,Manual,First Owner,100000,24.3,1248.0,88.5,7.75
Maruti,Wagon R,2017,Petrol,Manual,First Owner,30000,20.51,998.0,67.04,4.2
Hyundai,Grand i10,2016,Petrol,Manual,First Owner,70000,18.9,1197.0,82.0,4.8
Mahindra,Bolero SLE,2010,Diesel,Manual,Second Owner,380000,13.6,2523.0,63.0,2.6
Volkswagen,Polo 2015-2019,2018,Petrol,Manual,First Owner,15000,16.2,1199.0,74.0,6.0
Ford,Ikon 1.4,2009,Diesel,Manual,Second Owner,140000,13.8,1399.0,68.0,1.4
Maruti,Omni 8,2010,Petrol,Manual,Third Owner,120000,19.7,796.0,35.0,1.3
Maruti,Swift VDI,2007,Diesel,Manual,First Owner,112880,25.2,1248.0,74.0,1.95
Tata,Indica Vista,2013,Diesel,Manual,Second Owner,135000,19.4,1405.0,70.0,2.1
Maruti,Wagon R,2006,Petrol,Manual,Third Owner,80000,18.9,998.0,67.1,1.3
Chevrolet,Beat LT,2012,Petrol,Manual,Third Owner,128000,18.6,1199.0,79.4,1.41
Mahindra,Bolero SLE,2011,Diesel,Manual,First Owner,120000,13.6,2523.0,63.0,2.8
Maruti,SX4 ZXI,2010,Petrol,Automatic,First Owner,30000,12.6,1586.0,103.2,3.5
Tata,Nexon 1.2,2018,Petrol,Manual,First Owner,70000,17.0,1198.0,108.5,5.75
Hyundai,i20 Sportz,2015,Petrol,Manual,First Owner,41000,18.6,1197.0,81.83,5.5
Maruti,Alto LX,2006,Petrol,Manual,Second Owner,30000,19.7,796.0,46.3,1.2
Maruti,Alto K10,2015,Petrol,Manual,First Owner,30000,23.95,998.0,67.05,3.2
Hyundai,Accent Executive,2011,Petrol,Manual,First Owner,35000,16.36,1495.0,93.7,2.5
Maruti,SX4 Zxi,2010,Petrol,Manual,First Owner,22000,15.0,1586.0,104.68,3.0
Maruti,Wagon R,2006,Petrol,Manual,First Owner,70000,18.9,998.0,67.1,2.5
Mahindra,Bolero 2011-2019,2018,Diesel,Manual,First Owner,70000,16.5,1493.0,70.0,7.5
Mahindra,Scorpio 2.6,2005,Diesel,Manual,Second Owner,200000,10.5,2179.0,120.0,1.51
Tata,Safari DICOR,2011,Diesel,Manual,First Owner,120000,13.93,2179.0,138.03,3.0
Maruti,Ignis 1.2,2019,Petrol,Manual,First Owner,3000,20.89,1197.0,81.8,5.77
Maruti,Alto K10,2012,Petrol,Manual,First Owner,50000,20.92,998.0,67.1,2.3
Mahindra,Bolero 2011-2019,2013,Diesel,Manual,First Owner,50000,15.96,2523.0,62.1,5.0
Honda,Jazz VX,2019,Petrol,Automatic,First Owner,1500,18.2,1199.0,88.7,8.4
Volkswagen,Vento 1.5,2017,Diesel,Manual,First Owner,74000,22.27,1498.0,108.6,9.0
Honda,Jazz 1.2,2017,Petrol,Manual,First Owner,25000,18.7,1199.0,88.7,6.5
Honda,Jazz 1.5,2016,Diesel,Manual,First Owner,61915,27.3,1498.0,98.6,6.5
Hyundai,EON Era,2016,Petrol,Manual,First Owner,110000,21.1,814.0,55.2,2.5
Volkswagen,Polo 1.5,2016,Diesel,Manual,First Owner,70000,20.14,1498.0,88.0,5.5
Maruti,Swift Ldi,2007,Diesel,Manual,Fourth & Above Owner,150000,17.8,1248.0,75.0,2.5
Mahindra,Quanto C4,2013,Diesel,Manual,Second Owner,110000,17.21,1493.0,100.0,3.5
Chevrolet,Beat Diesel,2014,Diesel,Manual,Second Owner,90000,25.44,936.0,56.3,1.85
Ford,Figo Petrol,2010,Petrol,Manual,Third Owner,120000,15.6,1196.0,70.0,2.3
Toyota,Innova 2.5,2016,Diesel,Manual,First Owner,65000,12.99,2494.0,100.6,10.0
Maruti,Wagon R,2019,Petrol,Manual,First Owner,10000,20.52,1197.0,81.8,4.9
Hyundai,i10 Sportz,2009,Petrol,Manual,Second Owner,80000,20.36,1197.0,78.9,1.5
Maruti,Ertiga VDI,2013,Diesel,Manual,First Owner,184000,20.77,1248.0,88.76,6.0
Maruti,Wagon R,2013,CNG,Manual,Second Owner,80000,32.52,998.0,58.33,2.7
Maruti,Zen LXi,2005,Petrol,Manual,Second Owner,70000,17.3,993.0,60.0,0.6
Maruti,SX4 Zxi,2008,Petrol,Manual,Second Owner,89000,15.6,1586.0,104.68,1.5
Honda,Brio Exclusive,2014,Petrol,Manual,First Owner,33033,19.4,1198.0,86.8,3.35
Maruti,Swift VDI,2013,Diesel,Manual,Second Owner,69000,22.9,1248.0,74.0,5.25
Hyundai,Grand i10,2015,Petrol,Automatic,First Owner,63063,18.9,1197.0,82.0,4.65
Tata,Indica V2,2012,Diesel,Manual,Second Owner,90000,25.0,1396.0,69.0,0.83
Hyundai,EON Era,2017,Petrol,Manual,First Owner,8000,21.1,814.0,55.2,3.0
Hyundai,i20 1.2,2012,Petrol,Manual,First Owner,35000,17.0,1197.0,80.0,3.5
Hyundai,i20 1.2,2011,Petrol,Manual,First Owner,45000,17.0,1197.0,80.0,3.0
Fiat,Linea 1.3,2011,Diesel,Manual,First Owner,30000,20.4,1248.0,91.2,2.5
Maruti,800 Std,2006,Petrol,Manual,Second Owner,59000,16.1,796.0,37.0,1.15
Maruti,Ertiga VXI,2018,Petrol,Manual,First Owner,6200,19.34,1462.0,103.0,7.0
Maruti,Celerio X,2020,Petrol,Manual,Second Owner,120000,21.63,998.0,67.0,2.5
Maruti,Wagon R,2016,Petrol,Manual,First Owner,70000,20.51,998.0,67.04,3.5
Maruti,Omni 5,1998,Petrol,Manual,First Owner,70000,14.0,796.0,35.0,0.8
Mahindra,Scorpio S2,2017,Diesel,Manual,First Owner,110000,15.4,2523.0,75.0,8.5
Chevrolet,Spark 1.0,2007,Petrol,Manual,Third Owner,93000,18.0,995.0,62.0,0.9
Chevrolet,Tavera Neo,2014,Diesel,Manual,First Owner,110000,13.58,2499.0,72.4,6.0
Maruti,Alto LX,2007,Petrol,Manual,First Owner,57000,19.7,796.0,46.3,1.35
Hyundai,Accent GLE,2005,Petrol,Manual,First Owner,120000,13.2,1495.0,94.0,1.5
Tata,Indigo CS,2012,Diesel,Manual,First Owner,35000,23.03,1396.0,69.0,2.59
Tata,Indigo CS,2012,Diesel,Manual,First Owner,90000,23.03,1396.0,69.0,2.2
Tata,Indigo eCS,2012,Diesel,Manual,Second Owner,35000,23.03,1396.0,69.0,2.46
Maruti,Swift Dzire,2009,Petrol,Manual,First Owner,120000,17.5,1298.0,85.8,2.4
Hyundai,Creta 1.4,2018,Diesel,Manual,First Owner,60000,22.1,1396.0,88.7,9.46
Tata,Indigo eCS,2011,Diesel,Manual,First Owner,70000,23.03,1396.0,69.0,2.15
Maruti,Zen LX,1999,Petrol,Manual,Fourth & Above Owner,60000,17.3,993.0,60.0,0.5
Honda,Amaze S,2013,Diesel,Manual,First Owner,100000,25.8,1498.0,98.6,3.1
Hyundai,i10 Magna,2008,Petrol,Manual,First Owner,35000,20.36,1197.0,78.9,2.2
Maruti,Swift Vdi,2008,Diesel,Manual,Third Owner,90000,17.8,1248.0,75.0,1.95
Hyundai,i20 Active,2015,Petrol,Manual,First Owner,50000,17.19,1197.0,81.86,6.5
Hyundai,i20 1.2,2011,Petrol,Manual,First Owner,98000,18.5,1197.0,80.0,3.5
Hyundai,i20 Asta,2013,Petrol,Manual,First Owner,30000,18.5,1197.0,82.85,3.6
Hyundai,Elantra SX,2013,Petrol,Manual,Second Owner,50000,16.3,1797.0,147.5,5.5
Hyundai,Grand i10,2016,Petrol,Manual,First Owner,26000,18.9,1197.0,82.0,4.9
Maruti,Alto LXi,2011,Petrol,Manual,Second Owner,46000,19.7,796.0,46.3,1.95
Maruti,Alto LX,2010,Petrol,Manual,Fourth & Above Owner,80000,19.7,796.0,46.3,1.25
Tata,Tiago 1.2,2019,Petrol,Manual,First Owner,10000,23.84,1199.0,84.0,4.6
Maruti,Alto 800,2015,Petrol,Manual,First Owner,16700,22.74,796.0,47.3,2.75
Maruti,Swift Dzire,2018,Diesel,Manual,First Owner,70000,28.4,1248.0,74.02,6.8
Maruti,Swift Dzire,2015,Petrol,Manual,First Owner,7967,20.85,1197.0,83.14,6.0
Maruti,Swift ZXI,2018,Petrol,Manual,First Owner,20000,22.0,1197.0,81.8,7.2
Renault,KWID RXT,2016,Petrol,Manual,First Owner,9656,25.17,799.0,53.3,3.56
Hyundai,i10 Era,2011,Petrol,Manual,First Owner,50000,19.81,1086.0,68.05,2.25
Ford,Freestyle Titanium,2019,Diesel,Manual,First Owner,17000,24.4,1498.0,98.63,7.25
Chevrolet,Spark 1.0,2010,Petrol,Manual,First Owner,50000,18.0,995.0,62.0,1.3
Renault,KWID RXT,2015,Petrol,Manual,First Owner,10000,25.17,799.0,53.3,3.0
Hyundai,i20 Sportz,2013,Petrol,Manual,Second Owner,43000,18.5,1197.0,82.85,4.0
Hyundai,Verna 1.4,2013,Diesel,Manual,First Owner,50000,23.5,1396.0,88.7,5.5
Maruti,Wagon R,2006,Petrol,Manual,Second Owner,90000,18.9,998.0,67.0,1.2
Mahindra,Xylo D4,2012,Diesel,Manual,Second Owner,100000,14.0,2498.0,112.0,4.1
Hyundai,Santro Xing,2010,Petrol,Manual,Second Owner,80000,0.0,1086.0,62.1,1.1
Mahindra,Bolero 2011-2019,2012,Diesel,Manual,First Owner,120000,15.96,2523.0,62.1,4.5
Maruti,Swift VXI,2019,Petrol,Manual,First Owner,5000,21.21,1197.0,81.8,6.1
Ford,Ecosport 1.5,2016,Diesel,Manual,First Owner,68609,22.7,1498.0,89.84,5.15
Ford,EcoSport 1.5,2018,Diesel,Manual,First Owner,33360,22.77,1498.0,98.59,9.25
Nissan,Kicks XL,2019,Petrol,Manual,First Owner,14317,14.23,1498.0,104.55,8.6
Ford,Figo Diesel,2012,Diesel,Manual,Second Owner,87237,20.0,1399.0,68.05,2.25
Ford,Figo 1.5D,2017,Diesel,Manual,First Owner,62960,25.83,1498.0,99.0,5.0
Maruti,Swift Dzire,2017,Petrol,Automatic,First Owner,26634,21.21,1197.0,81.8,6.0
Ford,Figo Diesel,2012,Diesel,Manual,First Owner,163720,18.5,1399.0,68.0,1.95
Maruti,Wagon R,2012,Petrol,Manual,First Owner,67998,18.9,998.0,67.1,2.65
Ford,Freestyle Trend,2018,Diesel,Manual,First Owner,20706,23.8,1499.0,98.63,6.5
Ford,Figo Aspire,2015,Diesel,Manual,First Owner,100581,25.83,1498.0,99.0,4.15
Renault,Duster 85PS,2015,Diesel,Manual,First Owner,67303,20.45,1461.0,83.8,6.0
Maruti,Ritz VXi,2013,Petrol,Manual,First Owner,79139,18.5,1197.0,85.8,3.4
Hyundai,Grand i10,2014,Diesel,Manual,First Owner,84784,24.0,1120.0,70.0,3.5
Maruti,Ritz LDi,2012,Diesel,Manual,Second Owner,130376,23.2,1248.0,73.94,2.65
Tata,Safari DICOR,2017,Diesel,Manual,First Owner,72000,13.93,2179.0,138.03,6.25
Hyundai,Verna CRDi,2008,Diesel,Manual,Second Owner,127000,16.8,1493.0,110.0,2.45
Maruti,Swift VDI,2014,Diesel,Manual,First Owner,120000,25.2,1248.0,74.0,3.95
Hyundai,Xcent 1.1,2014,Diesel,Manual,First Owner,100000,24.4,1120.0,71.0,4.9
Maruti,Ertiga SHVS,2018,Diesel,Manual,First Owner,40000,24.52,1248.0,88.5,9.55
Maruti,Swift Dzire,2013,Diesel,Manual,First Owner,110000,23.4,1248.0,74.0,5.25
Tata,Tigor 1.2,2017,Petrol,Manual,First Owner,30000,20.3,1199.0,84.0,5.5
Tata,Indica Vista,2014,Diesel,Manual,Second Owner,120000,19.1,1405.0,70.0,2.0
Ford,Figo Aspire,2017,Petrol,Manual,First Owner,15000,18.16,1196.0,86.8,5.0
Maruti,SX4 S,2016,Diesel,Manual,First Owner,33500,23.65,1248.0,88.5,8.25
Mahindra,Quanto C6,2012,Diesel,Manual,First Owner,70000,17.21,1493.0,100.0,2.5
Toyota,Etios Cross,2015,Petrol,Manual,First Owner,10000,18.16,1197.0,78.8,6.0
Mahindra,Scorpio S7,2018,Diesel,Manual,First Owner,22053,16.36,2179.0,120.0,13.25
Mahindra,TUV 300,2016,Diesel,Manual,First Owner,50000,18.49,1493.0,100.0,7.7
Chevrolet,Optra Magnum,2011,Diesel,Manual,First Owner,78432,16.52,1991.0,123.7,4.15
Hyundai,Santa Fe,2011,Diesel,Manual,Second Owner,125000,14.66,2199.0,194.3,8.25
Ford,Aspire Trend,2018,Diesel,Manual,First Owner,80000,26.1,1498.0,99.23,5.3
Toyota,Innova 2.5,2006,Diesel,Manual,Third Owner,270000,12.8,2494.0,102.0,4.25
Honda,Brio V,2012,Petrol,Manual,Second Owner,50000,19.4,1198.0,86.8,3.1
Tata,Tiago 1.2,2017,Petrol,Manual,First Owner,20000,23.84,1199.0,84.0,3.9
Hyundai,Creta 1.6,2016,Petrol,Manual,First Owner,30000,15.29,1591.0,121.3,7.0
Hyundai,i10 Sportz,2010,Petrol,Manual,Second Owner,70000,19.81,1086.0,68.05,2.0
Toyota,Innova 2.5,2013,Diesel,Manual,First Owner,7200,12.99,2494.0,100.6,10.5
Honda,City i,2014,Diesel,Manual,First Owner,97000,26.0,1498.0,98.6,5.8
Hyundai,EON Era,2014,Petrol,Manual,Second Owner,60000,21.1,814.0,55.2,2.0
Chevrolet,Sail Hatchback,2013,Petrol,Manual,First Owner,25000,18.2,1199.0,84.8,2.45
Hyundai,i10 Sportz,2010,Petrol,Manual,Second Owner,94000,20.36,1197.0,78.9,2.1
Maruti,Baleno LXI,2005,Petrol,Manual,Second Owner,90000,15.4,1590.0,94.0,0.5
Chevrolet,Captiva 2.2,2012,Diesel,Automatic,Second Owner,50000,12.12,2231.0,184.0,7.0
Tata,Bolt Quadrajet,2019,Diesel,Manual,First Owner,35000,22.95,1248.0,74.0,6.6
Honda,City i,2015,Petrol,Manual,Second Owner,117500,17.4,1497.0,117.3,6.3
Mahindra,XUV500 W8,2012,Diesel,Manual,First Owner,78500,15.1,2179.0,140.0,9.5
Hyundai,i20 1.2,2018,Petrol,Manual,First Owner,8000,18.6,1197.0,81.83,7.4
Ford,Figo Aspire,2017,Petrol,Manual,First Owner,25000,18.12,1196.0,86.8,5.7
Hyundai,Verna 1.6,2012,Diesel,Manual,Third Owner,60000,22.32,1582.0,126.32,4.5
Datsun,RediGO 1.0,2019,Petrol,Manual,First Owner,10000,22.5,999.0,67.0,3.9
Ford,Ikon 1.6,2009,Petrol,Manual,Second Owner,70000,14.2,1597.0,92.0,1.8
Tata,Nano LX,2015,Petrol,Manual,First Owner,60000,25.4,624.0,37.48,1.3
Honda,City 2017-2020,2006,Petrol,Manual,Second Owner,70000,17.7,1497.0,78.0,2.7
Maruti,800 DX,1997,Petrol,Manual,Third Owner,25000,16.1,796.0,37.0,0.6
Hyundai,Verna 1.6,2006,Petrol,Manual,Third Owner,90000,13.9,1599.0,103.2,1.7
Hyundai,Creta 1.6,2015,Diesel,Manual,First Owner,90000,19.67,1582.0,126.2,9.79
Tata,Tiago 1.2,2018,Petrol,Manual,First Owner,25000,23.84,1199.0,84.0,4.9
Ford,Fiesta Diesel,2012,Diesel,Manual,Second Owner,60000,23.5,1498.0,88.7,2.8
Tata,Tiago 1.2,2018,Petrol,Manual,First Owner,25000,23.84,1199.0,84.0,3.9
Maruti,Alto 800,2013,Petrol,Manual,Fourth & Above Owner,60000,22.74,796.0,47.3,1.7
Chevrolet,Spark 1.0,2008,Petrol,Manual,First Owner,70000,18.0,995.0,62.0,0.45
Maruti,Ertiga SHVS,2016,Diesel,Manual,Second Owner,80000,24.52,1248.0,88.5,6.4
Mahindra,Scorpio S2,2015,Diesel,Manual,Second Owner,110000,15.4,2523.0,75.0,6.5
Mahindra,Scorpio LX,2013,Diesel,Manual,First Owner,115717,12.05,2179.0,120.0,5.0
Ford,Fusion Plus,2008,Diesel,Manual,Second Owner,110000,17.7,1399.0,68.0,0.9
Tata,Aria Pure,2014,Diesel,Manual,Second Owner,70000,15.05,2179.0,147.9,4.8
Maruti,Swift VXI,2019,Petrol,Manual,First Owner,4000,21.21,1197.0,81.8,6.3
Hyundai,i10 Sportz,2011,Petrol,Manual,First Owner,50000,20.36,1197.0,78.9,2.5
Hyundai,Grand i10,2016,Petrol,Manual,Fourth & Above Owner,70000,18.9,1197.0,82.0,3.3
Hyundai,i10 Magna,2009,Petrol,Manual,Second Owner,70000,20.36,1197.0,78.9,1.8
Hyundai,i20 Magna,2010,Petrol,Manual,Second Owner,50000,18.5,1197.0,80.0,2.1
Maruti,Swift Dzire,2016,Diesel,Manual,First Owner,55000,26.59,1248.0,74.0,5.5
Tata,Nexon 1.2,2020,Petrol,Automatic,First Owner,5000,17.0,1198.0,108.5,9.5
Mahindra,Bolero 2011-2019,2013,Diesel,Manual,Second Owner,100000,15.96,2523.0,62.1,4.3
Hyundai,i10 Sportz,2014,Petrol,Manual,Second Owner,23000,20.36,1197.0,78.9,3.48
Maruti,Alto 800,2014,Petrol,Manual,Second Owner,60000,22.74,796.0,47.3,1.96
Maruti,Wagon R,2010,Petrol,Manual,Second Owner,70000,18.9,1061.0,67.0,1.5
Maruti,Wagon R,2009,Petrol,Manual,Second Owner,60000,18.9,1061.0,67.0,1.5
Tata,Safari Storme,2019,Diesel,Manual,First Owner,100000,14.1,2179.0,153.86,12.5
Maruti,Ertiga VDI,2015,Diesel,Manual,Third Owner,90000,20.77,1248.0,88.76,6.0
Tata,Nano Lx,2010,Petrol,Manual,First Owner,26432,25.4,624.0,37.48,0.65
Maruti,Omni E,2016,Petrol,Manual,First Owner,46702,16.8,796.0,34.2,2.2
Maruti,Omni E,2016,Petrol,Manual,First Owner,46706,16.8,796.0,34.2,2.2
Tata,Indica V2,2006,Petrol,Manual,First Owner,53523,16.84,1193.0,64.4,1.1
Chevrolet,Beat Diesel,2012,Diesel,Manual,First Owner,56365,25.44,936.0,56.3,1.75
Chevrolet,Spark 1.0,2011,Petrol,Manual,First Owner,49563,16.2,995.0,62.1,1.6
Maruti,800 Std,2004,Petrol,Manual,First Owner,56432,16.1,796.0,37.0,0.65
Maruti,800 AC,2002,Petrol,Manual,Second Owner,52365,16.1,796.0,37.0,0.6
Maruti,Alto LXi,2007,Petrol,Manual,Second Owner,53512,19.7,796.0,46.3,1.2
Mahindra,Ssangyong Rexton,2013,Diesel,Automatic,First Owner,40000,11.18,2696.0,184.0,10.0
Maruti,Wagon R,2010,Petrol,Manual,First Owner,46533,18.9,998.0,67.1,2.2
Maruti,Omni 8,2008,Petrol,Manual,Second Owner,58632,14.0,796.0,35.0,1.15
Mahindra,XUV500 AT,2016,Diesel,Automatic,Second Owner,80000,16.0,2179.0,140.0,8.5
Maruti,Ertiga SHVS,2016,Diesel,Manual,First Owner,70000,24.52,1248.0,88.5,7.5
Renault,KWID 1.0,2017,Petrol,Manual,First Owner,90000,23.01,999.0,67.0,2.65
Ford,Classic 1.6,2014,Petrol,Manual,Second Owner,110000,14.09,1596.0,99.6,4.5
Mahindra,Quanto C6,2013,Diesel,Manual,First Owner,90000,17.21,1493.0,100.0,2.25
Mahindra,Scorpio S10,2015,Diesel,Manual,First Owner,70000,15.4,2179.0,120.0,11.25
Maruti,Swift VXI,2009,Petrol,Manual,First Owner,80000,16.6,1197.0,85.0,2.7
Maruti,Alto LX,2007,Petrol,Manual,First Owner,78000,19.7,796.0,46.3,1.3
Mahindra,Bolero Power,2017,Diesel,Manual,First Owner,45000,16.5,1493.0,70.0,6.6
Maruti,Alto K10,2015,Petrol,Manual,Second Owner,50000,23.95,998.0,67.05,2.4
Maruti,Alto 800,2017,Petrol,Manual,First Owner,58000,24.7,796.0,47.3,2.75
Toyota,Innova 2.5,2012,Diesel,Manual,First Owner,120000,12.8,2494.0,102.0,7.5
Chevrolet,Aveo U-VA,2007,Petrol,Manual,Second Owner,30000,14.7,1150.0,76.0,0.65
Tata,Safari Storme,2017,Diesel,Manual,First Owner,162000,14.1,2179.0,147.94,8.5
Maruti,Wagon R,2016,CNG,Manual,Second Owner,50000,26.6,998.0,58.16,3.0
Hyundai,i20 1.2,2018,Petrol,Manual,Second Owner,25000,18.6,1197.0,81.83,5.55
Mahindra,Scorpio 1.99,2015,Diesel,Manual,First Owner,60000,15.4,1997.0,120.0,8.25
Hyundai,Santro Xing,2010,LPG,Manual,Third Owner,70000,13.45,1086.0,62.1,1.5
Maruti,Swift Dzire,2009,Diesel,Manual,Second Owner,138000,19.3,1248.0,73.9,1.85
Hyundai,i10 Magna,2010,Petrol,Manual,Second Owner,70000,20.36,1197.0,78.9,1.8
Maruti,Alto LXi,2010,Petrol,Manual,Second Owner,48000,19.7,796.0,46.3,1.6
Ford,Endeavour 3.0L,2012,Diesel,Automatic,First Owner,110000,11.4,2953.0,153.86,5.0
Maruti,Swift VDI,2014,Diesel,Manual,Second Owner,88000,25.2,1248.0,74.0,3.75
Toyota,Innova 2.5,2015,Diesel,Manual,First Owner,68000,12.99,2494.0,100.6,9.0
Hyundai,Grand i10,2017,Petrol,Manual,First Owner,70000,18.9,1197.0,82.0,4.6
Renault,Duster 85PS,2014,Diesel,Manual,First Owner,80000,20.45,1461.0,83.8,4.8
Maruti,Swift VDI,2013,Diesel,Manual,Third Owner,100000,22.9,1248.0,74.0,3.2
Maruti,Swift VDI,2013,Diesel,Manual,Second Owner,96000,22.9,1248.0,74.0,3.7
Maruti,Zen LX,2002,Petrol,Manual,Third Owner,30000,17.3,993.0,60.0,0.75
Maruti,Ritz LDi,2016,Diesel,Manual,Third Owner,60000,23.2,1248.0,73.94,4.0
Maruti,Swift VDI,2014,Diesel,Manual,First Owner,65000,25.2,1248.0,74.0,4.25
Maruti,Celerio ZXI,2014,Petrol,Manual,First Owner,48000,23.1,998.0,67.04,3.25
Hyundai,Grand i10,2016,Petrol,Manual,Second Owner,65300,18.9,1197.0,82.0,3.5
Hyundai,i20 1.2,2018,Petrol,Manual,First Owner,40000,18.6,1197.0,81.83,6.0
Chevrolet,Beat Diesel,2012,Diesel,Manual,Second Owner,60000,25.44,936.0,57.6,1.2
Maruti,Alto K10,2012,Petrol,Manual,Second Owner,70000,20.92,998.0,67.1,2.0
Maruti,Alto LXi,2008,Petrol,Manual,Third Owner,70000,19.7,796.0,46.3,1.0
Hyundai,Grand i10,2014,Diesel,Manual,Second Owner,70000,24.0,1120.0,70.0,3.5
Maruti,Alto LXi,2006,Petrol,Manual,Second Owner,150000,19.7,796.0,46.3,0.85
Maruti,Alto K10,2019,Petrol,Manual,First Owner,10000,23.95,998.0,67.05,3.99
Hyundai,Verna 1.6,2014,Diesel,Manual,First Owner,56000,22.32,1582.0,126.3,5.8
Datsun,RediGO T,2017,Petrol,Manual,First Owner,30000,22.7,799.0,53.64,2.9
Hyundai,Grand i10,2014,Petrol,Manual,Second Owner,50000,18.9,1197.0,82.0,3.8
Ford,Figo Diesel,2010,Diesel,Manual,First Owner,120000,20.0,1399.0,68.0,2.0
Maruti,Wagon R,2018,CNG,Manual,First Owner,40000,26.6,998.0,58.16,3.9
Hyundai,Grand i10,2017,Petrol,Manual,First Owner,27500,18.9,1197.0,81.86,5.0
Maruti,Ertiga VDI,2012,Diesel,Manual,First Owner,73000,20.77,1248.0,88.76,5.2
Maruti,Swift Dzire,2017,Diesel,Manual,First Owner,75000,26.59,1248.0,74.0,6.5
Renault,KWID Climber,2018,Petrol,Manual,First Owner,5000,23.01,999.0,67.0,3.8
Maruti,Wagon R,2010,LPG,Manual,First Owner,50000,26.2,998.0,58.2,2.75
Maruti,Swift Dzire,2015,Diesel,Manual,First Owner,70000,26.59,1248.0,74.0,5.2
Maruti,Swift Dzire,2015,Diesel,Manual,First Owner,60000,26.59,1248.0,74.0,6.1
Maruti,Wagon R,2004,Petrol,Manual,First Owner,110000,18.9,998.0,67.1,0.85
Renault,Duster 85PS,2013,Diesel,Manual,First Owner,95000,20.46,1461.0,83.8,4.9
Hyundai,EON Era,2015,Petrol,Manual,Second Owner,34000,21.1,814.0,55.2,2.3
Hyundai,Grand i10,2015,Petrol,Manual,First Owner,25000,18.9,1197.0,82.0,4.11
Maruti,Eeco CNG,2019,CNG,Manual,Second Owner,120000,21.94,1196.0,61.7,3.62
Toyota,Etios Cross,2014,Diesel,Manual,First Owner,31000,23.59,1364.0,67.06,5.5
Maruti,Wagon R,2018,CNG,Manual,First Owner,70000,26.6,998.0,58.16,4.6
Maruti,Ritz VXi,2011,Petrol,Manual,First Owner,47000,18.5,1197.0,85.8,1.9
Hyundai,Santro Magna,2019,Petrol,Automatic,First Owner,5000,20.3,1086.0,68.0,4.99
Maruti,Eeco 7,2018,Petrol,Manual,First Owner,44000,15.37,1196.0,73.0,3.58
Toyota,Etios Diesel,2012,Diesel,Manual,Second Owner,120000,23.59,1364.0,67.1,2.78
Fiat,Grande Punto,2014,Diesel,Manual,First Owner,39395,21.2,1248.0,75.0,3.2
Renault,Fluence 1.5,2013,Diesel,Manual,Second Owner,67000,20.4,1461.0,108.5,5.8
Honda,City VX,2019,Petrol,Automatic,First Owner,20000,17.4,1497.0,117.6,13.0
Honda,Amaze VX,2018,Diesel,Manual,First Owner,40000,25.8,1498.0,98.6,8.25
Toyota,Corolla AE,2004,Petrol,Manual,Second Owner,120000,13.4,1794.0,125.0,1.7
Toyota,Fortuner 4x4,2014,Diesel,Manual,Second Owner,80000,12.55,2982.0,168.5,17.0
Hyundai,Santro Sportz,2018,Petrol,Manual,First Owner,7000,20.3,1086.0,68.0,4.9
Mahindra,XUV500 W4,2018,Diesel,Manual,First Owner,15000,16.0,2179.0,140.0,10.5
Chevrolet,Beat LT,2016,Petrol,Manual,First Owner,50000,18.6,1199.0,76.8,2.1
Mahindra,Scorpio Intelli,2016,Diesel,Manual,First Owner,30000,15.4,2179.0,120.0,12.5
Maruti,Swift VDI,2012,Diesel,Manual,Second Owner,120000,22.9,1248.0,74.0,3.2
Chevrolet,Optra Magnum,2012,Diesel,Manual,First Owner,64000,16.52,1991.0,123.7,4.0
Maruti,Ritz VDi,2013,Diesel,Manual,First Owner,120000,23.2,1248.0,73.94,3.2
Toyota,Corolla Altis,2012,Diesel,Manual,First Owner,85000,21.43,1364.0,87.2,6.0
Maruti,Alto K10,2012,Petrol,Manual,First Owner,50000,20.92,998.0,67.1,2.75
Maruti,Alto LXi,2009,Petrol,Manual,Second Owner,59000,19.7,796.0,46.3,1.7
Chevrolet,Beat Diesel,2012,Diesel,Manual,First Owner,98000,25.44,936.0,57.6,1.55
Renault,Duster 85PS,2015,Diesel,Manual,Second Owner,140000,20.45,1461.0,83.8,6.2
Hyundai,Grand i10,2017,Petrol,Manual,First Owner,50000,18.9,1197.0,81.86,5.3
Toyota,Etios Liva,2015,Diesel,Manual,First Owner,40000,23.59,1364.0,67.04,5.5
Honda,City i,2014,Diesel,Manual,First Owner,90000,26.0,1498.0,98.6,6.0
Mahindra,XUV500 W4,2014,Diesel,Manual,Third Owner,117000,15.1,2179.0,140.0,6.49
Honda,City i,2014,Diesel,Manual,First Owner,90000,26.0,1498.0,98.6,6.25
Chevrolet,Spark 1.0,2010,Petrol,Manual,First Owner,70000,16.0,995.0,63.0,1.25
Chevrolet,Tavera Neo,2009,Diesel,Manual,Second Owner,230000,13.58,2499.0,72.4,3.05
Maruti,SX4 ZXI,2010,Petrol,Manual,Second Owner,155000,15.5,1586.0,103.3,2.85
Tata,Xenon XT,2015,Diesel,Manual,Second Owner,60000,13.49,2179.0,138.03,6.0
Mahindra,KUV 100,2016,Petrol,Manual,First Owner,110000,18.15,1198.0,82.0,4.26
Tata,Indica Vista,2010,Diesel,Manual,First Owner,120000,17.0,1405.0,71.0,1.8
Hyundai,Verna 1.6,2011,Diesel,Manual,Second Owner,100000,22.32,1582.0,126.32,4.0
Chevrolet,Beat LS,2010,Petrol,Manual,Second Owner,40000,18.6,1199.0,79.4,1.2
Tata,Manza Aura,2012,Diesel,Manual,Second Owner,110000,21.12,1248.0,88.8,3.0
Maruti,Alto K10,2011,Petrol,Manual,Second Owner,92500,20.92,998.0,67.1,1.9
Maruti,Alto 800,2017,Petrol,Manual,First Owner,20000,24.7,796.0,47.3,3.1
Renault,KWID RXL,2019,Petrol,Manual,First Owner,15000,25.17,799.0,53.3,3.8
Mahindra,Bolero Power,2019,Diesel,Manual,First Owner,14000,16.5,1493.0,70.0,7.4
Datsun,RediGO T,2016,Petrol,Manual,First Owner,35000,22.7,799.0,53.64,2.6
Maruti,Alto K10,2017,Petrol,Manual,Second Owner,32000,23.95,998.0,67.05,3.2
Maruti,Wagon R,2013,CNG,Manual,First Owner,90000,26.6,998.0,58.16,2.11
Maruti,Swift Dzire,2018,Petrol,Manual,First Owner,35000,22.0,1197.0,81.8,6.5
Maruti,Swift Dzire,2017,Diesel,Manual,Second Owner,32500,28.4,1248.0,74.02,6.51
Maruti,Alto K10,2019,Petrol,Automatic,First Owner,14000,23.95,998.0,67.05,3.8
Chevrolet,Beat Diesel,2014,Diesel,Manual,Third Owner,70000,25.44,936.0,56.3,1.6
Hyundai,Verna VTVT,2019,Petrol,Automatic,First Owner,20000,17.0,1591.0,121.3,12.7
Maruti,Wagon R,2011,LPG,Manual,First Owner,300000,26.2,998.0,58.2,3.0
Maruti,Swift VDI,2015,Diesel,Manual,First Owner,100000,25.2,1248.0,74.0,4.05
Mahindra,XUV500 W8,2015,Diesel,Manual,First Owner,64800,15.1,2179.0,140.0,8.5
Mahindra,Bolero Power,2017,Diesel,Manual,First Owner,90000,16.5,1493.0,70.0,6.8
Hyundai,Xcent 1.2,2014,Petrol,Manual,First Owner,80000,19.1,1197.0,82.0,4.27
Hyundai,Verna 1.4,2015,Diesel,Manual,First Owner,248000,24.8,1396.0,88.7,5.25
Toyota,Innova 2.5,2014,Diesel,Manual,Second Owner,60000,12.99,2494.0,100.6,10.2
Toyota,Innova 2.5,2005,Diesel,Manual,First Owner,120000,12.8,2494.0,102.0,2.45
Hyundai,Elantra CRDi,2015,Diesel,Manual,First Owner,120000,22.7,1582.0,126.2,8.7
Maruti,Wagon R,2010,LPG,Manual,First Owner,66444,26.2,998.0,58.2,1.6
Maruti,Vitara Brezza,2016,Diesel,Manual,First Owner,86000,24.3,1248.0,88.5,7.0
Nissan,Sunny Diesel,2012,Diesel,Manual,First Owner,90000,21.64,1461.0,84.8,3.0
Honda,Civic 1.8,2007,Petrol,Automatic,First Owner,218463,12.9,1799.0,130.0,1.75
Toyota,Innova 2.5,2012,Diesel,Manual,First Owner,153000,12.8,2494.0,102.0,9.6
Mahindra,Thar CRDe,2014,Diesel,Manual,Second Owner,70000,16.55,2498.0,105.0,5.25
Hyundai,Grand i10,2015,Diesel,Manual,First Owner,60000,24.0,1120.0,70.0,3.45
Honda,Amaze S,2015,Petrol,Manual,First Owner,50000,18.0,1198.0,86.7,3.9
Datsun,GO T,2015,Petrol,Manual,First Owner,20000,20.63,1198.0,67.0,2.75
Chevrolet,Sail 1.2,2014,Petrol,Manual,First Owner,35000,18.2,1199.0,82.4,3.1
Hyundai,Grand i10,2017,Petrol,Manual,First Owner,20000,18.9,1197.0,81.86,5.0
Chevrolet,Sail Hatchback,2013,Diesel,Manual,First Owner,70000,22.1,1248.0,76.9,2.0
Volkswagen,Polo 2015-2019,2018,Diesel,Manual,First Owner,53000,20.14,1498.0,88.0,6.5
Honda,City i-DTEC,2018,Diesel,Manual,First Owner,60000,25.6,1498.0,97.9,10.31
Hyundai,EON 1.0,2018,Petrol,Manual,First Owner,70000,20.3,998.0,68.05,3.3
Hyundai,Santro Era,2019,Petrol,Manual,First Owner,4000,20.3,1086.0,68.0,3.99
Hyundai,i10 Magna,2012,Petrol,Manual,First Owner,103000,20.36,1197.0,78.9,2.5
Hyundai,Grand i10,2017,Diesel,Manual,First Owner,20000,24.0,1186.0,73.97,6.0
Maruti,Swift VDI,2013,Diesel,Manual,First Owner,77000,22.9,1248.0,74.0,3.75
Volkswagen,Vento Diesel,2012,Diesel,Manual,First Owner,90000,20.54,1598.0,103.6,3.75
Hyundai,Verna 1.6,2013,Diesel,Manual,Second Owner,87185,22.32,1582.0,126.3,4.45
Maruti,Wagon R,2003,Petrol,Manual,Second Owner,167000,18.9,998.0,67.1,0.55
Hyundai,i20 2015-2017,2016,Diesel,Manual,First Owner,77000,22.54,1396.0,88.73,6.11
Hyundai,Verna 1.4,2014,Diesel,Manual,Second Owner,110000,24.8,1396.0,88.7,4.6
Ford,Fiesta EXi,2011,Diesel,Manual,Second Owner,120000,17.8,1399.0,68.0,2.75
Hyundai,Santro Xing,2011,CNG,Manual,First Owner,170000,11.88,1086.0,62.1,1.85
Hyundai,Verna 1.6,2012,Diesel,Manual,Second Owner,100000,22.32,1582.0,126.32,3.9
Chevrolet,Spark 1.0,2007,Petrol,Manual,Second Owner,40000,18.0,995.0,62.0,0.72
Tata,Indica V2,2007,Diesel,Manual,First Owner,50000,17.88,1396.0,52.8,0.9
Toyota,Etios GD,2015,Diesel,Manual,First Owner,125000,23.59,1364.0,67.05,5.0
Maruti,Wagon R,2011,CNG,Manual,First Owner,137000,26.2,998.0,58.2,2.0
Mahindra,XUV500 W9,2019,Diesel,Manual,First Owner,18000,15.1,2179.0,152.87,15.75
Hyundai,Grand i10,2015,Petrol,Manual,First Owner,30000,18.9,1197.0,82.0,5.11
Fiat,Grande Punto,2009,Petrol,Manual,First Owner,55000,14.6,1368.0,88.7,1.5
Toyota,Innova Crysta,2020,Petrol,Automatic,First Owner,40000,10.75,2694.0,163.7,15.0
Maruti,Alto 800,2013,Petrol,Manual,Second Owner,80000,22.74,796.0,47.3,1.85
Maruti,Baleno Delta,2018,Petrol,Manual,First Owner,30000,21.4,1197.0,83.1,5.5
Maruti,Alto K10,2017,Petrol,Manual,First Owner,3564,23.95,998.0,67.05,3.25
Maruti,Swift Dzire,2015,Diesel,Manual,First Owner,80000,26.59,1248.0,74.0,5.25
Force,One SX,2018,Diesel,Manual,First Owner,13000,17.0,2200.0,139.01,10.5
Tata,Indigo CS,2012,Diesel,Manual,First Owner,120000,25.0,1396.0,69.0,3.0
Chevrolet,Beat LT,2011,Petrol,Manual,First Owner,90000,18.6,1199.0,79.4,1.2
Jaguar,XE 2016-2019,2017,Diesel,Automatic,First Owner,9000,13.6,1999.0,177.0,26.25
Lexus,ES 300h,2019,Petrol,Automatic,First Owner,20000,22.37,2487.0,214.56,51.5
Jaguar,XF 2.0,2017,Diesel,Automatic,First Owner,45000,19.33,1999.0,177.0,32.0
Tata,Safari Storme,2015,Diesel,Manual,First Owner,110000,14.1,2179.0,147.94,5.03
Volvo,XC40 D4,2019,Diesel,Automatic,First Owner,20000,18.0,1969.0,190.0,38.0
Toyota,Camry 2.5,2016,Petrol,Automatic,First Owner,68089,19.16,2494.0,157.7,20.0
Maruti,Wagon R,2013,Petrol,Manual,First Owner,58343,21.79,998.0,67.05,2.25
Maruti,Baleno Alpha,2018,Diesel,Manual,First Owner,38817,27.39,1248.0,74.0,7.4
Honda,Jazz VX,2016,Petrol,Manual,First Owner,56494,18.2,1199.0,88.7,5.5
Toyota,Innova 2.5,2013,Diesel,Manual,Second Owner,79328,12.99,2494.0,100.6,7.5
Maruti,Swift AMT,2019,Petrol,Automatic,First Owner,5621,22.0,1197.0,81.8,6.5
Toyota,Etios VX,2017,Petrol,Manual,First Owner,25538,16.78,1496.0,88.73,6.25
Maruti,Swift AMT,2018,Petrol,Automatic,First Owner,69779,22.0,1197.0,81.8,6.0
Hyundai,Grand i10,2017,Diesel,Manual,First Owner,56290,24.0,1186.0,73.97,4.5
BMW,X4 M,2019,Diesel,Automatic,First Owner,7500,16.78,1995.0,190.0,54.0
BMW,X4 M,2019,Diesel,Automatic,First Owner,8500,16.78,1995.0,190.0,55.0
Honda,Amaze V,2019,Petrol,Automatic,First Owner,7032,19.0,1199.0,88.76,7.79
Skoda,Rapid 1.6,2016,Petrol,Automatic,First Owner,11000,14.3,1598.0,103.5,6.45
Volvo,V40 D3,2018,Diesel,Automatic,First Owner,2000,16.8,1984.0,150.0,24.75
Hyundai,Santro Xing,2011,Petrol,Manual,Third Owner,50000,17.92,1086.0,62.1,1.7
Tata,Indigo CS,2010,Diesel,Manual,First Owner,42000,23.03,1396.0,69.0,3.2
Maruti,Celerio ZXI,2016,Petrol,Automatic,First Owner,17000,23.1,998.0,67.04,3.5
Maruti,Swift AMT,2018,Petrol,Automatic,First Owner,40000,22.0,1197.0,81.8,5.0
Tata,Indigo LS,2009,Diesel,Manual,Second Owner,137000,17.0,1405.0,70.0,1.35
Renault,KWID RXL,2018,Petrol,Manual,First Owner,20000,25.17,799.0,53.3,3.4
Hyundai,Grand i10,2020,Petrol,Manual,Second Owner,70000,18.9,1197.0,81.86,3.3
Maruti,SX4 Vxi,2011,Petrol,Manual,Second Owner,48756,15.5,1586.0,103.3,3.5
Toyota,Fortuner 4x2,2015,Diesel,Automatic,Second Owner,30000,12.55,2982.0,168.5,18.5
Hyundai,Xcent 1.1,2016,Diesel,Manual,First Owner,110000,24.4,1120.0,71.0,4.0
Ford,Fiesta Classic,2014,Diesel,Manual,First Owner,80322,17.8,1399.0,67.0,3.25
Mahindra,Scorpio 1.99,2015,Diesel,Manual,First Owner,35000,15.4,1997.0,120.0,10.0
Mahindra,Scorpio S2,2017,Diesel,Manual,First Owner,110000,15.4,2523.0,75.0,8.5
Maruti,SX4 ZDI,2012,Diesel,Manual,Second Owner,70000,21.5,1248.0,88.8,3.5
Jaguar,XE 2016-2019,2017,Diesel,Automatic,First Owner,9000,13.6,1999.0,177.0,26.25
Lexus,ES 300h,2019,Petrol,Automatic,First Owner,20000,22.37,2487.0,214.56,51.5
Jaguar,XF 2.0,2017,Diesel,Automatic,First Owner,45000,19.33,1999.0,177.0,32.0
Tata,Safari Storme,2015,Diesel,Manual,First Owner,110000,14.1,2179.0,147.94,5.03
Volvo,XC40 D4,2019,Diesel,Automatic,First Owner,20000,18.0,1969.0,190.0,38.0
Toyota,Camry 2.5,2016,Petrol,Automatic,First Owner,68089,19.16,2494.0,157.7,20.0
Maruti,Wagon R,2013,Petrol,Manual,First Owner,58343,21.79,998.0,67.05,2.25
Maruti,Baleno Alpha,2018,Diesel,Manual,First Owner,38817,27.39,1248.0,74.0,7.4
Honda,Jazz VX,2016,Petrol,Manual,First Owner,56494,18.2,1199.0,88.7,5.5
Toyota,Innova 2.5,2013,Diesel,Manual,Second Owner,79328,12.99,2494.0,100.6,7.5
Maruti,Swift AMT,2019,Petrol,Automatic,First Owner,5621,22.0,1197.0,81.8,6.5
Toyota,Etios VX,2017,Petrol,Manual,First Owner,25538,16.78,1496.0,88.73,6.25
Maruti,Swift AMT,2018,Petrol,Automatic,First Owner,69779,22.0,1197.0,81.8,6.0
Hyundai,Grand i10,2017,Diesel,Manual,First Owner,56290,24.0,1186.0,73.97,4.5
BMW,X4 M,2019,Diesel,Automatic,First Owner,7500,16.78,1995.0,190.0,54.0
BMW,X4 M,2019,Diesel,Automatic,First Owner,8500,16.78,1995.0,190.0,55.0
Honda,Amaze V,2019,Petrol,Automatic,First Owner,7032,19.0,1199.0,88.76,7.79
Skoda,Rapid 1.6,2016,Petrol,Automatic,First Owner,11000,14.3,1598.0,103.5,6.45
Volvo,V40 D3,2018,Diesel,Automatic,First Owner,2000,16.8,1984.0,150.0,24.75
Honda,Mobilio RS,2015,Diesel,Manual,Second Owner,120000,24.5,1498.0,98.6,5.5
Tata,Safari Storme,2015,Diesel,Manual,First Owner,60000,14.0,2179.0,138.1,9.25
Mahindra,Scorpio VLX,2010,Diesel,Automatic,Second Owner,97000,11.79,2179.0,120.0,5.1
Mahindra,Xylo D2,2011,Diesel,Manual,Second Owner,100000,13.0,2489.0,95.0,2.5
Hyundai,i20 Active,2015,Petrol,Manual,First Owner,36000,17.19,1197.0,81.86,5.0
Hyundai,Creta 1.4,2019,Diesel,Manual,First Owner,27000,21.38,1396.0,88.7,10.5
Maruti,Swift Dzire,2014,Diesel,Manual,First Owner,50000,23.4,1248.0,74.0,4.9
Maruti,Eeco 5,2020,Petrol,Manual,First Owner,15000,15.37,1196.0,73.0,4.15
Maruti,Alto 800,2013,Petrol,Manual,Second Owner,60000,22.74,796.0,47.3,1.9
Maruti,Swift Dzire,2018,Diesel,Manual,First Owner,120000,28.4,1248.0,74.02,6.8
Maruti,Alto 800,2013,Petrol,Manual,Second Owner,60000,22.74,796.0,47.3,1.9
Mahindra,Scorpio 2009-2014,2013,Diesel,Manual,First Owner,173000,12.05,2179.0,120.0,4.79
Maruti,Alto 800,2016,Petrol,Manual,Second Owner,60000,22.74,796.0,47.3,2.7
Hyundai,i10 Era,2008,Petrol,Manual,Third Owner,70000,19.81,1086.0,68.05,1.7
Maruti,Ciaz 1.4,2018,Petrol,Manual,First Owner,25000,20.73,1373.0,91.1,7.64
Mahindra,Bolero 2011-2019,2019,Diesel,Manual,First Owner,30000,15.96,2523.0,62.1,7.1
Maruti,Alto 800,2017,Petrol,Manual,First Owner,35000,24.7,796.0,47.3,3.1
Mahindra,Bolero Power,2017,Diesel,Manual,Second Owner,100000,16.5,1493.0,70.0,6.2
Hyundai,EON Sportz,2017,Petrol,Manual,Second Owner,31000,21.1,814.0,55.2,2.8
Toyota,Fortuner 4x2,2015,Diesel,Automatic,Second Owner,80000,12.55,2982.0,168.5,15.0
Hyundai,Grand i10,2016,Petrol,Manual,First Owner,40000,18.9,1197.0,82.0,4.5
Mercedes-Benz,GLA Class,2017,Diesel,Automatic,Second Owner,10000,17.9,2143.0,136.0,21.99
Mercedes-Benz,M-Class ML,2013,Diesel,Automatic,First Owner,50000,11.74,2987.0,254.8,36.0
Ford,Fiesta Classic,2008,Petrol,Manual,Second Owner,60000,15.3,1596.0,99.6,2.85
Toyota,Innova 2.5,2007,Diesel,Manual,Second Owner,210000,12.8,2494.0,102.0,4.65
BMW,3 Series,2009,Diesel,Automatic,Second Owner,60000,16.07,1995.0,181.0,11.0
Volkswagen,Vento Diesel,2011,Diesel,Manual,Second Owner,110000,20.54,1598.0,103.6,3.5
Maruti,Ertiga BSIV,2017,Petrol,Manual,First Owner,35000,17.5,1373.0,91.1,6.0
Maruti,Baleno Delta,2017,Petrol,Manual,First Owner,35000,21.4,1197.0,83.1,5.7
Maruti,Alto K10,2016,Petrol,Manual,First Owner,20000,23.95,998.0,67.05,3.25
Mahindra,XUV500 AT,2016,Diesel,Automatic,First Owner,54000,16.0,1997.0,140.0,9.75
Hyundai,i20 2015-2017,2015,Petrol,Manual,First Owner,60000,18.6,1197.0,81.83,4.8
Maruti,Alto 800,2014,Petrol,Manual,First Owner,10300,22.74,796.0,47.3,1.85
Hyundai,Creta 1.6,2015,Diesel,Automatic,First Owner,50000,17.01,1582.0,126.2,10.5
Maruti,Baleno Alpha,2019,Petrol,Manual,First Owner,3000,21.01,1197.0,81.8,7.6
Volkswagen,Polo 2015-2019,2019,Petrol,Manual,First Owner,5000,18.78,999.0,75.0,5.7
Maruti,Baleno Alpha,2018,Petrol,Manual,First Owner,13000,21.4,1197.0,83.1,7.0
Ford,EcoSport 1.5,2015,Petrol,Automatic,First Owner,30000,15.63,1499.0,110.4,7.75
BMW,7 Series,2007,Diesel,Automatic,Second Owner,60000,14.49,2993.0,258.0,7.5
Chevrolet,Spark 1.0,2010,Petrol,Manual,Second Owner,100000,18.0,995.0,62.0,1.4
Maruti,Alto 800,2016,Petrol,Manual,First Owner,40000,22.74,796.0,47.3,2.2
Hyundai,Santro Xing,2013,Petrol,Manual,First Owner,15000,0.0,1086.0,62.1,1.84
Hyundai,i20 2015-2017,2017,Petrol,Manual,Second Owner,50000,18.6,1197.0,81.83,4.4
Hyundai,i20 Active,2017,Diesel,Manual,First Owner,80000,21.19,1396.0,88.73,6.5
Mahindra,TUV 300,2017,Diesel,Automatic,First Owner,50000,18.49,1493.0,100.0,6.6
Maruti,Eeco CNG,2017,CNG,Manual,First Owner,30000,21.94,1196.0,61.7,3.8
Toyota,Corolla Altis,2012,Diesel,Manual,Second Owner,125000,21.43,1364.0,87.2,4.15
Hyundai,i10 Magna,2012,Petrol,Manual,First Owner,110000,19.81,1086.0,68.05,2.25
Maruti,Ertiga VDI,2013,Diesel,Manual,Second Owner,30000,20.77,1248.0,88.76,6.0
Maruti,Ertiga ZDI,2014,Diesel,Manual,Second Owner,148000,20.77,1248.0,88.8,6.2
Mahindra,TUV 300,2016,Diesel,Manual,First Owner,35000,18.49,1493.0,100.0,7.5
Hyundai,Grand i10,2016,Petrol,Manual,Second Owner,80000,18.9,1197.0,82.0,4.0
Maruti,Wagon R,2005,Petrol,Manual,First Owner,110000,18.9,998.0,67.1,1.1
Tata,Indica Vista,2012,Diesel,Manual,Second Owner,95000,19.4,1405.0,70.0,1.19
Honda,Amaze S,2015,Diesel,Manual,First Owner,25000,25.8,1498.0,98.6,6.0
Maruti,Zen Estilo,2011,CNG,Manual,First Owner,80000,26.3,998.0,67.1,2.0
Tata,Zest Quadrajet,2014,Diesel,Manual,Second Owner,60000,23.0,1248.0,88.7,2.8
Skoda,Rapid 1.6,2013,Petrol,Manual,First Owner,100000,15.0,1598.0,105.0,3.75
Datsun,GO Plus,2016,Petrol,Manual,First Owner,50000,19.44,1198.0,67.0,3.5
Hyundai,Xcent 1.2,2017,Diesel,Manual,First Owner,31000,25.4,1186.0,73.97,6.2
Maruti,Swift Dzire,2017,Diesel,Manual,First Owner,120000,26.59,1248.0,74.0,5.7
Maruti,Swift Dzire,2012,Diesel,Manual,Second Owner,105000,19.3,1248.0,73.9,2.9
Maruti,Ertiga SHVS,2016,Diesel,Manual,First Owner,120000,24.52,1248.0,88.5,7.11
Maruti,Swift VDI,2012,Diesel,Manual,First Owner,60000,22.9,1248.0,74.0,3.7
Maruti,Dzire LXI,2020,Petrol,Manual,First Owner,15000,23.26,1197.0,88.5,5.5
Maruti,Swift VXI,2013,Petrol,Manual,Second Owner,150000,18.6,1197.0,85.8,3.25
Honda,Amaze VX,2018,Diesel,Manual,First Owner,93000,27.4,1498.0,98.63,6.7
Hyundai,i10 Magna,2017,Petrol,Manual,Second Owner,42000,19.81,1086.0,68.05,3.85
Hyundai,Santro Xing,2008,Petrol,Manual,Second Owner,80000,17.92,1086.0,62.1,1.15
Hyundai,Santro Xing,2010,Petrol,Manual,First Owner,90000,17.92,1086.0,62.1,2.0
Maruti,Vitara Brezza,2019,Diesel,Automatic,First Owner,6500,24.3,1248.0,88.5,8.6
Maruti,Baleno Delta,2018,Diesel,Manual,First Owner,60000,27.39,1248.0,74.0,6.0
Maruti,Alto K10,2016,Petrol,Manual,First Owner,110000,23.95,998.0,67.05,2.65
Tata,Indica V2,2015,CNG,Manual,Second Owner,60000,23.7,1193.0,55.23,1.55
Maruti,S-Cross 2017-2020,2019,Diesel,Manual,First Owner,60000,25.1,1248.0,88.5,9.0
Maruti,Ertiga VDI,2013,Diesel,Manual,Third Owner,170000,20.77,1248.0,88.76,6.5
Maruti,800 EX,2004,Petrol,Manual,Second Owner,220000,16.1,796.0,37.0,0.7
Maruti,Alto 800,2012,Petrol,Manual,First Owner,80000,22.74,796.0,47.3,1.8
Hyundai,EON Magna,2013,Petrol,Manual,First Owner,57000,21.1,814.0,55.2,2.0
Hyundai,i10 Magna,2014,Petrol,Manual,First Owner,100000,19.81,1086.0,68.05,3.0
Hyundai,Verna 1.6,2015,Petrol,Manual,First Owner,40000,17.01,1591.0,121.3,6.5
Maruti,Alto 800,2014,Petrol,Manual,First Owner,40000,22.74,796.0,47.3,2.67
Maruti,Wagon R,2018,CNG,Manual,First Owner,50000,26.6,998.0,58.16,4.5
Hyundai,Grand i10,2014,Petrol,Manual,Second Owner,90000,18.9,1197.0,82.0,4.0
Mahindra,Xylo D4,2012,Diesel,Manual,First Owner,86000,14.0,2498.0,112.0,3.1
Tata,Nano Cx,2009,Petrol,Manual,First Owner,15000,26.0,624.0,35.0,0.7
Mahindra,Bolero 2011-2019,2017,Diesel,Manual,Second Owner,70000,15.96,2523.0,62.1,6.75
Ford,Classic 1.6,2013,Petrol,Manual,First Owner,120000,14.09,1596.0,99.6,3.5
Maruti,Alto K10,2014,Petrol,Manual,Second Owner,80000,23.95,998.0,67.05,2.4
Tata,Indigo CS,2014,Diesel,Manual,Second Owner,80000,19.09,1405.0,69.01,1.85
Hyundai,EON Era,2017,Petrol,Manual,First Owner,50000,21.1,814.0,55.2,2.5
Maruti,Alto LXi,2009,Petrol,Manual,First Owner,100000,19.7,796.0,46.3,1.35
Hyundai,Verna 1.6,2011,Diesel,Manual,First Owner,80000,22.32,1582.0,126.32,5.0
Tata,New Safari,2010,Diesel,Manual,First Owner,108957,13.93,2179.0,138.0,3.0
Tata,Tiago 1.2,2017,Petrol,Manual,Second Owner,68000,23.84,1199.0,84.0,3.28
Mahindra,Bolero 2011-2019,2015,Diesel,Manual,First Owner,65000,15.96,2523.0,62.1,5.1
Mahindra,Xylo H9,2015,Diesel,Manual,Second Owner,110000,14.02,2179.0,118.3,5.75
Mahindra,Xylo E8,2012,Diesel,Manual,First Owner,50000,12.2,2498.0,112.0,7.0
Maruti,Wagon R,2008,Petrol,Manual,Third Owner,100000,18.9,1061.0,67.0,1.05
Maruti,800 AC,2008,Petrol,Manual,Second Owner,80000,16.1,796.0,37.0,0.6
Maruti,Alto LXi,2008,Petrol,Manual,Third Owner,80000,19.7,796.0,46.3,1.13
Tata,Indica Vista,2015,Diesel,Manual,Second Owner,120000,19.1,1405.0,70.0,2.3
Ford,Figo Diesel,2012,Diesel,Manual,First Owner,150000,20.0,1399.0,68.0,3.25
Hyundai,i20 1.2,2017,Petrol,Manual,First Owner,20000,18.6,1197.0,81.83,6.5
Tata,Indigo LX,2009,Diesel,Manual,Second Owner,80000,17.0,1405.0,70.0,0.85
Honda,Mobilio RS,2015,Diesel,Manual,Second Owner,93000,24.5,1498.0,98.6,5.7
Maruti,Swift VDI,2015,Diesel,Manual,First Owner,134000,25.2,1248.0,74.0,5.25
Hyundai,i20 Magna,2013,Petrol,Manual,Second Owner,90000,18.5,1197.0,82.85,3.5
Maruti,Swift VXI,2007,Petrol,Manual,First Owner,60000,16.6,1197.0,85.0,2.5
Mahindra,Xylo D2,2010,Diesel,Manual,Second Owner,120000,14.0,2489.0,95.0,3.0
Jeep,Compass 2.0,2017,Diesel,Manual,First Owner,30000,17.1,1956.0,170.0,13.25
Hyundai,i20 2015-2017,2017,Diesel,Manual,First Owner,22200,22.54,1396.0,88.73,6.5
Hyundai,Grand i10,2018,Petrol,Manual,First Owner,6000,18.9,1197.0,81.86,5.2
Maruti,Swift VXI,2016,Petrol,Manual,First Owner,32000,20.4,1197.0,81.8,5.0
Renault,KWID RXL,2016,Petrol,Manual,First Owner,90000,25.17,799.0,53.3,2.2
Maruti,Ciaz 1.3,2017,Diesel,Manual,Third Owner,78000,28.09,1248.0,88.5,6.5
Honda,WR-V i-VTEC,2017,Petrol,Manual,First Owner,12000,17.5,1199.0,88.7,8.2
Renault,Duster 85PS,2016,Diesel,Manual,First Owner,120000,19.87,1461.0,83.8,6.45
Maruti,Ertiga SHVS,2015,Diesel,Manual,First Owner,40000,24.52,1248.0,88.5,7.8
Honda,City 2017-2020,2008,Petrol,Manual,Second Owner,110000,17.7,1497.0,78.0,2.15
Toyota,Innova 2.5,2007,Diesel,Manual,Third Owner,260000,12.8,2494.0,102.0,6.0
Maruti,Alto LX,2011,Petrol,Manual,First Owner,10000,19.7,796.0,46.3,1.15
Tata,Indica V2,2012,Petrol,Manual,First Owner,12000,16.84,1193.0,64.4,0.75
Chevrolet,Beat LT,2011,Petrol,Manual,First Owner,60000,18.6,1199.0,79.4,1.2
Renault,KWID RXT,2016,Petrol,Manual,First Owner,41000,25.17,799.0,53.3,2.5
Maruti,Omni E,2018,Petrol,Manual,First Owner,25000,16.8,796.0,34.2,2.0
Hyundai,Xcent 1.2,2015,Petrol,Manual,First Owner,30000,19.1,1197.0,82.0,3.8
Honda,Amaze S,2018,Diesel,Manual,First Owner,50000,25.8,1498.0,98.6,5.6
Maruti,Ignis 1.2,2018,Petrol,Manual,First Owner,10000,20.89,1197.0,81.8,5.75
Mahindra,Bolero Power,2017,Diesel,Manual,First Owner,40000,16.5,1493.0,70.0,6.2
Mahindra,Scorpio VLX,2012,Diesel,Manual,First Owner,120000,12.05,2179.0,120.0,5.25
Maruti,Swift Dzire,2017,Diesel,Manual,First Owner,40000,26.59,1248.0,74.0,6.35
Renault,Duster Adventure,2016,Diesel,Manual,First Owner,80000,19.72,1461.0,108.45,6.5
Maruti,800 Std,2001,Petrol,Manual,First Owner,42108,16.1,796.0,37.0,0.39
Ford,Figo Aspire,2017,Diesel,Manual,Second Owner,70000,25.83,1498.0,99.0,5.5
Maruti,Ritz VDi,2009,Diesel,Manual,Third Owner,150000,21.1,1248.0,73.9,1.45
Tata,Indigo LS,2007,Diesel,Manual,Third Owner,100000,16.1,1405.0,70.0,1.3
Maruti,Ertiga ZDI,2017,Diesel,Manual,First Owner,79000,25.47,1248.0,88.5,8.25
Toyota,Fortuner 4x2,2015,Diesel,Automatic,Second Owner,91000,12.55,2982.0,168.5,16.5
Maruti,Vitara Brezza,2018,Diesel,Manual,First Owner,50000,24.3,1248.0,88.5,8.75
Maruti,Ciaz ZDi,2016,Diesel,Manual,Second Owner,81000,28.09,1248.0,88.5,6.5
Jaguar,XF 3.0,2014,Diesel,Automatic,First Owner,51000,14.74,2993.0,270.9,20.0
BMW,X1 sDrive,2018,Diesel,Automatic,First Owner,27000,17.05,1995.0,184.0,28.5
Audi,Q3 35,2018,Diesel,Automatic,First Owner,26000,15.73,1968.0,174.33,28.0
BMW,5 Series,2018,Diesel,Automatic,First Owner,17100,22.48,1995.0,187.74,39.0
Chevrolet,Sail 1.3,2013,Diesel,Manual,First Owner,56000,22.1,1248.0,74.0,2.46
Honda,Amaze S,2013,Diesel,Manual,Second Owner,60000,24.7,1498.0,98.63,3.25
Jeep,Compass 1.4,2019,Petrol,Automatic,First Owner,22000,16.0,1368.0,160.0,14.5
Honda,BRV i-VTEC,2017,Petrol,Automatic,First Owner,30000,15.4,1497.0,117.3,8.5
Volkswagen,Vento 1.5,2015,Diesel,Manual,First Owner,43001,22.27,1498.0,108.6,5.6
Maruti,Ertiga VDI,2015,Diesel,Manual,First Owner,60000,25.47,1248.0,88.5,5.75
Maruti,Celerio VXi,2019,Petrol,Automatic,First Owner,9000,21.63,998.0,67.04,4.7
Tata,Indigo CS,2014,Diesel,Manual,First Owner,65000,19.09,1405.0,69.01,2.21
Toyota,Innova 2.5,2014,Diesel,Manual,First Owner,95000,12.99,2494.0,100.6,6.8
Ford,Endeavour 2.5L,2013,Diesel,Manual,First Owner,62000,13.1,2499.0,141.0,7.0
Volvo,S60 D4,2016,Diesel,Automatic,First Owner,48000,9.0,1984.0,181.0,19.5
Hyundai,Creta 1.6,2015,Diesel,Automatic,First Owner,72000,17.01,1582.0,126.2,8.75
Hyundai,Verna CRDi,2017,Diesel,Manual,Third Owner,35000,22.0,1582.0,126.2,8.5
Renault,Duster 85PS,2013,Diesel,Manual,Third Owner,100600,20.46,1461.0,83.8,5.5
Maruti,Swift Dzire,2013,Diesel,Manual,Third Owner,105000,23.4,1248.0,74.0,4.8
Mahindra,Scorpio Intelli,2017,Diesel,Manual,First Owner,90000,15.4,2179.0,120.0,10.5
Mahindra,Bolero 2011-2019,2016,Diesel,Manual,First Owner,92385,15.96,2523.0,62.1,6.31
Tata,Nano Twist,2015,Petrol,Manual,First Owner,25000,25.4,624.0,37.5,1.65
Maruti,Ritz VXI,2010,Petrol,Manual,Second Owner,60000,21.1,1197.0,85.8,3.2
Maruti,Ritz ZXi,2012,Petrol,Manual,Second Owner,100000,18.5,1197.0,85.8,3.6
Hyundai,Elantra GT,2006,Petrol,Manual,Third Owner,25000,13.0,1795.0,127.0,1.75
Hyundai,i20 2015-2017,2016,Diesel,Manual,First Owner,120000,22.54,1396.0,88.73,7.25
Fiat,Linea Classic,2014,Diesel,Manual,Third Owner,185000,19.5,1248.0,75.0,2.8
Volkswagen,Polo Diesel,2011,Diesel,Manual,Second Owner,134000,22.07,1199.0,73.9,3.25
Ford,Figo Diesel,2014,Diesel,Manual,Third Owner,120000,20.0,1399.0,68.05,3.2
Hyundai,Grand i10,2018,Petrol,Manual,First Owner,120000,18.9,1197.0,81.86,5.0
Mahindra,XUV500 W6,2014,Diesel,Manual,Second Owner,165000,15.1,2179.0,140.0,8.25
Maruti,Ritz LDi,2016,Diesel,Manual,Third Owner,120000,23.2,1248.0,73.94,3.5
Hyundai,i20 1.4,2011,Diesel,Manual,First Owner,89000,23.0,1396.0,90.0,4.7
Mahindra,Renault Logan,2009,Diesel,Manual,Third Owner,120000,19.2,1461.0,65.0,1.25
Hyundai,Elantra GLS,2006,Petrol,Automatic,First Owner,120000,13.1,1795.0,127.0,1.4
Honda,Amaze VX,2013,Diesel,Manual,First Owner,50000,25.8,1498.0,98.6,4.85
Maruti,Alto 800,2018,Petrol,Manual,First Owner,15000,24.7,796.0,47.3,3.08
Hyundai,Grand i10,2019,Petrol,Manual,First Owner,13000,18.9,1197.0,81.86,5.7
Toyota,Fortuner 3.0,2010,Diesel,Manual,First Owner,240000,11.5,2982.0,171.0,9.0
Jeep,Compass 2.0,2017,Diesel,Manual,First Owner,45000,16.3,1956.0,170.0,18.0
Maruti,Swift Dzire,2018,Petrol,Automatic,First Owner,28000,21.21,1197.0,81.8,6.8
Maruti,Swift Dzire,2017,Diesel,Manual,First Owner,70000,28.4,1248.0,74.02,7.0
Mahindra,Xylo E4,2011,Diesel,Manual,First Owner,116000,14.0,2498.0,112.0,2.4
Hyundai,EON Era,2014,Petrol,Manual,First Owner,90000,21.1,814.0,55.2,2.8
Tata,Indica Vista,2010,Diesel,Manual,Second Owner,120000,17.0,1405.0,71.0,1.25
Maruti,Swift VXI,2015,Petrol,Manual,Second Owner,50000,20.4,1197.0,83.11,4.35
Toyota,Innova 2.5,2015,Diesel,Manual,First Owner,120000,12.99,2494.0,100.6,10.5
Volvo,V40 Cross,2013,Diesel,Automatic,Second Owner,72500,23.3,1984.0,150.0,12.0
Volkswagen,Vento Diesel,2013,Diesel,Manual,Second Owner,120000,20.54,1598.0,103.6,4.0
Mahindra,XUV500 W6,2014,Diesel,Manual,First Owner,120000,15.1,2179.0,140.0,8.5
Hyundai,i20 Asta,2014,Diesel,Manual,Second Owner,83000,22.54,1396.0,88.73,4.75
Ford,Ikon 1.6,2003,Petrol,Manual,Third Owner,40000,14.2,1597.0,92.0,1.5
Toyota,Fortuner 2.8,2018,Diesel,Manual,First Owner,46000,14.24,2755.0,174.5,29.0
Toyota,Innova 2.5,2015,Diesel,Manual,First Owner,137000,12.99,2494.0,100.6,11.0
Maruti,Alto 800,2017,Petrol,Manual,Second Owner,25000,24.7,796.0,47.3,2.85
Hyundai,Grand i10,2018,Diesel,Manual,First Owner,50000,24.0,1186.0,73.97,6.5
Maruti,A-Star Vxi,2012,Petrol,Manual,First Owner,60000,19.0,998.0,66.1,2.75
Maruti,800 AC,2000,Petrol,Manual,Second Owner,100000,16.1,796.0,37.0,0.6
Mahindra,Logan Diesel,2011,Diesel,Manual,Second Owner,105000,19.2,1461.0,65.0,2.3
Maruti,Alto K10,2015,Petrol,Manual,First Owner,20000,23.95,998.0,67.05,3.0
Maruti,Ertiga SHVS,2016,Diesel,Manual,First Owner,50000,24.52,1248.0,88.5,9.4
Maruti,Ciaz ZDi,2015,Diesel,Manual,Second Owner,120000,26.21,1248.0,88.5,6.0
Maruti,Baleno Alpha,2017,Diesel,Manual,First Owner,70000,27.39,1248.0,74.0,8.0
Nissan,Sunny XV,2017,Diesel,Manual,Second Owner,90000,22.71,1461.0,84.8,5.8
Tata,Tigor 1.2,2018,Petrol,Manual,First Owner,75000,20.3,1199.0,84.0,4.5
Chevrolet,Optra Magnum,2011,Diesel,Manual,Second Owner,82500,16.52,1991.0,123.7,2.9
Honda,Amaze VX,2014,Diesel,Manual,First Owner,110000,25.8,1498.0,98.6,5.3
Hyundai,Verna CRDi,2019,Diesel,Manual,First Owner,20000,24.0,1396.0,88.76,9.6
Honda,City 1.5,2009,Petrol,Manual,Third Owner,110000,17.0,1497.0,118.0,2.9
Mitsubishi,Lancer 2.0,2008,Diesel,Manual,First Owner,100000,14.8,1998.0,68.0,1.6
Maruti,Celerio X,2017,Petrol,Manual,First Owner,52000,21.63,998.0,67.0,4.0
Maruti,Vitara Brezza,2017,Diesel,Manual,First Owner,90000,24.3,1248.0,88.5,7.0
Volkswagen,Vento Diesel,2012,Diesel,Manual,First Owner,90000,20.54,1598.0,103.6,3.61
Hyundai,i20 Magna,2013,Diesel,Manual,Second Owner,53000,21.9,1396.0,88.76,3.9
Tata,Indica Vista,2012,Diesel,Manual,First Owner,180000,18.4,1248.0,75.0,2.0
Hyundai,i20 Magna,2013,Diesel,Manual,Second Owner,53000,21.9,1396.0,88.76,3.9
Maruti,Swift VDI,2013,Diesel,Manual,First Owner,53000,22.9,1248.0,74.0,5.0
Maruti,Alto LXi,2011,Petrol,Manual,First Owner,50600,19.7,796.0,46.3,2.0
Tata,Safari Storme,2015,Diesel,Manual,First Owner,110000,14.1,2179.0,147.94,5.03
Maruti,Vitara Brezza,2017,Diesel,Manual,First Owner,32000,24.3,1248.0,88.5,7.75
Maruti,Vitara Brezza,2018,Diesel,Manual,First Owner,5000,24.3,1248.0,88.5,7.5
Hyundai,i20 1.2,2018,Petrol,Manual,First Owner,25000,18.6,1197.0,81.83,5.7
Honda,Jazz 1.2,2016,Petrol,Manual,First Owner,30000,18.7,1199.0,88.7,4.85
Honda,BR-V i-VTEC,2017,Petrol,Manual,First Owner,43000,15.4,1497.0,117.3,7.0
Hyundai,Verna S,2012,Petrol,Manual,First Owner,60000,17.7,1497.0,113.42,4.15
Ford,EcoSport 1.5,2014,Diesel,Manual,First Owner,54000,23.0,1498.0,98.96,4.85
Maruti,SX4 S,2016,Diesel,Manual,First Owner,52000,23.65,1248.0,88.5,6.75
Ford,EcoSport 1.5,2015,Petrol,Manual,First Owner,50000,15.85,1499.0,110.4,6.8
Maruti,Alto 800,2013,Petrol,Manual,First Owner,52000,24.7,796.0,47.3,2.35
Mahindra,XUV500 W11,2018,Diesel,Manual,First Owner,15000,15.1,2179.0,152.87,17.0
Mahindra,XUV500 AT,2015,Diesel,Automatic,Second Owner,50000,16.0,2179.0,140.0,12.0
Honda,City i,2014,Diesel,Manual,Second Owner,56000,25.1,1498.0,98.6,6.3
Ford,Figo Aspire,2018,Diesel,Manual,First Owner,82000,25.83,1498.0,99.0,6.4
Hyundai,Xcent 1.2,2014,Petrol,Manual,First Owner,121000,19.1,1197.0,82.0,3.55
Mahindra,Scorpio VLX,2012,Diesel,Manual,Second Owner,101903,12.05,2179.0,120.0,5.6
Maruti,Swift Dzire,2018,Diesel,Manual,First Owner,120000,23.4,1248.0,74.0,5.8
Ford,Figo Diesel,2010,Diesel,Manual,First Owner,85568,18.5,1399.0,68.0,1.85
Maruti,Baleno Zeta,2019,Petrol,Automatic,First Owner,10000,21.4,1197.0,83.1,6.6
Hyundai,EON 1.0,2014,Petrol,Manual,First Owner,10000,20.3,998.0,68.05,2.2
Hyundai,Santro Xing,2007,Petrol,Manual,Fourth & Above Owner,60000,17.92,1086.0,62.1,1.5
Mahindra,Scorpio M2DI,2011,Diesel,Manual,Second Owner,80000,13.5,2179.0,115.0,4.85
Maruti,Swift LXI,2019,Petrol,Manual,First Owner,10000,21.21,1197.0,81.8,5.1
Mahindra,Bolero 2011-2019,2014,Diesel,Manual,First Owner,60000,15.96,2523.0,62.1,5.15
Mercedes-Benz,B Class,2014,Petrol,Automatic,First Owner,42000,11.9,1595.0,120.7,12.5
Chevrolet,Enjoy TCDi,2014,Diesel,Manual,Fourth & Above Owner,50000,18.2,1248.0,73.8,3.5
Maruti,Alto K10,2018,Petrol,Manual,First Owner,11500,23.95,998.0,67.05,3.75
Hyundai,Creta 1.4,2019,Diesel,Manual,First Owner,15000,22.1,1396.0,88.7,9.5
Maruti,Swift Dzire,2015,Diesel,Manual,First Owner,32000,26.59,1248.0,74.0,6.15
Maruti,Swift LXI,2011,Petrol,Manual,First Owner,50000,18.6,1197.0,85.8,2.75
BMW,X7 xDrive,2020,Diesel,Automatic,First Owner,5000,13.38,2993.0,265.0,72.0
Maruti,Eeco 5,2017,Petrol,Manual,First Owner,10000,15.37,1196.0,73.0,4.0
Maruti,S-Cross 2017-2020,2019,Diesel,Manual,First Owner,15000,25.1,1248.0,88.5,9.3
Maruti,Swift Dzire,2012,Petrol,Manual,First Owner,100000,19.1,1197.0,85.8,3.1
Toyota,Innova Crysta,2016,Diesel,Manual,Second Owner,25000,13.68,2393.0,147.8,16.7
Maruti,Swift Dzire,2013,Diesel,Manual,Second Owner,70000,23.4,1248.0,74.0,3.56
Honda,City V,2013,Petrol,Manual,First Owner,32000,16.8,1497.0,116.3,5.0
Tata,Tiago 1.2,2018,Petrol,Manual,Second Owner,35000,23.84,1199.0,84.0,4.1
Maruti,Vitara Brezza,2019,Diesel,Manual,First Owner,50000,24.3,1248.0,88.5,9.8
Mahindra,Bolero DI,2005,Diesel,Manual,Second Owner,100000,13.6,2523.0,63.0,1.5
Honda,Jazz VX,2019,Petrol,Automatic,First Owner,3100,18.2,1199.0,88.7,7.5
Skoda,Superb Elegance,2013,Petrol,Automatic,First Owner,60000,13.7,1798.0,157.75,5.0
Maruti,Swift VDI,2013,Diesel,Manual,First Owner,170000,22.9,1248.0,74.0,3.55
Tata,Indica Vista,2011,Diesel,Manual,Second Owner,50000,17.0,1405.0,71.0,2.0
Toyota,Innova 2.5,2008,Diesel,Manual,Second Owner,120000,12.8,2494.0,102.0,3.7
Hyundai,Xcent 1.2,2015,Petrol,Manual,First Owner,20000,19.1,1197.0,82.0,4.5
Hyundai,Grand i10,2015,Petrol,Manual,First Owner,10000,18.9,1197.0,82.0,4.86
Maruti,SX4 Celebration,2011,Diesel,Manual,First Owner,120000,21.5,1248.0,88.8,2.42
Hyundai,Grand i10,2018,Petrol,Manual,First Owner,25000,18.9,1197.0,81.86,5.8
Ford,EcoSport 1.5,2014,Diesel,Manual,Second Owner,130000,22.77,1498.0,98.59,5.0
Mahindra,Quanto C6,2013,Diesel,Manual,First Owner,40000,17.21,1493.0,100.0,3.0
Mahindra,Thar DI,2016,Diesel,Manual,First Owner,60000,18.06,2523.0,63.0,7.1
Skoda,Fabia 1.2,2012,Diesel,Manual,Third Owner,70000,20.86,1199.0,75.0,2.2
Maruti,Swift AMT,2020,Petrol,Automatic,First Owner,1000,21.21,1197.0,81.8,6.54
Skoda,Rapid 1.6,2019,Petrol,Automatic,First Owner,10000,14.84,1598.0,103.2,8.35
Ford,Fiesta 1.6,2010,Petrol,Manual,First Owner,47000,15.3,1596.0,101.0,2.5
Maruti,Swift VXI,2019,Petrol,Manual,First Owner,18000,21.21,1197.0,81.8,6.0
Maruti,Swift Dzire,2016,Petrol,Manual,First Owner,60000,20.85,1197.0,83.14,4.6
Renault,KWID 1.0,2018,Petrol,Manual,First Owner,20000,23.01,999.0,67.0,2.75
Ford,Figo 1.2P,2017,Petrol,Manual,First Owner,60000,18.16,1196.0,86.8,4.08
Mahindra,XUV500 W5,2018,Diesel,Manual,First Owner,25000,15.1,2179.0,152.87,12.0
Hyundai,Xcent 1.2,2014,Petrol,Manual,First Owner,52000,19.1,1197.0,81.86,3.75
Maruti,Alto LXi,2006,Petrol,Manual,First Owner,44000,19.7,796.0,46.3,0.94
Volkswagen,Polo Petrol,2011,Petrol,Manual,First Owner,17000,16.47,1198.0,73.9,3.0
Honda,City 1.5,2009,Petrol,Manual,First Owner,35000,17.0,1497.0,118.0,3.5
Toyota,Fortuner 3.0,2011,Diesel,Manual,Third Owner,120000,11.5,2982.0,171.0,9.75
Hyundai,i20 Asta,2015,Petrol,Manual,First Owner,100000,18.6,1197.0,81.83,6.0
Toyota,Innova 2.5,2014,Diesel,Manual,Second Owner,300000,12.99,2494.0,100.6,7.0
Mahindra,Bolero Power,2017,Diesel,Manual,First Owner,90000,16.5,1493.0,70.0,6.4
Hyundai,Creta 1.6,2017,Diesel,Manual,First Owner,186000,19.67,1582.0,126.2,11.1
Maruti,Ertiga VDI,2014,Diesel,Manual,Second Owner,79000,20.77,1248.0,88.76,5.7
Toyota,Innova 2.5,2010,Diesel,Manual,First Owner,120000,12.8,2494.0,102.0,4.52
Renault,KWID RXT,2016,Petrol,Manual,First Owner,59300,25.17,799.0,53.3,2.4
Mahindra,Scorpio S2,2014,Diesel,Manual,First Owner,120000,15.4,2523.0,75.0,6.8
Tata,Zest Quadrajet,2015,Diesel,Manual,First Owner,60000,22.95,1248.0,74.0,3.5
Volkswagen,Vento Petrol,2012,Petrol,Manual,Third Owner,60000,15.04,1598.0,103.6,3.6
Ford,Figo Petrol,2010,Petrol,Manual,Second Owner,80000,15.6,1196.0,70.0,2.5
Maruti,Swift VXI,2019,Petrol,Manual,First Owner,11500,21.21,1197.0,81.8,5.5
Hyundai,EON Magna,2012,Petrol,Manual,First Owner,56000,21.1,814.0,55.2,1.8
Honda,Jazz 1.5,2016,Diesel,Manual,First Owner,68000,27.3,1498.0,98.6,4.25
Tata,Tiago 1.2,2019,Petrol,Manual,First Owner,25000,23.84,1199.0,84.0,4.1
Tata,Tiago 1.2,2018,Petrol,Manual,First Owner,25000,23.84,1199.0,84.0,4.39
Nissan,Micra Active,2014,Petrol,Manual,First Owner,100000,19.49,1198.0,67.04,2.25
Mahindra,Bolero Power,2017,Diesel,Manual,First Owner,95000,15.96,2523.0,63.0,5.8
Maruti,Swift Dzire,2008,Petrol,Manual,First Owner,100000,17.5,1298.0,85.8,2.0
Fiat,Grande Punto,2013,Diesel,Manual,First Owner,47000,20.3,1248.0,75.0,2.5
Maruti,Ritz LDi,2011,Diesel,Manual,Second Owner,175000,21.1,1248.0,73.9,1.7
Maruti,Swift Dzire,2010,Petrol,Manual,Second Owner,60000,17.5,1197.0,85.8,3.0
Mahindra,Bolero DI,2005,Diesel,Manual,Third Owner,300000,13.6,2523.0,63.0,1.6
Maruti,Swift Dzire,2014,Diesel,Manual,Third Owner,150000,23.4,1248.0,74.0,4.1
Hyundai,i20 1.4,2012,Diesel,Manual,Third Owner,110000,23.0,1396.0,90.0,3.5
Renault,KWID RXL,2019,Petrol,Manual,First Owner,25000,25.17,799.0,53.3,3.1
Maruti,Alto LXi,2010,Petrol,Manual,Third Owner,95000,19.7,796.0,46.3,1.35
Maruti,Ritz VDi,2010,Diesel,Manual,First Owner,100000,21.1,1248.0,73.9,2.2
Hyundai,Grand i10,2017,Petrol,Manual,First Owner,20000,18.9,1197.0,81.86,5.7
Maruti,Swift Dzire,2014,Diesel,Manual,First Owner,84000,23.4,1248.0,74.0,5.0
Hyundai,i20 2015-2017,2016,Diesel,Manual,First Owner,40000,22.54,1396.0,88.73,8.75
Tata,Indica Vista,2011,Diesel,Manual,First Owner,100000,19.1,1405.0,70.0,2.1
Tata,Indica Vista,2011,Diesel,Manual,First Owner,120000,19.4,1405.0,70.0,2.1
Hyundai,Santro Xing,2010,LPG,Manual,Second Owner,80000,13.45,1086.0,62.1,2.0
Maruti,Alto LX,2011,Petrol,Manual,Second Owner,175000,19.7,796.0,46.3,1.75
Hyundai,i20 1.2,2017,Petrol,Manual,First Owner,30000,18.6,1197.0,81.83,7.0
Hyundai,i20 1.2,2017,Petrol,Manual,First Owner,30000,18.6,1197.0,81.83,7.0
Hyundai,Grand i10,2019,Petrol,Automatic,First Owner,28000,18.9,1197.0,81.86,5.5
Hyundai,Santro Era,2019,Petrol,Manual,Second Owner,20000,20.3,1086.0,68.0,4.2
Hyundai,i20 Asta,2009,Petrol,Manual,Second Owner,89322,17.0,1197.0,80.0,2.1
Chevrolet,Beat Diesel,2013,Diesel,Manual,First Owner,76000,25.44,936.0,57.6,1.75
Maruti,Alto LXi,2012,Petrol,Manual,Second Owner,70000,19.7,796.0,46.3,1.8
Maruti,Alto LX,2007,Petrol,Manual,Second Owner,110000,19.7,796.0,46.3,1.18
Hyundai,Verna CRDi,2007,Diesel,Manual,Second Owner,120000,16.8,1493.0,110.0,1.7
Maruti,Zen Estilo,2009,Petrol,Manual,Second Owner,110000,18.2,1061.0,64.0,1.2
Maruti,Alto LXi,2009,Petrol,Manual,Third Owner,90000,19.7,796.0,46.3,1.7
Maruti,Swift ZDI,2018,Diesel,Manual,First Owner,60000,28.4,1248.0,74.0,7.0
Mahindra,Bolero 2011-2019,2014,Diesel,Manual,Second Owner,48300,15.96,2523.0,62.1,5.0
Maruti,Wagon R,2007,Petrol,Automatic,Third Owner,63000,18.9,1061.0,67.0,0.8
Honda,City 2017-2020,2008,Petrol,Manual,Second Owner,110000,17.7,1497.0,78.0,1.05
Maruti,Swift Dzire,2016,Diesel,Manual,Third Owner,120000,26.59,1248.0,74.0,4.25
Hyundai,i20 2015-2017,2017,Petrol,Manual,First Owner,23511,18.6,1197.0,81.83,6.25
Hyundai,i20 1.2,2017,Petrol,Manual,First Owner,22512,18.6,1197.0,81.83,6.4
Hyundai,i10 Magna,2010,Petrol,Manual,First Owner,120000,20.36,1197.0,78.9,1.8
Maruti,Ritz VDi,2009,Diesel,Manual,First Owner,120000,21.1,1248.0,73.9,1.55
Maruti,Wagon R,2007,Petrol,Manual,Third Owner,100000,18.9,1061.0,67.0,0.85
Hyundai,i10 Magna,2011,Petrol,Manual,First Owner,70000,20.36,1197.0,78.9,2.5
Hyundai,Verna 1.6,2017,Petrol,Automatic,First Owner,15000,17.01,1591.0,121.3,10.0
Datsun,GO A,2016,Petrol,Manual,First Owner,16500,20.63,1198.0,67.0,3.5
Maruti,Swift Dzire,2018,Diesel,Manual,First Owner,50000,28.4,1248.0,74.02,7.4
Datsun,RediGO 1.0,2018,Petrol,Manual,First Owner,19000,22.5,999.0,67.0,3.0
Volkswagen,Ameo 1.5,2017,Diesel,Manual,First Owner,50000,21.66,1498.0,108.62,5.5
Mahindra,Bolero 2011-2019,2017,Diesel,Manual,First Owner,70000,15.96,2523.0,62.1,7.1
Mahindra,Bolero 2011-2019,2017,Diesel,Manual,First Owner,70000,15.96,2523.0,62.1,7.0
Mahindra,Bolero 2011-2019,2016,Diesel,Manual,First Owner,120000,15.96,2523.0,62.1,5.5
Hyundai,i10 Sportz,2015,LPG,Manual,First Owner,60000,19.2,1086.0,68.05,3.75
Tata,Safari DICOR,2015,Diesel,Manual,First Owner,60000,13.93,2179.0,138.03,6.0
Maruti,Swift VDI,2013,Diesel,Manual,Second Owner,76000,22.9,1248.0,74.0,3.8
Maruti,Ritz VDi,2012,Diesel,Manual,First Owner,70000,23.2,1248.0,73.94,3.0
Maruti,800 DX,1998,Petrol,Manual,Fourth & Above Owner,80000,16.1,796.0,37.0,0.45
Toyota,Innova 2.5,2010,Diesel,Manual,Second Owner,210000,12.8,2494.0,102.0,4.5
Mahindra,Bolero Power,2015,Diesel,Manual,Third Owner,128000,15.96,2523.0,63.0,4.75
Renault,Triber RXZ,2019,Petrol,Manual,First Owner,5000,20.0,999.0,72.0,6.5
Maruti,Wagon R,2011,LPG,Manual,First Owner,70000,26.2,998.0,58.2,2.0
Maruti,Swift VDI,2013,Diesel,Manual,First Owner,85000,22.9,1248.0,74.0,3.5
Maruti,Vitara Brezza,2018,Diesel,Automatic,First Owner,25000,24.3,1248.0,88.5,9.12
Maruti,Swift Dzire,2018,Petrol,Manual,First Owner,15000,21.21,1197.0,81.8,6.5
Maruti,Swift Dzire,2012,Petrol,Manual,First Owner,30000,17.5,1298.0,85.8,3.5
Maruti,Omni E,2016,Petrol,Manual,Second Owner,80000,16.8,796.0,34.2,1.9
Hyundai,Verna CRDi,2019,Diesel,Manual,First Owner,40000,22.0,1582.0,126.2,12.0
Mahindra,Bolero 2011-2019,2013,Diesel,Manual,First Owner,160000,15.96,2523.0,62.1,3.05
Hyundai,Creta 1.6,2015,Diesel,Manual,First Owner,108000,19.67,1582.0,126.2,8.5
Volkswagen,Jetta 2.0,2011,Diesel,Manual,Second Owner,120000,15.0,1896.0,105.0,3.5
Hyundai,Santro Xing,2010,Petrol,Manual,Fourth & Above Owner,55000,17.92,1086.0,62.1,1.8
Tata,New Safari,2008,Diesel,Manual,First Owner,110000,13.93,2179.0,138.1,2.0
Honda,Brio E,2012,Petrol,Manual,First Owner,110000,19.4,1198.0,86.8,2.3
Maruti,Wagon R,2006,Petrol,Manual,First Owner,62900,18.9,998.0,67.1,1.35
Volkswagen,Jetta 2.0L,2011,Diesel,Manual,Second Owner,120000,19.33,1968.0,138.1,4.25
Mahindra,XUV500 W10,2016,Diesel,Manual,First Owner,70000,16.0,2179.0,140.0,13.5
Ford,Endeavour 4x2,2009,Diesel,Manual,Third Owner,70000,10.9,2499.0,143.0,4.8
Maruti,Swift Dzire,2017,Diesel,Manual,First Owner,60000,28.4,1248.0,74.02,4.55
Maruti,Wagon R,2015,Petrol,Manual,First Owner,60000,20.51,998.0,67.04,3.2
Hyundai,Elite i20,2019,Petrol,Manual,First Owner,4000,18.6,1197.0,81.86,6.93
Maruti,Vitara Brezza,2017,Diesel,Manual,First Owner,35000,24.3,1248.0,88.5,8.3
Hyundai,Grand i10,2016,Petrol,Manual,First Owner,13500,18.9,1197.0,82.0,4.7
Honda,City i,2017,Petrol,Automatic,First Owner,26000,18.0,1497.0,117.3,11.0
Tata,Zest Quadrajet,2016,Diesel,Manual,First Owner,50000,23.0,1248.0,88.7,3.25
Hyundai,EON Magna,2014,Petrol,Manual,First Owner,50000,21.1,814.0,55.2,2.15
Maruti,Swift VXI,2018,Petrol,Manual,First Owner,25000,22.0,1197.0,81.8,5.6
Maruti,Celerio VXI,2017,Petrol,Automatic,Second Owner,30000,23.1,998.0,67.04,4.0
Jaguar,XE 2016-2019,2017,Diesel,Automatic,First Owner,9000,13.6,1999.0,177.0,26.25
Lexus,ES 300h,2019,Petrol,Automatic,First Owner,20000,22.37,2487.0,214.56,51.5
Jaguar,XF 2.0,2017,Diesel,Automatic,First Owner,45000,19.33,1999.0,177.0,32.0
Tata,Safari Storme,2015,Diesel,Manual,First Owner,110000,14.1,2179.0,147.94,5.03
Volvo,XC40 D4,2019,Diesel,Automatic,First Owner,20000,18.0,1969.0,190.0,38.0
Toyota,Camry 2.5,2016,Petrol,Automatic,First Owner,68089,19.16,2494.0,157.7,20.0
Maruti,Wagon R,2013,Petrol,Manual,First Owner,58343,21.79,998.0,67.05,2.25
Maruti,Baleno Alpha,2018,Diesel,Manual,First Owner,38817,27.39,1248.0,74.0,7.4
Honda,Jazz VX,2016,Petrol,Manual,First Owner,56494,18.2,1199.0,88.7,5.5
Toyota,Innova 2.5,2013,Diesel,Manual,Second Owner,79328,12.99,2494.0,100.6,7.5
Maruti,Swift AMT,2019,Petrol,Automatic,First Owner,5621,22.0,1197.0,81.8,6.5
Toyota,Etios VX,2017,Petrol,Manual,First Owner,25538,16.78,1496.0,88.73,6.25
Maruti,Swift AMT,2018,Petrol,Automatic,First Owner,69779,22.0,1197.0,81.8,6.0
Hyundai,Grand i10,2017,Diesel,Manual,First Owner,56290,24.0,1186.0,73.97,4.5
BMW,X4 M,2019,Diesel,Automatic,First Owner,7500,16.78,1995.0,190.0,54.0
BMW,X4 M,2019,Diesel,Automatic,First Owner,8500,16.78,1995.0,190.0,55.0
Honda,Amaze V,2019,Petrol,Automatic,First Owner,7032,19.0,1199.0,88.76,7.79
Skoda,Rapid 1.6,2016,Petrol,Automatic,First Owner,11000,14.3,1598.0,103.5,6.45
Volvo,V40 D3,2018,Diesel,Automatic,First Owner,2000,16.8,1984.0,150.0,24.75
Ford,EcoSport 1.5,2017,Diesel,Manual,First Owner,45000,23.0,1498.0,98.96,7.25
Maruti,Wagon R,2013,Petrol,Manual,First Owner,58343,21.79,998.0,67.05,2.25
Maruti,Baleno Alpha,2018,Diesel,Manual,First Owner,38817,27.39,1248.0,74.0,7.4
Maruti,Swift AMT,2019,Petrol,Automatic,First Owner,5621,22.0,1197.0,81.8,6.5
Toyota,Etios VX,2017,Petrol,Manual,First Owner,25538,16.78,1496.0,88.73,6.25
Maruti,Swift AMT,2018,Petrol,Automatic,First Owner,69779,22.0,1197.0,81.8,6.0
Hyundai,Grand i10,2017,Diesel,Manual,First Owner,56290,24.0,1186.0,73.97,4.5
Honda,Brio 1.2,2014,Petrol,Manual,Second Owner,52442,18.5,1198.0,86.8,3.25
Hyundai,i10 Magna,2013,Petrol,Manual,First Owner,39000,20.36,1197.0,78.9,2.3
Mercedes-Benz,New C-Class,2007,Petrol,Automatic,First Owner,42000,11.74,1796.0,186.0,4.0
Volkswagen,Polo 1.2,2015,Petrol,Manual,First Owner,34156,16.47,1198.0,74.0,4.49
Hyundai,Grand i10,2017,Petrol,Manual,First Owner,34152,18.9,1197.0,81.86,4.55
Audi,A4 35,2015,Diesel,Automatic,First Owner,37000,18.25,1968.0,187.74,17.5
Toyota,Innova Crysta,2017,Diesel,Automatic,First Owner,98000,11.36,2755.0,171.5,13.9
Hyundai,Creta 1.6,2019,Petrol,Manual,First Owner,31000,15.8,1591.0,121.3,11.5
Hyundai,i20 1.2,2018,Petrol,Manual,First Owner,62841,18.6,1197.0,81.83,6.5
Hyundai,Creta 1.6,2016,Diesel,Manual,First Owner,38600,19.67,1582.0,126.2,9.5
Maruti,Swift Dzire,2018,Diesel,Automatic,First Owner,27654,28.4,1248.0,74.02,6.98
Hyundai,Creta 1.6,2017,Diesel,Manual,First Owner,48698,19.67,1582.0,126.2,9.75
Maruti,Wagon R,2018,Petrol,Automatic,First Owner,32995,20.52,1197.0,81.8,4.45
Tata,Zest Quadrajet,2018,Diesel,Manual,First Owner,60000,22.95,1248.0,74.0,5.39
Maruti,Swift Vdi,2010,Diesel,Manual,Fourth & Above Owner,110000,17.8,1248.0,75.0,3.5
Mahindra,Scorpio VLX,2011,Diesel,Manual,Fourth & Above Owner,260000,12.05,2179.0,120.0,5.5
Renault,Duster 85PS,2015,Diesel,Manual,Second Owner,130000,20.45,1461.0,83.8,5.5
Volkswagen,Polo Diesel,2011,Diesel,Manual,First Owner,120000,22.07,1199.0,73.9,3.3
Hyundai,EON Era,2014,Petrol,Manual,Third Owner,80000,21.1,814.0,55.2,2.2
Maruti,Ritz ZXi,2013,Petrol,Manual,Second Owner,60000,18.5,1197.0,85.8,4.15
Maruti,Alto LX,2007,Petrol,Manual,First Owner,75000,19.7,796.0,46.3,1.5
Hyundai,Getz GLS,2005,Petrol,Manual,Second Owner,89000,15.3,1341.0,83.0,1.5
Hyundai,Verna CRDi,2007,Diesel,Manual,First Owner,110000,18.1,1493.0,110.0,2.4
Maruti,Alto LX,2009,Petrol,Manual,Second Owner,90000,19.7,796.0,46.3,1.7
Maruti,Ciaz ZDi,2015,Diesel,Manual,Third Owner,40000,28.09,1248.0,88.5,5.5
Nissan,Micra Fashion,2017,Petrol,Automatic,First Owner,26000,19.34,1198.0,76.0,5.0
Mahindra,Xylo D2,2011,Diesel,Manual,Second Owner,120000,13.0,2489.0,95.0,1.8
Mahindra,KUV 100,2017,Petrol,Manual,First Owner,29000,18.15,1198.0,82.0,3.6
Maruti,Swift Dzire,2014,Petrol,Manual,First Owner,120000,19.1,1197.0,85.8,4.0
Hyundai,Accent GLE,2009,Petrol,Manual,Second Owner,70000,13.2,1495.0,94.0,1.2
Maruti,Vitara Brezza,2016,Diesel,Manual,Second Owner,100000,24.3,1248.0,88.5,7.65
Maruti,Vitara Brezza,2016,Diesel,Manual,First Owner,90150,24.3,1248.0,88.5,9.2
Toyota,Platinum Etios,2018,Diesel,Manual,First Owner,90000,23.59,1364.0,67.05,7.3
Tata,Zest Quadrajet,2016,Diesel,Manual,First Owner,120000,22.95,1248.0,74.0,3.2
Honda,Amaze S,2015,Diesel,Manual,Second Owner,90000,25.8,1498.0,98.6,4.55
Datsun,GO T,2015,Petrol,Manual,First Owner,50000,20.63,1198.0,67.0,3.5
Mahindra,TUV 300,2016,Diesel,Manual,First Owner,110000,18.49,1493.0,100.0,5.1
Tata,Indigo LS,2011,Diesel,Manual,Second Owner,85700,17.0,1405.0,70.0,1.75
Mahindra,Bolero 2011-2019,2013,Diesel,Manual,First Owner,178000,15.96,2523.0,63.0,3.25
Tata,Indigo CS,2011,Petrol,Manual,Second Owner,70000,15.2,1193.0,65.0,1.2
Hyundai,i10 Sportz,2014,Petrol,Manual,Second Owner,30000,20.36,1197.0,78.9,3.0
Honda,City i,2015,Diesel,Manual,First Owner,100000,26.0,1498.0,98.6,5.0
Maruti,Baleno Delta,2016,Petrol,Manual,First Owner,25339,21.4,1197.0,83.1,5.62
Hyundai,EON Magna,2014,Petrol,Manual,First Owner,10000,21.1,814.0,55.2,2.5
Tata,Zest Quadrajet,2017,Diesel,Manual,First Owner,35000,20.65,1248.0,88.7,4.85
Hyundai,i10 Sportz,2013,Petrol,Manual,Second Owner,35000,20.36,1197.0,78.9,2.8
Maruti,Ertiga VDI,2015,Diesel,Manual,Second Owner,68000,20.77,1248.0,88.76,5.71
Maruti,Swift VXI,2013,Petrol,Manual,First Owner,40000,18.6,1197.0,85.8,4.0
Tata,Indigo CS,2015,Diesel,Manual,Second Owner,120000,19.09,1405.0,69.01,2.95
Ford,Figo Petrol,2011,Petrol,Manual,First Owner,25000,15.6,1196.0,70.0,2.5
Mahindra,Bolero 2011-2019,2015,Diesel,Manual,Second Owner,40000,15.96,2523.0,62.1,6.1
Tata,Indica Vista,2012,Diesel,Manual,First Owner,60000,22.3,1248.0,74.0,1.75
Ford,Figo Diesel,2011,Diesel,Manual,Second Owner,70000,20.0,1399.0,68.0,2.05
Mahindra,XUV500 W8,2013,Diesel,Manual,Second Owner,80000,15.1,2179.0,140.0,7.5
Hyundai,i20 Active,2016,Diesel,Manual,First Owner,42323,21.19,1396.0,88.76,6.51
BMW,X1 sDrive20d,2011,Diesel,Automatic,First Owner,42545,19.62,1998.0,190.0,10.75
Maruti,S-Cross 2017-2020,2016,Diesel,Manual,First Owner,32000,25.1,1248.0,88.5,6.9
Maruti,Swift Dzire,2017,Diesel,Manual,First Owner,41232,26.59,1248.0,74.0,5.89
Mahindra,Bolero B4,2015,Diesel,Manual,First Owner,40200,21.0,1498.0,74.96,4.45
Ford,Ecosport Sports,2013,Diesel,Manual,Second Owner,48000,21.7,1498.0,98.96,4.75
Honda,Amaze E,2014,Diesel,Manual,First Owner,27233,27.4,1498.0,98.63,4.65
Tata,Manza Aura,2011,Petrol,Manual,First Owner,35000,15.0,1368.0,90.0,2.25
Toyota,Innova 2.5,2005,Diesel,Manual,Second Owner,200000,12.8,2494.0,102.0,3.1
Tata,Sumo EX,2016,Diesel,Manual,First Owner,63000,15.3,2956.0,83.8,4.45
Mahindra,Bolero B4,2015,Diesel,Manual,First Owner,62000,21.0,1498.0,74.96,4.45
Tata,New Safari,2012,Diesel,Manual,First Owner,68240,13.93,2956.0,138.1,4.5
Mahindra,Scorpio 1.99,2008,Diesel,Manual,First Owner,78000,15.4,1997.0,120.0,4.5
Maruti,Wagon R,2010,Petrol,Manual,First Owner,35000,18.9,998.0,67.1,2.0
Maruti,Swift Dzire,2018,Petrol,Manual,First Owner,9000,19.1,1197.0,85.8,6.11
Hyundai,Creta 1.6,2016,Diesel,Manual,First Owner,39000,19.67,1582.0,126.2,8.2
Hyundai,Creta 1.4,2016,Diesel,Manual,First Owner,39000,21.38,1396.0,88.7,8.25
Ford,Ecosport 1.5,2015,Diesel,Manual,First Owner,92651,21.7,1498.0,98.96,5.99
Maruti,Swift LXi,2018,Petrol,Manual,First Owner,28000,16.1,1197.0,85.0,4.9
Tata,Zest Revotron,2020,Petrol,Manual,First Owner,40000,17.57,1193.0,88.7,5.0
Tata,Zest Revotron,2020,Petrol,Manual,First Owner,40000,17.57,1193.0,88.7,5.0
Mahindra,XUV500 W10,2017,Diesel,Manual,First Owner,88754,16.0,2179.0,140.0,11.0
Ford,Aspire Titanium,2019,Petrol,Manual,First Owner,7000,19.4,1194.0,94.93,6.75
Mahindra,XUV500 W9,2018,Diesel,Manual,First Owner,40000,16.0,2179.0,138.0,13.5
Hyundai,Grand i10,2018,Petrol,Manual,First Owner,20000,18.9,1197.0,81.86,5.7
Hyundai,Grand i10,2017,Diesel,Manual,First Owner,50000,24.0,1186.0,73.97,4.55
Hyundai,EON Era,2013,Petrol,Manual,Second Owner,45000,21.1,814.0,55.2,1.65
Honda,City i,2016,Petrol,Manual,First Owner,22000,17.8,1497.0,117.3,9.25
Tata,Indigo CS,2014,Diesel,Manual,Second Owner,100000,25.0,1396.0,69.01,2.15
Maruti,Swift VXI,2016,Petrol,Manual,First Owner,23700,20.4,1197.0,81.8,4.7
Maruti,Swift VXI,2016,Petrol,Manual,First Owner,23700,20.4,1197.0,81.8,4.7
Maruti,Ciaz ZDi,2017,Diesel,Manual,First Owner,60000,28.09,1248.0,88.5,6.5
Renault,Captur 1.5,2017,Diesel,Manual,First Owner,50000,20.37,1461.0,108.45,9.0
Ford,Fiesta Classic,2009,Diesel,Manual,Second Owner,100000,17.8,1399.0,67.0,1.9
Hyundai,i20 Active,2017,Diesel,Manual,First Owner,60000,21.19,1396.0,88.73,7.15
Tata,Indigo CS,2013,Diesel,Manual,Second Owner,60000,25.0,1396.0,69.01,2.28
Tata,Bolt Quadrajet,2017,Diesel,Manual,First Owner,50000,22.95,1248.0,74.0,4.5
Chevrolet,Beat Diesel,2015,Diesel,Manual,First Owner,40000,25.44,936.0,56.3,2.0
Maruti,Wagon R,2017,CNG,Manual,First Owner,110000,26.6,998.0,58.16,4.0
Maruti,Ertiga SHVS,2016,Diesel,Manual,First Owner,110000,24.52,1248.0,88.5,7.25
Ford,Figo Diesel,2014,Diesel,Manual,First Owner,80000,20.0,1399.0,68.05,3.0
Toyota,Innova 2.5,2016,Diesel,Manual,Second Owner,69500,12.99,2494.0,100.6,11.51
Datsun,GO T,2014,Petrol,Manual,First Owner,33000,20.63,1198.0,67.0,2.25
Hyundai,i10 Magna,2016,Petrol,Manual,First Owner,80000,19.81,1086.0,68.05,3.8
Hyundai,Elite i20,2019,Petrol,Manual,First Owner,5000,18.6,1197.0,81.86,6.3
Hyundai,i10 Magna,2014,Petrol,Manual,First Owner,25000,20.36,1197.0,78.9,3.51
Skoda,Fabia 1.2,2012,Diesel,Manual,Second Owner,50000,20.86,1199.0,75.0,1.99
Tata,Hexa XE,2017,Diesel,Manual,First Owner,50000,17.6,2179.0,147.94,8.5
Tata,Indica Vista,2010,Diesel,Manual,Second Owner,120000,18.0,1248.0,75.0,1.05
Tata,Manza Aura,2010,Diesel,Manual,Third Owner,120000,18.8,1248.0,90.0,3.0
Toyota,Innova 2.5,2016,Diesel,Manual,First Owner,80000,12.99,2494.0,100.6,9.5
Mahindra,TUV 300,2015,Diesel,Manual,Second Owner,110000,18.49,1493.0,100.0,4.3
Ford,Endeavour 3.2,2016,Diesel,Automatic,First Owner,80000,10.91,3198.0,197.0,21.0
Hyundai,Grand i10,2018,Diesel,Manual,First Owner,30000,24.0,1186.0,73.97,5.4
Hyundai,Santro Xing,2012,LPG,Manual,Second Owner,60000,17.8,1086.0,63.0,1.75
Hyundai,Creta 1.6,2018,Diesel,Automatic,First Owner,44000,17.01,1582.0,126.2,11.5
Maruti,Alto 800,2020,Petrol,Manual,First Owner,5000,22.05,796.0,47.3,3.5
Hyundai,Elite i20,2019,Petrol,Manual,First Owner,18000,18.6,1197.0,81.86,6.9
Hyundai,i20 Asta,2015,Diesel,Manual,First Owner,80000,22.54,1396.0,88.73,5.35
Maruti,Vitara Brezza,2016,Diesel,Manual,First Owner,100000,24.3,1248.0,88.5,7.3
Hyundai,EON Era,2016,Petrol,Manual,First Owner,19000,21.1,814.0,55.2,2.8
Maruti,Swift AMT,2019,Petrol,Automatic,First Owner,33000,21.21,1197.0,81.8,6.5
Toyota,Innova 2.5,2012,Diesel,Manual,Fourth & Above Owner,162000,12.8,2494.0,102.0,5.2
Hyundai,Xcent 1.2,2020,Petrol,Manual,Second Owner,65000,20.14,1197.0,81.86,3.6
Maruti,Swift Dzire,2011,Diesel,Manual,First Owner,170000,19.3,1248.0,73.9,2.5
Volkswagen,Ameo 1.5,2017,Diesel,Manual,First Owner,40000,21.66,1498.0,108.62,5.75
Tata,Indigo CS,2012,Diesel,Manual,Third Owner,120000,19.09,1396.0,69.0,1.7
Maruti,Vitara Brezza,2017,Diesel,Manual,First Owner,53000,24.3,1248.0,88.5,7.11
Maruti,Wagon R,2013,Petrol,Manual,First Owner,90000,18.9,998.0,67.1,2.5
Maruti,Swift Dzire,2017,Diesel,Manual,First Owner,35000,26.59,1248.0,74.0,6.75
Maruti,Wagon R,2016,Petrol,Manual,First Owner,50000,20.51,998.0,67.04,3.25
Maruti,Alto 800,2016,Petrol,Manual,First Owner,20000,22.74,796.0,47.3,2.5
Maruti,Swift AMT,2019,Diesel,Automatic,First Owner,38000,28.4,1248.0,74.0,7.4
Honda,Amaze S,2019,Petrol,Manual,First Owner,1303,17.8,1198.0,86.7,6.9
Audi,Q5 35TDI,2018,Diesel,Automatic,First Owner,31800,17.01,1968.0,188.0,39.75
Lexus,ES 300h,2019,Petrol,Automatic,First Owner,20000,22.37,2487.0,214.56,51.5
Jaguar,XF 2.0,2017,Diesel,Automatic,First Owner,45000,19.33,1999.0,177.0,32.0
Jeep,Wrangler 2016-2019,2017,Petrol,Automatic,First Owner,17000,9.5,3604.0,280.0,41.0
Land,Rover Discovery,2019,Diesel,Automatic,First Owner,21000,12.83,1999.0,148.31,45.0
BMW,5 Series,2018,Diesel,Automatic,First Owner,29500,22.48,1995.0,187.74,37.9
Honda,CR-V 2.4L,2017,Petrol,Automatic,First Owner,73000,12.0,2354.0,187.4,17.5
Skoda,Superb LK,2018,Petrol,Automatic,First Owner,50000,14.67,1798.0,177.46,18.65
Maruti,Ciaz 1.3,2017,Diesel,Manual,First Owner,28050,28.09,1248.0,88.5,8.0
Honda,CR-V 2.4L,2017,Petrol,Automatic,First Owner,58000,12.0,2354.0,187.4,18.25
Tata,Hexa XTA,2017,Diesel,Automatic,First Owner,58000,17.6,2179.0,153.86,12.95
Renault,Duster 85PS,2014,Diesel,Manual,First Owner,69000,19.87,1461.0,83.8,4.25
Mercedes-Benz,GL-Class 350,2016,Diesel,Automatic,First Owner,70000,12.0,2987.0,224.0,40.9
Hyundai,Creta 1.6,2015,Diesel,Automatic,First Owner,40000,17.6,1582.0,126.2,9.1
Toyota,Corolla Altis,2013,Petrol,Automatic,First Owner,39000,14.28,1798.0,138.03,6.25
Volvo,XC40 D4,2018,Diesel,Automatic,First Owner,22000,18.0,1969.0,190.0,34.0
Maruti,Ciaz ZDi,2015,Diesel,Manual,First Owner,40000,26.21,1248.0,88.5,5.35
Mahindra,Bolero 2011-2019,2011,Diesel,Manual,First Owner,142000,15.96,2523.0,62.1,3.25
Maruti,Swift VXI,2016,Petrol,Manual,First Owner,22947,20.4,1197.0,81.8,5.0
Hyundai,i10 Sportz,2013,Petrol,Manual,Second Owner,30000,20.36,1197.0,78.9,3.0
Hyundai,EON D,2016,Petrol,Manual,First Owner,7672,21.1,814.0,55.2,2.7
Maruti,Alto LXi,2010,Petrol,Manual,First Owner,36659,19.7,796.0,46.3,1.6
Maruti,Omni E,2016,Petrol,Manual,First Owner,60000,16.8,796.0,34.2,2.1
Mahindra,XUV500 W4,2014,Diesel,Manual,First Owner,120000,15.1,2179.0,140.0,8.5
Mahindra,XUV500 W4,2014,Diesel,Manual,First Owner,120000,15.1,2179.0,140.0,8.8
Maruti,Zen Estilo,2010,Petrol,Manual,First Owner,39000,16.9,1061.0,64.9,1.5
Mahindra,TUV 300,2015,Diesel,Automatic,First Owner,45000,18.49,1493.0,100.0,7.75
Maruti,Alto LXi,2009,Petrol,Manual,Third Owner,70000,19.7,796.0,46.3,1.6
Ford,Figo Diesel,2012,Diesel,Manual,Second Owner,100000,20.0,1399.0,68.0,2.2
Hyundai,i20 1.4,2017,Diesel,Manual,First Owner,48000,22.54,1396.0,88.73,6.7
Hyundai,i20 1.4,2018,Diesel,Manual,First Owner,35000,22.54,1396.0,88.73,7.8
Maruti,Baleno Sigma,2017,Petrol,Manual,First Owner,23000,21.4,1197.0,83.1,5.15
Hyundai,i20 2015-2017,2017,Diesel,Manual,First Owner,14000,22.54,1396.0,88.73,8.0
Hyundai,i20 2015-2017,2017,Diesel,Manual,First Owner,14000,22.54,1396.0,88.73,8.0
Mahindra,XUV500 W8,2014,Diesel,Manual,First Owner,60000,15.1,2179.0,140.0,8.5
Hyundai,EON Era,2013,Petrol,Manual,Second Owner,60000,21.1,814.0,55.2,2.0
Skoda,Fabia 1.4,2008,Diesel,Manual,Third Owner,150000,19.4,1422.0,70.0,1.4
Hyundai,Verna 1.6,2016,Petrol,Automatic,Second Owner,80000,17.01,1591.0,121.3,8.0
Maruti,Alto K10,2013,Petrol,Manual,First Owner,35000,20.92,998.0,67.1,2.5
Maruti,S-Cross 2017-2020,2017,Diesel,Manual,First Owner,44500,25.1,1248.0,88.5,8.0
Maruti,Ciaz ZDi,2015,Diesel,Manual,Third Owner,60000,26.21,1248.0,88.5,6.0
Renault,Fluence Diesel,2012,Diesel,Manual,Third Owner,120000,21.8,1461.0,78.0,2.5
Honda,Amaze S,2016,Diesel,Manual,Second Owner,80000,25.8,1498.0,98.6,5.0
Maruti,Gypsy King,2019,Petrol,Manual,First Owner,9900,11.96,1298.0,80.0,7.5
Maruti,Swift ZDi,2014,Diesel,Manual,First Owner,68000,22.9,1248.0,74.0,6.5
Honda,BRV i-DTEC,2016,Diesel,Manual,First Owner,60000,21.9,1498.0,98.6,9.5
Chevrolet,Tavera Neo,2015,Diesel,Manual,Second Owner,110000,13.58,2499.0,72.4,5.8
Hyundai,Grand i10,2019,Petrol,Manual,First Owner,10000,18.9,1197.0,81.86,6.4
Mahindra,Scorpio VLX,2014,Diesel,Automatic,First Owner,80000,11.79,2179.0,120.0,8.0
Maruti,A-Star Vxi,2011,Petrol,Manual,First Owner,30000,19.0,998.0,66.1,3.47
Mahindra,XUV500 W8,2014,Diesel,Manual,Third Owner,120000,15.1,2179.0,140.0,10.0
Hyundai,EON Sportz,2016,Petrol,Manual,First Owner,35000,21.1,814.0,55.2,3.0
Tata,Tigor 1.2,2017,Petrol,Manual,First Owner,40000,20.3,1199.0,84.0,4.93
Hyundai,Grand i10,2014,Petrol,Manual,First Owner,60000,18.9,1197.0,82.0,3.7
Maruti,Swift Dzire,2008,Diesel,Manual,Fourth & Above Owner,90000,19.3,1248.0,73.9,2.5
Datsun,RediGO 1.0,2017,Petrol,Manual,First Owner,20000,22.5,999.0,67.0,3.0
Renault,KWID Climber,2017,Petrol,Automatic,First Owner,40000,24.04,999.0,67.0,4.5
Ford,Figo Diesel,2010,Diesel,Manual,Second Owner,124316,20.0,1399.0,68.0,1.85
Mahindra,XUV300 W8,2019,Diesel,Manual,First Owner,6544,20.0,1497.0,115.0,12.25
Toyota,Innova 2.5,2015,Diesel,Manual,First Owner,50000,12.99,2494.0,100.6,10.0
Hyundai,i20 Magna,2016,Petrol,Manual,First Owner,10000,18.6,1197.0,81.83,6.0
Mahindra,XUV500 W7,2018,Diesel,Manual,First Owner,50000,15.1,2179.0,152.87,11.0
Hyundai,Grand i10,2015,Petrol,Manual,Second Owner,30000,18.9,1197.0,81.86,3.6
Maruti,Swift Dzire,2012,Petrol,Manual,First Owner,69000,17.5,1298.0,85.8,2.85
Mahindra,KUV 100,2016,Diesel,Manual,Second Owner,49600,25.32,1198.0,77.0,3.5
Hyundai,i10 Era,2008,Petrol,Manual,Second Owner,30000,19.81,1086.0,68.05,1.3
Chevrolet,Enjoy 1.3,2016,Diesel,Manual,First Owner,198000,18.2,1248.0,73.74,5.0
Hyundai,i20 Asta,2010,Petrol,Manual,First Owner,80000,17.0,1197.0,80.0,3.5
Maruti,Baleno Delta,2019,Petrol,Automatic,First Owner,19000,21.4,1197.0,83.1,6.85
Maruti,Eeco CNG,2020,CNG,Manual,First Owner,5000,21.94,1196.0,61.7,3.99
Hyundai,Grand i10,2017,Petrol,Manual,First Owner,10000,18.9,1197.0,81.86,5.25
Maruti,Ertiga BSIV,2017,Petrol,Manual,First Owner,40000,17.5,1373.0,91.1,7.65
Maruti,Swift VDI,2012,Diesel,Manual,Third Owner,97000,22.9,1248.0,74.0,4.5
Nissan,Micra Active,2014,Petrol,Manual,First Owner,30000,19.69,1198.0,67.04,3.9
Maruti,Ertiga SHVS,2017,Diesel,Manual,First Owner,120000,24.52,1248.0,88.5,9.4
Renault,Duster 110PS,2013,Diesel,Manual,Second Owner,120000,19.01,1461.0,108.45,6.5
Ford,Figo Diesel,2012,Diesel,Manual,Fourth & Above Owner,103994,20.0,1399.0,68.0,3.2
Toyota,Corolla AE,2003,Petrol,Manual,Second Owner,70000,13.4,1794.0,125.0,1.45
Ford,Figo Aspire,2017,Diesel,Manual,First Owner,70000,25.83,1498.0,99.0,6.7
Maruti,SX4 ZDI,2011,Diesel,Manual,Fourth & Above Owner,115000,21.5,1248.0,88.8,3.5
Tata,Indica Vista,2012,Diesel,Manual,Second Owner,178000,22.3,1248.0,74.0,2.85
Maruti,Zen Estilo,2011,Petrol,Manual,Third Owner,40000,19.0,998.0,67.1,3.0
Ford,Figo Diesel,2011,Diesel,Manual,First Owner,80000,20.0,1399.0,68.0,3.0
Audi,Q7 3.0,2009,Diesel,Automatic,Fourth & Above Owner,98000,12.07,2967.0,241.4,8.1
Tata,Indica V2,2009,Diesel,Manual,Second Owner,118000,16.8,1405.0,62.0,0.9
Maruti,Alto LX,2004,Petrol,Manual,Second Owner,100000,19.7,796.0,46.3,1.0
Tata,Indica V2,2009,Diesel,Manual,Second Owner,120000,17.88,1396.0,52.8,0.9
Mahindra,Scorpio Gateway,2013,Diesel,Manual,Second Owner,120000,13.5,2609.0,115.0,4.6
Toyota,Innova 2.5,2009,Diesel,Manual,Fourth & Above Owner,217000,12.8,2494.0,102.0,5.25
Maruti,Wagon R,2011,Petrol,Manual,Second Owner,65000,18.9,998.0,67.1,2.5
Hyundai,i10 Asta,2012,Petrol,Manual,Second Owner,41000,20.36,1197.0,78.9,3.0
Maruti,Swift ZXI,2005,Petrol,Manual,Second Owner,120000,16.1,1298.0,88.2,1.3
Maruti,Alto K10,2011,Petrol,Manual,Third Owner,70000,20.92,998.0,67.1,1.99
Renault,Duster 85PS,2012,Diesel,Manual,Second Owner,90000,20.46,1461.0,83.8,5.45
Maruti,Ertiga ZDI,2014,Diesel,Manual,Second Owner,80000,20.77,1248.0,88.8,5.7
Honda,City 2017-2020,2006,Petrol,Manual,Second Owner,120000,16.9,1497.0,100.0,1.5
Maruti,Alto STD,2009,Petrol,Manual,First Owner,100000,19.7,796.0,46.3,1.15
Tata,Tigor 1.2,2018,Petrol,Manual,First Owner,35000,20.3,1199.0,84.0,4.5
Renault,Triber RXT,2019,Petrol,Manual,First Owner,5000,20.0,999.0,72.0,6.0
Maruti,Vitara Brezza,2016,Diesel,Manual,First Owner,110000,24.3,1248.0,88.5,6.1
Hyundai,i20 1.2,2017,Petrol,Manual,First Owner,20000,18.6,1197.0,81.83,6.9
Tata,Nexon 1.2,2018,Petrol,Manual,First Owner,15000,17.0,1198.0,108.5,7.9
Maruti,Alto K10,2014,Petrol,Manual,Second Owner,40000,20.92,998.0,67.1,2.55
Honda,Jazz 1.2,2016,Petrol,Manual,First Owner,41000,18.7,1199.0,88.7,5.0
Mahindra,Bolero SLX,2011,Diesel,Manual,Second Owner,100000,13.6,2523.0,63.0,3.4
Mahindra,Bolero SLX,2007,Diesel,Manual,Third Owner,110000,13.6,2523.0,63.0,2.45
Ford,Fiesta Classic,2012,Diesel,Manual,Third Owner,120000,17.8,1399.0,67.0,3.4
Maruti,Wagon R,2008,Petrol,Manual,First Owner,35008,21.79,998.0,67.05,2.21
Datsun,RediGO T,2017,Petrol,Manual,First Owner,31100,22.7,799.0,53.64,2.7
Hyundai,Xcent 1.1,2014,Diesel,Manual,First Owner,42312,24.4,1120.0,71.0,4.55
Toyota,Etios G,2011,Petrol,Manual,First Owner,72000,17.6,1496.0,88.7,3.0
Toyota,Etios Liva,2014,Diesel,Manual,First Owner,54891,23.59,1364.0,67.04,4.8
Hyundai,Verna CRDi,2018,Diesel,Automatic,First Owner,30000,22.0,1582.0,126.2,10.0
BMW,3 Series,2017,Diesel,Automatic,First Owner,44000,22.69,1995.0,190.0,26.0
Toyota,Innova Crysta,2017,Diesel,Automatic,First Owner,18890,11.36,2755.0,171.5,18.5
Renault,Koleos 2.0,2013,Diesel,Automatic,First Owner,75010,13.73,1995.0,148.0,10.0
Renault,Pulse RxZ,2012,Diesel,Manual,First Owner,100000,23.08,1461.0,63.1,2.45
Hyundai,Grand i10,2019,Petrol,Automatic,First Owner,4337,18.9,1197.0,82.0,6.25
Volkswagen,Polo 2015-2019,2018,Petrol,Manual,First Owner,14495,18.78,999.0,75.0,5.6
Mahindra,XUV500 W9,2018,Diesel,Manual,First Owner,24000,15.1,2179.0,152.87,14.75
Toyota,Corolla Altis,2010,Diesel,Manual,First Owner,83585,21.43,1364.0,87.2,4.25
Volkswagen,Polo GT,2014,Petrol,Automatic,Second Owner,31000,17.21,1197.0,103.6,5.5
Toyota,Innova Crysta,2016,Diesel,Manual,First Owner,100000,13.68,2393.0,147.8,14.75
Renault,Duster 85PS,2017,Diesel,Manual,First Owner,48406,19.87,1461.0,83.8,7.5
Hyundai,i20 Era,2016,Diesel,Manual,First Owner,56239,22.54,1396.0,88.73,5.7
Maruti,Baleno Delta,2015,Petrol,Manual,First Owner,33243,21.4,1197.0,83.1,5.85
Honda,Jazz 1.2,2016,Petrol,Automatic,First Owner,26000,19.0,1199.0,88.7,6.0
Hyundai,i20 Active,2016,Petrol,Manual,Second Owner,120000,17.19,1197.0,81.86,5.3
Hyundai,i20 Asta,2016,Petrol,Manual,First Owner,38000,18.6,1197.0,81.83,5.4
Hyundai,EON Era,2013,Petrol,Manual,First Owner,60000,21.1,814.0,55.2,1.8
Maruti,Swift Dzire,2014,Petrol,Manual,First Owner,30000,19.1,1197.0,85.8,4.5
Chevrolet,Beat LT,2015,Petrol,Manual,First Owner,50000,18.6,1199.0,76.8,2.0
Tata,Tiago 1.2,2017,Petrol,Manual,First Owner,42000,23.84,1199.0,84.0,4.25
Chevrolet,Sail 1.2,2016,Petrol,Manual,First Owner,30000,18.2,1199.0,82.4,4.0
Ford,Ikon 1.3,2005,Petrol,Manual,First Owner,15858,13.8,1299.0,70.0,1.5
Maruti,Alto 800,2017,Petrol,Manual,First Owner,15000,24.7,796.0,47.3,3.1
Chevrolet,Tavera Neo,2014,Diesel,Manual,First Owner,50000,13.58,2499.0,72.4,5.0
Chevrolet,Beat Diesel,2013,Diesel,Manual,Second Owner,60000,25.44,936.0,57.6,2.0
Renault,Lodgy 85PS,2018,Diesel,Manual,First Owner,35000,21.04,1461.0,83.8,9.0
Ambassador,CLASSIC 1500,2000,Diesel,Manual,Second Owner,90000,12.8,1489.0,35.5,0.75
Maruti,Swift LXI,2015,Petrol,Manual,First Owner,50000,20.4,1197.0,83.11,4.0
Honda,Mobilio RS,2015,Diesel,Manual,First Owner,110000,24.5,1498.0,98.6,6.5
Maruti,Swift VDI,2015,Diesel,Manual,First Owner,87847,28.4,1248.0,74.0,4.8
Maruti,Alto LXi,2009,Petrol,Manual,First Owner,35000,19.7,796.0,46.3,1.4
Maruti,Swift VXI,2018,Petrol,Manual,First Owner,5000,22.0,1197.0,81.8,5.5
Maruti,Wagon R,2017,Petrol,Automatic,First Owner,29000,20.51,998.0,67.0,3.8
Tata,Indigo CS,2016,Diesel,Manual,First Owner,20000,19.09,1405.0,69.01,4.4
Maruti,Swift Dzire,2018,Petrol,Manual,First Owner,15000,21.21,1197.0,81.8,6.3
Renault,KWID RXL,2017,Petrol,Manual,First Owner,40000,25.17,799.0,53.3,2.5
Maruti,Alto LX,2009,Petrol,Manual,First Owner,17000,19.7,796.0,46.3,1.2
Tata,Manza Aura,2012,Diesel,Manual,First Owner,120000,21.12,1248.0,88.8,2.87
Maruti,Baleno Delta,2016,Petrol,Manual,First Owner,45000,21.4,1197.0,83.1,5.5
Mahindra,Scorpio 1.99,2016,Diesel,Manual,Third Owner,60000,15.4,1997.0,120.0,9.5
Tata,Harrier XZ,2019,Diesel,Manual,First Owner,25000,17.0,1956.0,138.1,16.3
Ford,Fiesta 1.5,2015,Diesel,Manual,Second Owner,80000,25.01,1498.0,89.75,5.01
Mahindra,Bolero 2011-2019,2014,Diesel,Manual,First Owner,70000,15.96,2523.0,62.1,5.5
Maruti,Alto 800,2016,Petrol,Manual,First Owner,25000,22.74,796.0,47.3,3.0
Maruti,Wagon R,2015,Petrol,Manual,Third Owner,50000,20.51,998.0,67.04,3.0
Ford,Figo 1.5P,2015,Petrol,Automatic,First Owner,40000,17.01,1499.0,110.4,4.16
Maruti,Omni E,2018,Petrol,Manual,First Owner,30000,16.8,796.0,34.2,2.6
Chevrolet,Sail 1.2,2016,Petrol,Manual,First Owner,15000,18.2,1199.0,82.4,5.5
Mahindra,XUV500 W8,2012,Diesel,Manual,Second Owner,100000,15.1,2179.0,140.0,7.0
Tata,Indigo CS,2011,Petrol,Manual,First Owner,70000,15.64,1193.0,64.1,1.81
Mahindra,Scorpio VLS,2009,Diesel,Automatic,Second Owner,110000,11.79,2179.0,120.0,3.65
Maruti,Alto K10,2017,Petrol,Automatic,First Owner,10000,23.95,998.0,67.1,4.0
Hyundai,i10 Sportz,2010,Petrol,Manual,First Owner,110000,20.36,1197.0,78.9,2.1
Hyundai,Verna 1.6,2013,Diesel,Manual,Second Owner,87000,22.32,1582.0,126.32,5.0
Jaguar,XE 2016-2019,2017,Diesel,Automatic,First Owner,9000,13.6,1999.0,177.0,27.11
Lexus,ES 300h,2019,Petrol,Automatic,First Owner,20000,22.37,2487.0,214.56,51.5
Jaguar,XF 2.0,2017,Diesel,Automatic,First Owner,45000,19.33,1999.0,177.0,32.0
Tata,Safari Storme,2015,Diesel,Manual,First Owner,110000,14.1,2179.0,147.94,5.03
Volvo,XC40 D4,2019,Diesel,Automatic,First Owner,20000,18.0,1969.0,190.0,38.0
Toyota,Camry 2.5,2016,Petrol,Automatic,First Owner,68089,19.16,2494.0,157.7,20.0
Maruti,Wagon R,2013,Petrol,Manual,First Owner,58343,21.79,998.0,67.05,2.25
Maruti,Baleno Alpha,2018,Diesel,Manual,First Owner,38817,27.39,1248.0,74.0,7.4
Honda,Jazz VX,2016,Petrol,Manual,First Owner,56494,18.2,1199.0,88.7,5.5
Toyota,Innova 2.5,2013,Diesel,Manual,Second Owner,79328,12.99,2494.0,100.6,7.5
Maruti,Swift AMT,2019,Petrol,Automatic,First Owner,5621,22.0,1197.0,81.8,6.5
Toyota,Etios VX,2017,Petrol,Manual,First Owner,25538,16.78,1496.0,88.73,6.25
Maruti,Swift AMT,2018,Petrol,Automatic,First Owner,69779,22.0,1197.0,81.8,6.0
Hyundai,Grand i10,2017,Diesel,Manual,First Owner,56290,24.0,1186.0,73.97,4.5
BMW,X4 M,2019,Diesel,Automatic,First Owner,7500,16.78,1995.0,190.0,54.0
BMW,X4 M,2019,Diesel,Automatic,First Owner,8500,16.78,1995.0,190.0,55.0
Honda,Amaze V,2019,Petrol,Automatic,First Owner,7032,19.0,1199.0,88.76,7.79
Skoda,Rapid 1.6,2016,Petrol,Automatic,First Owner,11000,14.3,1598.0,103.5,6.45
Volvo,V40 D3,2018,Diesel,Automatic,First Owner,2000,16.8,1984.0,150.0,24.75
Maruti,Baleno Alpha,2017,Diesel,Manual,First Owner,70000,27.39,1248.0,74.0,7.35
Tata,Zest Revotron,2017,Petrol,Manual,First Owner,120000,17.57,1193.0,88.7,5.5
Maruti,Ertiga ZDI,2013,Diesel,Manual,First Owner,148000,20.77,1248.0,88.8,5.1
Hyundai,i20 Asta,2013,Diesel,Manual,Second Owner,60000,21.27,1396.0,88.76,4.6
Maruti,Alto 800,2015,Petrol,Manual,First Owner,18000,22.74,796.0,47.3,3.1
Tata,Zest Quadrajet,2018,Diesel,Manual,First Owner,80000,22.95,1248.0,74.0,7.75
Maruti,Alto LXI,2004,Petrol,Manual,Third Owner,96000,19.7,796.0,46.3,1.05
Honda,Amaze S,2015,Diesel,Manual,Second Owner,97000,25.8,1498.0,98.6,4.3
Hyundai,i20 Sportz,2013,Diesel,Manual,Third Owner,210000,21.9,1396.0,88.76,3.6
Volkswagen,Vento Diesel,2012,Diesel,Manual,Third Owner,60000,20.5,1598.0,105.0,4.0
Maruti,Swift Dzire,2014,Diesel,Manual,First Owner,90000,23.4,1248.0,74.0,6.0
Honda,WR-V i-VTEC,2019,Petrol,Manual,First Owner,35000,17.5,1199.0,88.7,5.8
Mahindra,Verito 1.5,2012,Diesel,Manual,Second Owner,120000,21.03,1461.0,65.0,1.4
Tata,Indigo TDI,2008,Diesel,Manual,First Owner,100000,19.61,1405.0,70.0,2.1
Hyundai,Grand i10,2017,Petrol,Manual,First Owner,20000,18.9,1197.0,82.0,5.5
Chevrolet,Sail Hatchback,2013,Petrol,Manual,Second Owner,110000,18.2,1199.0,84.8,1.2
Toyota,Innova 2.5,2013,Diesel,Manual,First Owner,35000,12.99,2494.0,100.6,4.0
Honda,WR-V i-DTEC,2018,Diesel,Manual,First Owner,15000,25.5,1498.0,98.6,10.35
Maruti,Ciaz VDi,2015,Diesel,Manual,First Owner,90000,26.21,1248.0,88.5,6.25
Hyundai,i10 Magna,2008,Petrol,Manual,First Owner,40000,20.36,1197.0,78.9,2.0
Tata,Manza Club,2013,Diesel,Manual,First Owner,140000,21.02,1248.0,88.76,3.16
Maruti,Vitara Brezza,2017,Diesel,Manual,First Owner,110000,24.3,1248.0,88.5,8.13
Toyota,Innova Crysta,2016,Diesel,Automatic,First Owner,55000,11.36,2755.0,171.5,15.75
Toyota,Innova 2.5,2013,Diesel,Manual,First Owner,73000,12.99,2494.0,100.0,9.0
Maruti,Ertiga VDI,2015,Diesel,Manual,First Owner,100000,20.77,1248.0,88.76,6.5
Ford,Figo Aspire,2015,Diesel,Manual,Second Owner,32000,25.83,1498.0,99.0,4.6
Nissan,Sunny Diesel,2012,Diesel,Manual,First Owner,112072,21.64,1461.0,84.8,2.9
Ford,Figo Diesel,2014,Diesel,Manual,First Owner,30000,20.0,1399.0,68.05,4.0
Maruti,Swift VDI,2016,Diesel,Manual,Second Owner,70000,25.2,1248.0,74.0,5.65
Chevrolet,Spark 1.0,2009,Petrol,Manual,Second Owner,80000,18.0,995.0,62.0,1.5
BMW,3 Series,2007,Diesel,Automatic,Fourth & Above Owner,110000,16.07,1995.0,181.0,4.8
Maruti,Zen Estilo,2007,Petrol,Manual,Second Owner,80000,18.2,1061.0,64.0,0.7
Maruti,Zen Estilo,2007,Petrol,Manual,Second Owner,80000,18.2,1061.0,64.0,0.7
Mercedes-Benz,E-Class E,2011,Petrol,Automatic,Second Owner,80000,10.93,2497.0,204.0,11.9
Ford,EcoSport 1.5,2018,Diesel,Manual,First Owner,19000,23.0,1498.0,98.96,9.0
Hyundai,i20 Sportz,2015,Diesel,Manual,First Owner,40000,22.54,1396.0,88.73,6.0
Mahindra,Scorpio S10,2015,Diesel,Manual,First Owner,52269,15.4,2179.0,120.0,11.0
Maruti,Omni LPG,2010,LPG,Manual,Second Owner,170000,10.9,796.0,32.8,1.2
Hyundai,i20 Magna,2009,Petrol,Manual,Third Owner,60000,18.5,1197.0,80.0,2.3
Honda,Amaze i-VTEC,2017,Petrol,Manual,First Owner,15780,17.8,1198.0,86.7,5.7
Hyundai,Verna 1.6,2014,Diesel,Manual,First Owner,106000,22.32,1582.0,126.32,5.75
Volkswagen,Vento Diesel,2012,Diesel,Manual,Third Owner,80000,20.54,1598.0,103.6,2.8
Hyundai,i20 Active,2015,Diesel,Manual,Second Owner,74000,21.19,1396.0,88.73,5.8
Maruti,Ertiga VDI,2018,Diesel,Manual,Second Owner,35000,25.47,1248.0,88.5,8.75
Hyundai,Verna 1.6,2013,Diesel,Manual,Third Owner,70000,22.32,1582.0,126.32,5.0
Maruti,Ciaz ZDi,2015,Diesel,Manual,First Owner,60000,26.21,1248.0,88.5,7.0
Ford,Figo 1.2P,2016,Petrol,Manual,Second Owner,50000,18.16,1196.0,86.8,3.88
Hyundai,i10 Sportz,2011,Petrol,Manual,Second Owner,80000,20.36,1197.0,78.9,2.25
Tata,Indigo CS,2011,Petrol,Manual,Second Owner,90000,15.64,1193.0,64.08,0.9
Renault,Duster 110PS,2014,Diesel,Manual,First Owner,114000,19.01,1461.0,108.45,6.0
Hyundai,i20 Magna,2009,Petrol,Manual,First Owner,100000,18.5,1197.0,80.0,2.35
Hyundai,i20 1.4,2011,Diesel,Manual,Second Owner,100000,23.0,1396.0,90.0,3.5
Hyundai,i10 Sportz,2011,Petrol,Manual,Second Owner,80000,20.36,1197.0,78.9,2.35
Maruti,Alto LXi,2010,Petrol,Manual,First Owner,35000,19.7,796.0,46.3,1.9
Tata,Manza Aura,2011,Diesel,Manual,First Owner,79000,21.12,1248.0,88.8,3.25
Volkswagen,Vento Diesel,2011,Diesel,Manual,Third Owner,120000,20.54,1598.0,103.6,3.0
Tata,Tigor 1.2,2017,Petrol,Manual,First Owner,10000,20.3,1199.0,84.0,5.5
Mahindra,XUV500 W8,2013,Diesel,Manual,Second Owner,150000,15.1,2179.0,140.0,7.2
Nissan,Micra XE,2011,Petrol,Manual,First Owner,110000,18.06,1198.0,75.0,1.1
Maruti,Alto 800,2018,Petrol,Manual,First Owner,10000,24.7,796.0,47.3,3.1
Maruti,Wagon R,2010,LPG,Manual,Second Owner,70000,26.2,998.0,58.2,1.5
Tata,Indica Vista,2012,Diesel,Manual,First Owner,46000,19.4,1405.0,70.0,2.6
Hyundai,Accent GLS,2002,Petrol,Manual,Fourth & Above Owner,120000,13.2,1495.0,94.0,0.55
Maruti,Swift VDI,2013,Diesel,Manual,Third Owner,108800,22.9,1248.0,74.0,4.5
Hyundai,i10 Sportz,2009,Petrol,Manual,Second Owner,70000,20.36,1197.0,78.9,1.99
Mahindra,Scorpio S3,2018,Diesel,Manual,First Owner,35000,15.4,2523.0,75.0,10.0
Ford,Figo Diesel,2011,Diesel,Manual,First Owner,72000,20.0,1399.0,68.0,2.4
Renault,KWID RXL,2018,Petrol,Manual,First Owner,40000,25.17,799.0,53.3,3.5
Mahindra,Bolero 2011-2019,2014,Diesel,Manual,Third Owner,120000,15.96,2523.0,62.1,5.3
Chevrolet,Spark 1.0,2011,Petrol,Manual,First Owner,35000,18.0,995.0,62.0,1.5
Hyundai,Elite i20,2019,Petrol,Manual,First Owner,12500,18.6,1197.0,81.86,6.25
Hyundai,Grand i10,2014,Petrol,Manual,First Owner,80000,18.9,1197.0,82.0,3.78
Renault,KWID RXT,2015,Petrol,Manual,Second Owner,210000,25.17,799.0,53.3,2.1
Maruti,Swift Dzire,2018,Diesel,Manual,Second Owner,100000,28.4,1248.0,74.02,7.0
Hyundai,Santro Xing,2011,Petrol,Manual,Second Owner,110000,17.92,1086.0,62.1,1.56
Mahindra,Bolero Power,2016,Diesel,Manual,First Owner,103000,16.5,1493.0,70.0,7.0
Maruti,Alto LX,2006,Petrol,Manual,Second Owner,100000,19.7,796.0,46.3,1.2
Honda,Amaze S,2015,Petrol,Automatic,First Owner,45000,15.5,1198.0,86.7,4.15
Honda,Amaze S,2015,Petrol,Automatic,First Owner,45000,15.5,1198.0,86.7,4.5
Honda,Brio S,2014,Petrol,Manual,Third Owner,40000,19.4,1198.0,86.8,3.25
Mahindra,Bolero 2011-2019,2014,Diesel,Manual,First Owner,200000,15.96,2523.0,62.1,5.25
Hyundai,EON Magna,2017,Petrol,Manual,First Owner,100000,21.1,814.0,55.2,2.65
Maruti,Omni 8,2008,Petrol,Manual,Second Owner,120000,19.7,796.0,35.0,1.0
Jaguar,XE 2016-2019,2017,Diesel,Automatic,First Owner,9000,13.6,1999.0,177.0,27.11
Lexus,ES 300h,2019,Petrol,Automatic,First Owner,20000,22.37,2487.0,214.56,51.5
Jaguar,XF 2.0,2017,Diesel,Automatic,First Owner,45000,19.33,1999.0,177.0,32.0
Tata,Safari Storme,2015,Diesel,Manual,First Owner,110000,14.1,2179.0,147.94,5.03
Volvo,XC40 D4,2019,Diesel,Automatic,First Owner,20000,18.0,1969.0,190.0,38.0
Toyota,Camry 2.5,2016,Petrol,Automatic,First Owner,68089,19.16,2494.0,157.7,20.0
Maruti,Wagon R,2013,Petrol,Manual,First Owner,58343,21.79,998.0,67.05,2.25
Maruti,Baleno Alpha,2018,Diesel,Manual,First Owner,38817,27.39,1248.0,74.0,7.4
Honda,Jazz VX,2016,Petrol,Manual,First Owner,56494,18.2,1199.0,88.7,5.5
Toyota,Innova 2.5,2013,Diesel,Manual,Second Owner,79328,12.99,2494.0,100.6,7.5
Maruti,Swift AMT,2019,Petrol,Automatic,First Owner,5621,22.0,1197.0,81.8,6.5
Toyota,Etios VX,2017,Petrol,Manual,First Owner,25538,16.78,1496.0,88.73,6.25
Maruti,Swift AMT,2018,Petrol,Automatic,First Owner,69779,22.0,1197.0,81.8,6.0
Hyundai,Grand i10,2017,Diesel,Manual,First Owner,56290,24.0,1186.0,73.97,4.5
BMW,X4 M,2019,Diesel,Automatic,First Owner,7500,16.78,1995.0,190.0,54.0
BMW,X4 M,2019,Diesel,Automatic,First Owner,8500,16.78,1995.0,190.0,55.0
Honda,Amaze V,2019,Petrol,Automatic,First Owner,7032,19.0,1199.0,88.76,7.79
Skoda,Rapid 1.6,2016,Petrol,Automatic,First Owner,11000,14.3,1598.0,103.5,6.45
Volvo,V40 D3,2018,Diesel,Automatic,First Owner,2000,16.8,1984.0,150.0,24.75
Tata,Zest Quadrajet,2015,Diesel,Manual,First Owner,100000,23.0,1248.0,88.7,4.0
Hyundai,i20 Magna,2013,Diesel,Manual,First Owner,40000,21.9,1396.0,88.8,3.45
Mahindra,Thar CRDe,2018,Diesel,Manual,Second Owner,15000,16.55,2498.0,105.0,8.5
Maruti,Ignis 1.2,2018,Petrol,Automatic,First Owner,15000,20.89,1197.0,81.8,6.2
Maruti,Baleno Alpha,2018,Petrol,Manual,Second Owner,10000,21.4,1197.0,83.1,7.0
Tata,Indica Vista,2012,Diesel,Manual,First Owner,90000,22.3,1248.0,74.0,2.0
Mahindra,Bolero Power,2017,Diesel,Manual,First Owner,80000,16.5,1493.0,70.0,6.6
Mitsubishi,Pajero Sport,2015,Diesel,Manual,First Owner,39000,13.5,2477.0,175.56,17.0
Tata,Indica V2,2009,Diesel,Manual,Second Owner,60000,17.88,1396.0,52.8,0.9
Mahindra,XUV500 W6,2015,Diesel,Manual,Second Owner,28000,15.1,2179.0,140.0,10.5
Ford,Figo Petrol,2010,Petrol,Manual,Second Owner,90000,15.6,1196.0,70.0,1.6
Honda,Civic 1.8,2006,Petrol,Manual,Third Owner,80000,13.5,1799.0,130.0,1.5
Maruti,Zen Estilo,2010,Petrol,Manual,First Owner,35000,19.0,998.0,67.1,2.0
Toyota,Corolla Altis,2011,Diesel,Manual,Second Owner,185000,21.43,1364.0,87.2,3.65
Fiat,Punto 1.2,2009,Petrol,Manual,Second Owner,110000,15.7,1172.0,67.0,1.4
Fiat,Avventura Power,2016,Diesel,Manual,First Owner,100000,20.5,1248.0,91.72,3.6
Honda,City 2017-2020,2008,Petrol,Manual,Second Owner,110000,17.7,1497.0,78.0,2.0
Skoda,Laura Ambiente,2010,Diesel,Manual,Second Owner,100000,17.5,1896.0,106.0,2.5
Skoda,Laura Ambiente,2008,Diesel,Manual,Second Owner,110000,17.5,1896.0,106.0,2.3
Ford,Fiesta 1.4,2011,Diesel,Manual,Second Owner,130000,17.8,1399.0,68.0,3.2
Hyundai,Creta 1.6,2018,Petrol,Manual,First Owner,27000,15.8,1591.0,121.3,12.0
Maruti,Baleno Zeta,2018,Petrol,Automatic,First Owner,9000,21.4,1197.0,83.1,7.4
Hyundai,i20 Magna,2013,Diesel,Manual,First Owner,40000,21.9,1396.0,88.8,3.45
Maruti,Ignis 1.2,2019,Petrol,Automatic,Second Owner,19000,20.89,1197.0,81.8,5.7
Maruti,Wagon R,2019,Petrol,Manual,First Owner,10000,20.52,1197.0,81.8,4.9
Tata,Indigo CR4,2013,Diesel,Manual,First Owner,100000,23.57,1396.0,70.0,2.5
Maruti,Wagon R,2017,Petrol,Automatic,First Owner,20000,20.51,998.0,67.0,4.3
Hyundai,EON Era,2014,Petrol,Manual,First Owner,35000,21.1,814.0,55.2,2.25
Mahindra,Thar CRDe,2018,Diesel,Manual,Second Owner,15000,16.55,2498.0,105.0,8.5
Maruti,Ignis 1.2,2018,Petrol,Automatic,First Owner,15000,20.89,1197.0,81.8,6.2
Hyundai,i20 Sportz,2014,Diesel,Manual,Second Owner,70000,22.54,1396.0,88.73,4.4
Maruti,Vitara Brezza,2016,Diesel,Manual,First Owner,70000,24.3,1248.0,88.5,8.0
Maruti,Baleno Alpha,2018,Petrol,Manual,Second Owner,10000,21.4,1197.0,83.1,7.0
Maruti,Swift VDI,2016,Diesel,Manual,First Owner,47000,25.2,1248.0,74.0,6.0
Tata,Indica Vista,2012,Diesel,Manual,First Owner,90000,22.3,1248.0,74.0,2.0
Mahindra,Bolero Power,2017,Diesel,Manual,First Owner,80000,16.5,1493.0,70.0,6.6
Mitsubishi,Pajero Sport,2015,Diesel,Manual,First Owner,39000,13.5,2477.0,175.56,17.0
Hyundai,Grand i10,2015,Diesel,Manual,First Owner,53000,24.0,1120.0,70.0,4.5
Maruti,Swift Dzire,2013,Diesel,Manual,Second Owner,105000,23.4,1248.0,74.0,4.2
Toyota,Innova 2.5,2011,Diesel,Manual,First Owner,121941,12.8,2494.0,102.0,5.0
Tata,Tiago 1.2,2016,Petrol,Manual,First Owner,15000,23.84,1199.0,84.0,3.5
Mahindra,Xylo D2,2014,Diesel,Manual,First Owner,100000,14.0,2489.0,95.0,2.8
Renault,Duster 85PS,2013,Diesel,Manual,Second Owner,152186,20.45,1461.0,83.8,4.25
Hyundai,i10 Magna,2013,Petrol,Manual,First Owner,82246,20.36,1197.0,78.9,2.95
Maruti,Swift VXI,2016,Petrol,Manual,First Owner,20000,20.4,1197.0,81.8,5.4
Maruti,Swift Dzire,2017,Diesel,Manual,First Owner,40000,28.4,1248.0,74.02,7.54
Toyota,Innova 2.5,2011,Diesel,Manual,Second Owner,89580,12.8,2494.0,102.0,6.5
Toyota,Innova 2.5,2011,Diesel,Manual,Second Owner,250000,12.8,2494.0,102.0,5.5
Toyota,Innova 2.5,2011,Diesel,Manual,Second Owner,250000,12.8,2494.0,102.0,5.5
Ford,Figo 1.2P,2019,Petrol,Manual,First Owner,2789,18.16,1196.0,86.8,6.75
Ford,Freestyle Titanium,2018,Diesel,Manual,First Owner,35278,23.8,1499.0,98.97,7.0
Ford,Freestyle Titanium,2018,Diesel,Manual,First Owner,2860,23.8,1499.0,98.97,7.95
Toyota,Innova 2.5,2010,Diesel,Manual,First Owner,200000,12.8,2494.0,102.0,5.15
Mahindra,KUV 100,2018,Petrol,Manual,First Owner,20000,18.15,1198.0,82.0,4.5
Hyundai,Getz 1.1,2008,Petrol,Manual,Third Owner,60000,15.0,1086.0,66.6,1.55
Toyota,Etios VXD,2011,Diesel,Manual,Second Owner,100000,23.59,1364.0,67.1,3.5
Ford,Figo Diesel,2011,Diesel,Manual,First Owner,78562,20.0,1399.0,68.0,2.5
Hyundai,Verna 1.6,2011,Diesel,Manual,Fourth & Above Owner,96000,22.32,1582.0,126.32,4.5
Hyundai,Verna 1.6,2011,Diesel,Manual,Fourth & Above Owner,96000,22.32,1582.0,126.32,4.5
Maruti,800 EX,2003,Petrol,Manual,First Owner,36088,16.1,796.0,37.0,0.56
Hyundai,i20 Sportz,2014,Diesel,Manual,First Owner,50000,22.54,1396.0,88.73,4.2
Maruti,S-Cross 2017-2020,2018,Diesel,Manual,First Owner,40000,25.1,1248.0,88.5,7.5
Datsun,GO T,2020,Petrol,Manual,First Owner,10000,19.02,1198.0,67.05,4.5
Maruti,Swift Vdi,2008,Diesel,Manual,Second Owner,60000,17.8,1248.0,75.0,1.75
Hyundai,i20 Active,2019,Petrol,Manual,First Owner,10000,17.19,1197.0,81.86,6.5
Maruti,Ertiga ZDI,2018,Diesel,Manual,First Owner,10000,25.47,1248.0,88.5,10.5
Hyundai,Verna 1.6,2011,Diesel,Manual,Second Owner,35000,22.32,1582.0,126.32,3.75
Hyundai,Santa Fe,2014,Diesel,Manual,First Owner,80000,14.74,2199.0,194.3,11.0
Mahindra,XUV500 W11,2019,Diesel,Manual,First Owner,28000,15.1,2179.0,152.87,15.5
Ford,Figo Aspire,2017,Diesel,Manual,First Owner,35000,24.29,1498.0,99.0,6.2
Jeep,Compass 2.0,2017,Diesel,Manual,First Owner,32000,16.3,1956.0,170.0,15.11
Maruti,Wagon R,2003,Petrol,Manual,First Owner,40000,18.9,998.0,67.1,1.35
Hyundai,Verna 1.6,2011,Diesel,Manual,Second Owner,35000,22.32,1582.0,126.32,3.75
Renault,KWID RXL,2019,Petrol,Manual,First Owner,10000,25.17,799.0,53.3,3.2
Mahindra,XUV500 W11,2019,Diesel,Automatic,Second Owner,25000,15.1,2179.0,152.87,16.5
Maruti,Alto K10,2016,Petrol,Manual,First Owner,50000,23.95,998.0,67.05,3.2
Maruti,Swift Dzire,2012,Diesel,Manual,First Owner,129000,19.3,1248.0,73.9,4.0
Mahindra,XUV500 AT,2015,Diesel,Automatic,Second Owner,100000,16.0,2179.0,140.0,9.0
Maruti,Alto 800,2018,Petrol,Manual,First Owner,30000,24.7,796.0,47.3,3.1
Tata,Nexon 1.2,2018,Petrol,Manual,Second Owner,28000,17.0,1198.0,108.5,5.95
Maruti,SX4 S,2017,Diesel,Manual,First Owner,60000,23.65,1248.0,88.5,8.0
Mahindra,Verito 1.6,2013,Petrol,Manual,First Owner,70000,13.87,1598.0,86.0,3.5
Tata,Indica Vista,2013,Diesel,Manual,First Owner,110000,19.1,1405.0,70.0,2.75
Maruti,Eeco 5,2019,Petrol,Manual,First Owner,10000,15.37,1196.0,73.0,4.2
Hyundai,Verna CRDi,2008,Diesel,Manual,Second Owner,110000,18.1,1493.0,110.0,2.5
Maruti,Swift Ldi,2007,Diesel,Manual,Second Owner,100000,17.8,1248.0,75.0,2.5
Mahindra,Scorpio VLX,2008,Diesel,Manual,Second Owner,120000,12.05,2179.0,120.0,2.9
Hyundai,Xcent 1.2,2016,Petrol,Automatic,First Owner,60000,16.9,1197.0,82.0,5.25
Mahindra,Scorpio LX,2008,Diesel,Manual,Third Owner,110000,10.5,2609.0,120.0,2.5
Maruti,Celerio VXI,2017,Petrol,Manual,First Owner,10000,23.1,998.0,67.04,4.3
Maruti,Baleno Zeta,2017,Petrol,Manual,First Owner,35000,21.4,1197.0,83.1,6.3
Tata,Tigor 1.2,2018,Petrol,Manual,First Owner,23000,20.3,1199.0,84.0,5.5
Maruti,Swift VDI,2019,Diesel,Manual,Second Owner,15000,28.4,1248.0,74.0,6.3
Mahindra,TUV 300,2018,Diesel,Manual,First Owner,20000,18.49,2179.0,120.0,8.5
Mahindra,Bolero SLX,2011,Diesel,Manual,First Owner,90000,13.6,2523.0,63.0,4.55
Mahindra,Bolero SLX,2011,Diesel,Manual,First Owner,90000,13.6,2523.0,63.0,4.45
Hyundai,i20 Sportz,2013,Diesel,Manual,First Owner,80000,21.9,1396.0,88.76,3.7
Hyundai,Grand i10,2016,Petrol,Manual,First Owner,50000,18.9,1197.0,82.0,5.0
Tata,Indica Vista,2012,Diesel,Manual,Second Owner,185000,19.4,1405.0,70.0,1.4
Maruti,Swift VXI,2019,Petrol,Manual,First Owner,40000,21.21,1197.0,81.8,5.5
Renault,KWID 1.0,2017,Petrol,Manual,First Owner,30000,23.01,999.0,67.0,3.0
Tata,Indigo CS,2011,Diesel,Manual,First Owner,120000,23.03,1396.0,69.0,1.5
Mahindra,Scorpio Intelli,2017,Diesel,Manual,First Owner,46000,15.4,2179.0,120.0,8.8
Toyota,Fortuner 3.0,2011,Diesel,Manual,First Owner,120000,11.5,2982.0,171.0,9.0
Mahindra,Scorpio S2,2015,Diesel,Manual,First Owner,80000,15.4,2523.0,75.0,7.2
Hyundai,i20 Magna,2016,Diesel,Manual,Second Owner,90000,22.54,1396.0,88.73,5.5
Mahindra,Scorpio S2,2015,Diesel,Manual,First Owner,90000,15.4,2523.0,75.0,7.2
Maruti,Swift VDI,2016,Diesel,Manual,First Owner,70000,25.2,1248.0,74.0,5.35
Hyundai,Xcent 1.1,2015,Diesel,Manual,Third Owner,91000,24.4,1120.0,71.0,3.2
Hyundai,i20 Sportz,2015,Diesel,Manual,First Owner,90000,22.54,1396.0,88.73,5.0
Maruti,Ertiga VDI,2014,Diesel,Manual,Second Owner,110000,20.77,1248.0,88.76,5.25
Renault,KWID 1.0,2019,Petrol,Manual,First Owner,90000,23.01,999.0,67.0,2.2
Tata,Tiago 1.2,2018,Petrol,Manual,First Owner,50000,23.84,1199.0,84.0,3.5
Mahindra,TUV 300,2016,Diesel,Manual,First Owner,60000,18.49,1493.0,100.0,5.3
Maruti,Alto 800,2013,Petrol,Manual,First Owner,35000,22.74,796.0,47.3,2.15
Volkswagen,Vento Diesel,2012,Diesel,Manual,First Owner,100000,20.54,1598.0,103.6,3.35
Hyundai,Xcent 1.1,2015,Diesel,Manual,Second Owner,90000,24.4,1120.0,71.0,3.2
Ford,Figo Diesel,2011,Diesel,Manual,Second Owner,120000,20.0,1399.0,68.0,1.35
Maruti,A-Star Vxi,2009,Petrol,Manual,Second Owner,95000,19.0,998.0,66.1,1.75
Mahindra,Bolero 2011-2019,2017,Diesel,Manual,First Owner,35000,15.96,2523.0,62.1,8.0
Tata,Indica GLS,2007,Petrol,Manual,Second Owner,38000,15.3,1193.0,65.3,0.78
Honda,City i,2014,Petrol,Manual,Second Owner,56000,17.4,1497.0,117.3,5.65
Hyundai,i20 2015-2017,2017,Diesel,Manual,First Owner,50000,22.54,1396.0,88.73,5.75
Hyundai,EON Era,2014,Petrol,Manual,Second Owner,70000,21.1,814.0,55.2,1.7
Maruti,Alto 800,2014,Petrol,Manual,First Owner,30000,22.74,796.0,47.3,2.51
Mahindra,XUV500 W10,2015,Diesel,Manual,First Owner,188000,16.0,2179.0,140.0,9.5
Honda,City i,2014,Petrol,Manual,First Owner,60000,17.8,1497.0,117.3,6.5
Tata,Safari Storme,2013,Diesel,Manual,First Owner,133000,14.0,2179.0,138.1,5.5
Toyota,Innova 2.5,2010,Diesel,Manual,First Owner,160000,12.8,2494.0,102.0,6.5
Mahindra,XUV500 W8,2013,Diesel,Manual,Second Owner,150000,15.1,2179.0,140.0,8.0
Maruti,Alto 800,2020,Petrol,Manual,First Owner,30000,22.05,796.0,47.3,2.51
Maruti,Alto 800,2013,Petrol,Manual,Second Owner,60000,22.74,796.0,47.3,1.7
Tata,Indigo CS,2013,Diesel,Manual,First Owner,30000,19.09,1396.0,69.0,2.5
Chevrolet,Enjoy Petrol,2014,Petrol,Manual,First Owner,80000,13.7,1399.0,98.82,3.12
Maruti,Alto 800,2014,Petrol,Manual,First Owner,20000,22.74,796.0,47.3,2.5
Hyundai,EON Magna,2013,Petrol,Manual,First Owner,80000,21.1,814.0,55.2,2.0
Mahindra,Scorpio S2,2016,Diesel,Manual,First Owner,73000,15.4,2523.0,75.0,6.7
Hyundai,EON D,2017,Petrol,Manual,First Owner,50000,21.1,814.0,55.2,2.7
Mahindra,Bolero 2011-2019,2012,Diesel,Manual,First Owner,200000,15.96,2523.0,62.1,3.6
Maruti,Swift VDI,2018,Diesel,Manual,First Owner,46000,28.4,1248.0,74.0,6.3
Maruti,800 EX,2003,Petrol,Manual,First Owner,36088,16.1,796.0,37.0,0.56
Mahindra,Supro LX,2018,Diesel,Manual,First Owner,50000,23.5,909.0,45.0,4.0
Hyundai,i20 Sportz,2014,Diesel,Manual,First Owner,50000,22.54,1396.0,88.73,4.2
Maruti,Ciaz 1.4,2018,Petrol,Manual,First Owner,25000,20.73,1373.0,91.1,7.64
Mahindra,Bolero 2011-2019,2019,Diesel,Manual,First Owner,30000,15.96,2523.0,62.1,7.1
Tata,Hexa XT,2018,Diesel,Manual,First Owner,30000,17.6,2179.0,153.86,15.75
Force,One SX,2018,Diesel,Manual,First Owner,13000,17.0,2200.0,139.01,10.5
Maruti,XL6 Alpha,2019,Petrol,Manual,First Owner,15000,19.01,1462.0,103.2,10.0
Maruti,SX4 S,2017,Diesel,Manual,First Owner,44000,23.65,1248.0,88.5,6.5
Ford,EcoSport 1.5,2015,Diesel,Manual,First Owner,63000,22.77,1498.0,98.59,6.0
Mahindra,TUV 300,2016,Diesel,Manual,First Owner,110000,18.49,1493.0,100.0,5.1
Hyundai,Xcent 1.2,2017,Petrol,Manual,First Owner,14000,19.1,1197.0,82.0,6.1
Maruti,Alto 800,2017,Petrol,Manual,First Owner,35000,24.7,796.0,47.3,3.1
Mahindra,Bolero 2011-2019,2016,Diesel,Manual,First Owner,35000,15.96,2523.0,62.1,7.2
Tata,Indigo eCS,2012,Diesel,Manual,Second Owner,110000,19.09,1396.0,69.0,1.58
Tata,Indigo LS,2011,Diesel,Manual,Second Owner,85700,17.0,1405.0,70.0,1.75
Maruti,Ritz VDi,2010,Diesel,Manual,First Owner,120000,21.1,1248.0,73.9,2.17
Honda,Amaze VX,2013,Diesel,Manual,First Owner,50000,25.8,1498.0,98.6,4.85
Hyundai,Xcent 1.1,2016,Diesel,Manual,First Owner,35000,24.4,1120.0,71.0,5.5
Maruti,Swift ZXI,2012,Petrol,Manual,Second Owner,70000,18.6,1197.0,85.8,2.8
Ford,Classic 1.6,2013,Petrol,Manual,First Owner,90000,14.09,1596.0,99.6,3.5
Mahindra,XUV500 W10,2017,Diesel,Manual,Second Owner,42000,16.0,2179.0,140.0,11.5
Hyundai,Grand i10,2016,Petrol,Manual,Second Owner,30000,18.9,1197.0,82.0,4.2
Maruti,Ciaz 1.4,2017,Petrol,Manual,First Owner,80000,20.73,1373.0,91.1,8.1
Hyundai,i20 1.2,2011,Petrol,Manual,Third Owner,90000,17.0,1197.0,80.0,2.9
Chevrolet,Beat LT,2012,Petrol,Manual,First Owner,60000,18.6,1199.0,79.4,1.8
Maruti,Eeco 5,2010,Petrol,Manual,First Owner,162000,15.37,1196.0,73.0,1.6
Tata,Nano XE,2017,Petrol,Manual,Third Owner,70000,23.9,624.0,37.48,0.66
Maruti,Wagon R,2015,Petrol,Manual,Second Owner,20000,20.51,998.0,67.04,3.69
Tata,New Safari,2012,Diesel,Manual,Second Owner,80000,13.93,2179.0,138.1,3.0
Mahindra,Bolero PLUS,2008,Diesel,Manual,First Owner,90000,13.6,2523.0,63.0,3.5
Hyundai,i10 Asta,2008,Petrol,Automatic,Second Owner,120000,19.2,1197.0,80.0,2.2
Chevrolet,Tavera B3,2005,Diesel,Manual,First Owner,220000,14.8,2499.0,80.0,1.6
Maruti,Swift Ldi,2009,Diesel,Manual,Second Owner,100000,17.8,1248.0,75.0,2.21
Tata,Zest Revotron,2017,Petrol,Manual,First Owner,35000,17.57,1193.0,88.7,4.0
Toyota,Camry V4,2004,Petrol,Manual,Second Owner,120000,13.4,2362.0,164.7,2.5
Mahindra,Bolero DI,2011,Diesel,Manual,Fourth & Above Owner,120000,13.6,2523.0,63.0,3.9
Maruti,Eeco 5,2012,Petrol,Manual,First Owner,110000,15.37,1196.0,73.0,1.9
Renault,KWID RXT,2017,Petrol,Manual,First Owner,60000,25.17,799.0,53.3,3.0
Hyundai,i20 1.4,2017,Diesel,Manual,First Owner,27000,22.54,1396.0,88.73,7.5
Maruti,Swift Dzire,2016,Diesel,Manual,First Owner,50000,26.59,1248.0,74.0,6.5
Honda,Amaze i-VTEC,2018,Petrol,Manual,First Owner,40000,17.8,1198.0,86.7,6.35
Hyundai,Verna 1.6,2013,Diesel,Manual,Second Owner,88000,22.32,1582.0,126.32,5.2
Mahindra,Scorpio S11,2020,Diesel,Manual,First Owner,50000,16.36,2179.0,140.0,15.0
Hyundai,Verna 1.6,2012,Diesel,Manual,Second Owner,80000,22.32,1582.0,126.32,4.15
Hyundai,Elite i20,2019,Diesel,Manual,First Owner,60000,22.54,1396.0,88.76,7.0
Maruti,Swift LXI,2017,Petrol,Manual,Second Owner,26000,21.21,1197.0,81.8,4.85
Ford,Fiesta 1.4,2007,Petrol,Manual,Second Owner,80000,16.6,1388.0,68.0,1.2
Hyundai,EON Era,2014,Petrol,Manual,Second Owner,60000,21.1,814.0,55.2,2.2
Hyundai,i10 Magna,2014,Petrol,Manual,Second Owner,80000,20.36,1197.0,78.9,3.2
Maruti,Swift VDI,2011,Diesel,Manual,Second Owner,90000,22.9,1248.0,74.0,3.75
Hyundai,Verna 1.6,2012,Diesel,Manual,Second Owner,80000,22.32,1582.0,126.32,4.4
Hyundai,Grand i10,2019,Petrol,Automatic,First Owner,15000,18.9,1197.0,81.86,5.5
Maruti,Swift ZDI,2017,Diesel,Manual,Second Owner,35000,25.2,1248.0,74.0,6.4
Toyota,Etios GD,2014,Diesel,Manual,First Owner,120000,23.59,1364.0,67.04,4.2
Hyundai,Grand i10,2016,Diesel,Manual,Third Owner,63000,24.0,1120.0,70.0,3.3
Volkswagen,Ameo 1.5,2019,Diesel,Manual,First Owner,25000,21.66,1498.0,108.62,8.0
Maruti,Wagon R,2011,Petrol,Manual,First Owner,64500,18.9,998.0,67.1,2.4
Mahindra,KUV 100,2016,Diesel,Manual,Second Owner,100000,25.32,1198.0,77.0,3.6
Hyundai,Verna 1.6,2017,Diesel,Manual,First Owner,40000,23.9,1582.0,126.2,7.5
Hyundai,i20 1.2,2017,Petrol,Manual,Second Owner,15000,18.6,1197.0,81.83,5.7
Toyota,Etios Liva,2015,Diesel,Manual,First Owner,25000,23.59,1364.0,67.04,4.5
Maruti,Ritz LXi,2016,Petrol,Manual,Third Owner,82000,18.5,1197.0,85.8,2.7
Maruti,Ertiga VDI,2012,Diesel,Manual,First Owner,87000,20.77,1248.0,88.76,4.6
Maruti,Alto K10,2015,Petrol,Manual,Second Owner,80000,23.95,998.0,67.05,2.4
Renault,Duster 110PS,2012,Diesel,Manual,Third Owner,110000,19.01,1461.0,108.45,3.2
Tata,Manza Aura,2011,Diesel,Manual,Second Owner,148000,21.12,1248.0,88.8,1.49
Mahindra,Scorpio S11,2018,Diesel,Manual,First Owner,40000,16.36,2179.0,140.0,15.0
Hyundai,Accent Executive,2011,Petrol,Manual,First Owner,70000,16.36,1495.0,93.7,1.8
Hyundai,Santro Xing,2012,LPG,Manual,Second Owner,70000,13.45,1086.0,62.1,1.85
Maruti,800 AC,2008,Petrol,Manual,Second Owner,40000,16.1,796.0,37.0,0.65
Tata,Indigo LX,2010,Diesel,Manual,First Owner,120000,17.0,1405.0,70.0,1.3
Ford,Fiesta Classic,2012,Diesel,Manual,First Owner,60000,17.8,1399.0,67.0,3.3
Tata,Manza Aura,2011,Diesel,Manual,First Owner,90000,18.8,1248.0,90.0,1.9
Maruti,Swift VDI,2014,Diesel,Manual,First Owner,68000,22.9,1248.0,74.0,5.01
Honda,Amaze S,2017,Diesel,Manual,First Owner,24500,25.8,1498.0,98.6,6.0
Mahindra,XUV500 W8,2012,Diesel,Manual,Second Owner,77000,15.1,2179.0,140.0,5.7
Honda,Amaze VX,2015,Diesel,Manual,First Owner,85000,25.8,1498.0,98.6,4.5
Toyota,Etios 1.5,2011,Petrol,Manual,First Owner,45500,16.78,1496.0,88.73,2.85
Maruti,Swift VDI,2014,Diesel,Manual,First Owner,67000,28.4,1248.0,74.0,4.9
Maruti,Swift VDI,2014,Diesel,Manual,First Owner,77000,28.4,1248.0,74.0,5.0
Hyundai,EON Magna,2016,Petrol,Manual,First Owner,47000,21.1,814.0,55.2,2.75
Tata,Tiago XT,2017,Petrol,Manual,First Owner,57000,23.84,1199.0,84.48,4.4
Hyundai,i20 1.4,2018,Diesel,Manual,First Owner,71500,22.54,1396.0,88.73,8.25
Toyota,Etios Liva,2012,Diesel,Manual,First Owner,110000,23.59,1364.0,67.04,4.11
Maruti,Swift Dzire,2013,Diesel,Manual,Second Owner,82000,26.59,1248.0,74.0,4.7
Maruti,Swift VDI,2013,Diesel,Manual,Second Owner,70000,28.4,1248.0,74.0,4.45
Maruti,Baleno Zeta,2017,Diesel,Manual,First Owner,28000,27.39,1248.0,74.0,7.52
Skoda,Rapid 1.5,2016,Diesel,Manual,Second Owner,125000,21.14,1498.0,103.52,6.5
Maruti,Swift VDI,2013,Diesel,Manual,Second Owner,67000,28.4,1248.0,74.0,4.5
Honda,City 1.5,2011,Petrol,Manual,Third Owner,93500,17.0,1497.0,118.0,3.5
Maruti,Swift VVT,2012,Petrol,Manual,First Owner,8500,22.0,1197.0,81.8,5.11
Maruti,Baleno Zeta,2016,Diesel,Manual,First Owner,80000,27.39,1248.0,74.0,7.0
Toyota,Innova Crysta,2016,Diesel,Automatic,First Owner,30000,11.36,2755.0,171.5,18.0
Ford,Figo Aspire,2018,Petrol,Manual,First Owner,14200,18.16,1196.0,86.8,5.5
Ford,Fiesta 1.4,2007,Petrol,Manual,First Owner,97000,16.6,1388.0,68.0,1.42
Tata,New Safari,2012,Diesel,Manual,First Owner,90000,13.93,2179.0,138.0,7.25
Hyundai,i20 1.2,2017,Petrol,Manual,First Owner,30000,18.6,1197.0,81.83,6.3
Hyundai,i20 Sportz,2015,Petrol,Manual,First Owner,50000,18.6,1197.0,81.83,4.8
Maruti,Alto K10,2016,Petrol,Manual,First Owner,30000,23.95,998.0,67.05,3.3
Maruti,Gypsy King,2017,Petrol,Manual,First Owner,20000,11.96,1298.0,80.0,5.0
Volkswagen,Polo Diesel,2012,Diesel,Manual,First Owner,60300,22.07,1199.0,73.9,3.0
Tata,Zest Quadrajet,2015,Diesel,Manual,First Owner,35000,23.0,1248.0,88.7,4.0
Tata,Safari DICOR,2011,Diesel,Manual,First Owner,80000,13.93,2179.0,138.03,3.2
Hyundai,i10 Magna,2008,Petrol,Manual,Second Owner,44391,19.81,1086.0,68.05,1.8
Maruti,Baleno Sigma,2016,Diesel,Manual,First Owner,58000,27.39,1248.0,74.0,5.3
Mahindra,Bolero 2011-2019,2015,Diesel,Manual,First Owner,40000,15.96,2523.0,62.1,6.0
Maruti,Ertiga SHVS,2017,Diesel,Manual,Second Owner,66000,24.52,1248.0,88.5,7.8
Honda,City i,2016,Diesel,Manual,First Owner,110000,26.0,1498.0,98.6,7.0
Chevrolet,Beat Diesel,2013,Diesel,Manual,First Owner,56315,25.44,936.0,57.6,1.75
Mahindra,Bolero Power,2017,Diesel,Manual,First Owner,70000,16.5,1493.0,70.0,7.35
Toyota,Etios Liva,2013,Diesel,Manual,First Owner,120000,23.59,1364.0,67.06,3.25
Chevrolet,Tavera LS,2006,Diesel,Manual,First Owner,100000,14.8,2499.0,80.0,2.25
Tata,Zest Quadrajet,2015,Diesel,Manual,Second Owner,90000,23.0,1248.0,88.7,3.5
Maruti,Wagon R,2006,LPG,Manual,Third Owner,120000,17.3,1061.0,57.5,1.1
Maruti,Zen Estilo,2007,Petrol,Manual,Fourth & Above Owner,160000,18.2,998.0,67.1,0.85
Toyota,Corolla AE,2006,Petrol,Manual,Fourth & Above Owner,100000,13.4,1794.0,125.0,1.5
Maruti,Swift Dzire,2009,Diesel,Manual,Third Owner,120000,19.3,1248.0,73.9,2.25
Tata,Indica Vista,2010,Diesel,Manual,Second Owner,100000,18.0,1248.0,75.0,1.11
Maruti,Wagon R,2007,Petrol,Manual,Third Owner,70000,18.9,1061.0,67.0,1.5
Hyundai,EON Era,2017,Petrol,Manual,Second Owner,15151,21.1,814.0,55.2,3.0
Mahindra,Scorpio 1.99,2015,Diesel,Manual,First Owner,60000,15.4,1997.0,120.0,6.3
Hyundai,i10 Era,2011,Petrol,Manual,First Owner,100000,19.81,1086.0,68.05,2.06
Maruti,Wagon R,2006,Petrol,Manual,Fourth & Above Owner,110000,18.9,998.0,67.1,0.7
Hyundai,Grand i10,2019,Petrol,Automatic,First Owner,7000,18.9,1197.0,81.86,5.67
Maruti,Wagon R,2005,Petrol,Manual,First Owner,35000,18.9,998.0,67.1,0.65
Maruti,Swift Dzire,2016,Diesel,Manual,Second Owner,60000,26.59,1248.0,74.0,5.5
Hyundai,i10 Magna,2010,Petrol,Manual,Fourth & Above Owner,70000,20.36,1197.0,78.9,1.4
Renault,KWID RXT,2016,Petrol,Manual,First Owner,30000,25.17,799.0,53.3,3.0
Ford,EcoSport 1.5,2013,Petrol,Manual,Second Owner,70000,15.85,1499.0,110.4,5.0
Hyundai,Grand i10,2015,Petrol,Manual,First Owner,128000,18.9,1197.0,82.0,4.0
Toyota,Innova 2.5,2012,Diesel,Manual,Second Owner,120000,12.8,2494.0,102.0,8.5
Maruti,Swift VDI,2014,Diesel,Manual,First Owner,15000,25.2,1248.0,74.0,5.7
Maruti,Swift Dzire,2017,Diesel,Manual,First Owner,60000,28.4,1248.0,74.02,6.99
Honda,Brio Exclusive,2013,Petrol,Manual,First Owner,80000,19.4,1198.0,86.8,3.55
Maruti,Swift Dzire,2016,Diesel,Manual,First Owner,80000,26.59,1248.0,74.0,6.9
Ford,Fiesta 1.4,2006,Diesel,Manual,Second Owner,114321,17.8,1399.0,68.0,1.8
Tata,Indica Vista,2013,Diesel,Manual,First Owner,120000,19.4,1405.0,70.0,2.0
Mahindra,Scorpio VLX,2012,Diesel,Manual,Second Owner,120000,12.05,2179.0,120.0,5.75
Toyota,Etios Liva,2014,Diesel,Manual,First Owner,146000,23.59,1364.0,67.06,4.15
Hyundai,i10 Magna,2012,LPG,Manual,First Owner,30000,19.2,1086.0,68.05,3.5
Hyundai,EON D,2017,Petrol,Manual,First Owner,20000,21.1,814.0,55.2,3.5
Toyota,Platinum Etios,2017,Diesel,Manual,First Owner,150000,23.59,1364.0,67.05,6.32
Maruti,Eeco CNG,2014,CNG,Manual,Second Owner,70000,21.94,1196.0,61.7,3.25
Hyundai,Elantra SX,2013,Petrol,Manual,Second Owner,90000,16.3,1797.0,147.5,5.11
Honda,City 1.5,2010,Petrol,Manual,Third Owner,100000,17.0,1497.0,118.0,3.0
Maruti,Wagon R,2005,Petrol,Manual,Fourth & Above Owner,188000,18.9,998.0,67.1,0.7
Hyundai,i10 Sportz,2008,Petrol,Manual,Third Owner,100000,19.81,1086.0,68.05,1.8
Jaguar,XE 2016-2019,2017,Diesel,Automatic,First Owner,9000,13.6,1999.0,177.0,27.11
Lexus,ES 300h,2019,Petrol,Automatic,First Owner,20000,22.37,2487.0,214.56,51.5
Jaguar,XF 2.0,2017,Diesel,Automatic,First Owner,45000,19.33,1999.0,177.0,32.0
Tata,Safari Storme,2015,Diesel,Manual,First Owner,110000,14.1,2179.0,147.94,5.03
Volvo,XC40 D4,2019,Diesel,Automatic,First Owner,20000,18.0,1969.0,190.0,38.0
Toyota,Camry 2.5,2016,Petrol,Automatic,First Owner,68089,19.16,2494.0,157.7,20.0
Maruti,Wagon R,2013,Petrol,Manual,First Owner,58343,21.79,998.0,67.05,2.25
Maruti,Baleno Alpha,2018,Diesel,Manual,First Owner,38817,27.39,1248.0,74.0,7.4
Honda,Jazz VX,2016,Petrol,Manual,First Owner,56494,18.2,1199.0,88.7,5.5
Toyota,Innova 2.5,2013,Diesel,Manual,Second Owner,79328,12.99,2494.0,100.6,7.5
Maruti,Swift AMT,2019,Petrol,Automatic,First Owner,5621,22.0,1197.0,81.8,6.5
Toyota,Etios VX,2017,Petrol,Manual,First Owner,25538,16.78,1496.0,88.73,6.25
Maruti,Swift AMT,2018,Petrol,Automatic,First Owner,69779,22.0,1197.0,81.8,6.0
Hyundai,Grand i10,2017,Diesel,Manual,First Owner,56290,24.0,1186.0,73.97,4.5
BMW,X4 M,2019,Diesel,Automatic,First Owner,7500,16.78,1995.0,190.0,54.0
BMW,X4 M,2019,Diesel,Automatic,First Owner,8500,16.78,1995.0,190.0,55.0
Honda,Amaze V,2019,Petrol,Automatic,First Owner,7032,19.0,1199.0,88.76,7.79
Skoda,Rapid 1.6,2016,Petrol,Automatic,First Owner,11000,14.3,1598.0,103.5,6.45
Volvo,V40 D3,2018,Diesel,Automatic,First Owner,2000,16.8,1984.0,150.0,24.75
Hyundai,i20 1.2,2017,Petrol,Manual,First Owner,37333,18.6,1197.0,81.83,7.3
Maruti,Ertiga VDI,2014,Diesel,Manual,Second Owner,15000,20.77,1248.0,88.76,4.5
Hyundai,Sonata 2.4,2012,Petrol,Manual,Second Owner,330000,13.44,2359.0,198.25,5.5
Maruti,Wagon R,2017,CNG,Manual,First Owner,60000,26.6,998.0,58.16,4.2
Toyota,Etios GD,2016,Diesel,Manual,Second Owner,80000,23.59,1364.0,67.05,5.1
Toyota,Innova 2.5,2015,Diesel,Manual,First Owner,110000,12.99,2494.0,100.6,9.05
Maruti,Alto LX,2011,Petrol,Manual,Second Owner,72000,19.7,796.0,46.3,1.4
Toyota,Innova 2.5,2006,Diesel,Manual,Second Owner,140000,12.8,2494.0,102.0,3.0
Maruti,Ritz LXi,2015,Petrol,Manual,Second Owner,80000,18.5,1197.0,85.8,3.0
Maruti,Swift Dzire,2010,Diesel,Manual,Second Owner,120000,19.3,1248.0,73.9,2.25
Toyota,Innova 2.5,2015,Diesel,Manual,Second Owner,90000,12.99,2494.0,100.6,8.6
Renault,Duster 85PS,2012,Diesel,Manual,Second Owner,100000,20.46,1461.0,83.8,4.0
Maruti,Swift Dzire,2009,Petrol,Manual,Third Owner,90000,17.5,1298.0,85.8,1.9
Honda,Amaze VX,2013,Diesel,Manual,Third Owner,140000,25.8,1498.0,98.6,3.5
Chevrolet,Spark 1.0,2010,Petrol,Manual,First Owner,120000,18.0,995.0,62.0,0.75
Maruti,Vitara Brezza,2019,Diesel,Automatic,First Owner,35000,24.3,1248.0,88.5,8.6
Maruti,Alto K10,2014,Petrol,Manual,Second Owner,50000,23.95,998.0,67.05,2.5
Hyundai,Verna 1.4,2017,Diesel,Manual,First Owner,82000,24.8,1396.0,88.7,7.0
Maruti,Swift VDI,2014,Diesel,Manual,Third Owner,70000,25.2,1248.0,74.0,3.99
Maruti,Ritz LXi,2016,Petrol,Manual,First Owner,90000,18.5,1197.0,85.8,3.2
Toyota,Fortuner 4x2,2015,Diesel,Automatic,First Owner,60000,12.55,2982.0,168.5,20.0
Skoda,Octavia Ambition,2014,Diesel,Manual,Second Owner,79000,20.6,1968.0,141.0,11.0
Toyota,Innova 2.5,2011,Diesel,Manual,Second Owner,291000,12.8,2494.0,102.0,7.5
Toyota,Innova 2.5,2010,Diesel,Manual,Second Owner,250000,12.8,2494.0,102.0,7.5
Mahindra,Bolero 2011-2019,2018,Diesel,Manual,First Owner,20000,15.96,2523.0,63.0,5.3
Maruti,Ciaz ZDi,2017,Diesel,Manual,First Owner,53000,28.09,1248.0,88.5,7.5
Nissan,Micra XV,2017,Petrol,Automatic,First Owner,21500,19.34,1198.0,76.0,5.6
Tata,Tiago 1.05,2017,Diesel,Manual,First Owner,89000,27.28,1047.0,69.0,4.5
Maruti,Swift Dzire,2013,Petrol,Manual,Second Owner,35000,19.1,1197.0,85.8,4.6
Maruti,Zen Estilo,2013,Petrol,Manual,Second Owner,43000,19.0,998.0,67.1,2.35
Hyundai,Santro Xing,2009,Petrol,Manual,Second Owner,80000,17.92,1086.0,62.1,1.8
Hyundai,Santro Xing,2007,Petrol,Manual,Second Owner,80000,17.8,1086.0,63.0,1.4
Hyundai,i20 Asta,2014,Diesel,Manual,First Owner,110000,22.54,1396.0,88.73,6.2
Hyundai,EON Era,2012,Petrol,Manual,First Owner,100000,21.1,814.0,55.2,1.9
Hyundai,EON Sportz,2018,Petrol,Manual,First Owner,25000,21.1,814.0,55.2,3.8
Ford,EcoSport S,2019,Diesel,Manual,First Owner,20000,23.0,1498.0,98.96,11.45
Tata,Zest Quadrajet,2017,Diesel,Manual,First Owner,70000,22.95,1248.0,74.0,5.4
Toyota,Innova 2.5,2011,Diesel,Manual,First Owner,197000,12.8,2494.0,102.0,8.0
Maruti,Wagon R,2006,Petrol,Manual,Second Owner,100000,14.0,1061.0,64.0,1.5
Maruti,800 Std,1995,Petrol,Manual,First Owner,70000,16.1,796.0,37.0,0.55
Mahindra,XUV500 W10,2015,Diesel,Manual,First Owner,140000,16.0,2179.0,140.0,9.2
Maruti,Alto LXi,2009,Petrol,Manual,First Owner,50000,19.7,796.0,46.3,1.35
Tata,Tiago 1.2,2017,Petrol,Manual,First Owner,40300,23.84,1199.0,84.0,3.4
Toyota,Innova 2.5,2010,Diesel,Manual,Second Owner,120000,12.8,2494.0,102.0,5.25
Maruti,Celerio VXI,2016,Petrol,Manual,Second Owner,25000,23.1,998.0,67.04,4.11
Maruti,Wagon R,2010,Petrol,Manual,Third Owner,155000,18.9,998.0,67.1,1.5
Honda,Jazz 1.2,2015,Petrol,Automatic,First Owner,50000,19.0,1199.0,88.7,5.75
Hyundai,i20 Asta,2017,Petrol,Manual,First Owner,30030,18.6,1197.0,81.83,5.95
Hyundai,Xcent 1.2,2017,Petrol,Manual,First Owner,29029,19.1,1197.0,82.0,5.25
Maruti,Ritz VDi,2012,Diesel,Manual,First Owner,72072,21.1,1248.0,73.9,3.35
Ford,Figo Diesel,2012,Diesel,Manual,First Owner,54000,20.0,1399.0,68.0,3.0
Hyundai,i20 2015-2017,2012,Diesel,Manual,First Owner,82082,22.54,1396.0,88.73,4.15
Mahindra,XUV500 W8,2016,Diesel,Manual,Second Owner,48000,16.0,2179.0,140.0,9.25
Maruti,Ertiga BSIV,2016,Petrol,Manual,First Owner,20000,17.5,1373.0,91.1,7.5
Hyundai,Verna CRDi,2018,Diesel,Automatic,First Owner,49000,22.0,1582.0,126.2,11.5
Datsun,GO Plus,2015,Petrol,Manual,Third Owner,35000,19.44,1198.0,67.0,2.6
Maruti,Alto 800,2017,CNG,Manual,First Owner,67000,33.44,796.0,40.3,2.6
Maruti,Swift Dzire,2011,Diesel,Manual,First Owner,80600,19.3,1248.0,73.9,3.47
Hyundai,EON Magna,2013,Petrol,Manual,Second Owner,58609,21.1,814.0,55.2,1.95
Fiat,Punto Pure,2016,Petrol,Manual,First Owner,33003,15.7,1172.0,67.0,2.65
Maruti,Wagon R,2016,CNG,Manual,Second Owner,43000,26.6,998.0,58.16,3.2
Hyundai,i20 Magna,2016,Petrol,Manual,First Owner,16500,18.6,1197.0,81.83,5.9
Toyota,Innova 2.5,2012,Diesel,Manual,Second Owner,138000,12.8,2494.0,102.0,6.5
Mahindra,Scorpio 2009-2014,2013,Diesel,Manual,Second Owner,165500,14.0,2523.0,75.0,5.1
Maruti,Swift Dzire,2011,Diesel,Manual,Second Owner,120000,19.3,1248.0,73.9,3.5
Tata,Nexon 1.5,2018,Diesel,Manual,First Owner,30000,21.5,1497.0,108.5,7.49
Tata,Indigo CS,2010,Diesel,Manual,Second Owner,70000,19.09,1396.0,69.0,1.5
Maruti,Zen LX,2003,Petrol,Manual,Third Owner,170000,17.3,993.0,60.0,0.58
Mahindra,Verito 1.5,2011,Diesel,Manual,Third Owner,120000,21.0,1461.0,64.1,2.0
Tata,Indica Vista,2014,Diesel,Manual,Second Owner,168000,22.3,1248.0,74.0,2.4
Honda,Amaze E,2017,Diesel,Manual,Second Owner,60000,25.8,1498.0,98.6,5.15
Maruti,Alto LXi,2008,Petrol,Manual,Second Owner,120000,19.7,796.0,46.3,1.45
Maruti,Wagon R,2016,Petrol,Manual,Second Owner,5800,20.51,998.0,67.04,4.5
Maruti,A-Star Lxi,2010,Petrol,Manual,Third Owner,68700,19.0,998.0,66.1,1.79
Hyundai,Verna Xi,2007,Petrol,Manual,Third Owner,108000,13.9,1599.0,103.2,2.2
Tata,Zest Revotron,2020,Petrol,Manual,First Owner,40000,17.57,1193.0,88.7,5.0
Ford,Fiesta Classic,2009,Diesel,Manual,Second Owner,100000,17.8,1399.0,67.0,1.9
Chevrolet,Beat Diesel,2015,Diesel,Manual,First Owner,40000,25.44,936.0,56.3,2.0
Ford,EcoSport 1.5,2018,Petrol,Manual,First Owner,90000,17.0,1497.0,121.36,8.5
Volkswagen,Polo Petrol,2011,Petrol,Manual,Second Owner,60000,16.47,1198.0,73.9,2.7
Hyundai,EON Magna,2016,Petrol,Manual,First Owner,17000,21.1,814.0,55.2,3.35
Maruti,Wagon R,2018,Petrol,Manual,First Owner,5000,20.51,998.0,67.04,4.6
Maruti,Vitara Brezza,2017,Diesel,Manual,First Owner,60000,24.3,1248.0,88.5,7.1
Maruti,Swift Dzire,2015,Diesel,Manual,Second Owner,140000,26.59,1248.0,74.0,3.3
Jeep,Compass 2.0,2017,Diesel,Manual,First Owner,15000,17.1,1956.0,170.0,15.15
Tata,Nexon 1.2,2018,Petrol,Manual,First Owner,25000,17.0,1198.0,108.5,7.5
Chevrolet,Spark 1.0,2016,Petrol,Manual,Second Owner,50000,16.2,995.0,62.1,1.6
Chevrolet,Beat Diesel,2016,Diesel,Manual,Second Owner,60000,25.44,936.0,56.3,2.15
Tata,Nano Cx,2012,Petrol,Manual,Second Owner,40000,25.4,624.0,38.0,0.6
Maruti,Swift Dzire,2014,Petrol,Manual,First Owner,72000,19.1,1197.0,85.8,4.8
Tata,Manza Aqua,2012,Diesel,Manual,Second Owner,195000,21.12,1248.0,88.8,1.4
Hyundai,EON D,2012,Petrol,Manual,First Owner,70000,21.1,814.0,55.2,2.0
Nissan,Micra Diesel,2013,Diesel,Manual,First Owner,83000,23.08,1461.0,63.1,4.0
Hyundai,EON Era,2012,Petrol,Manual,Second Owner,100000,21.1,814.0,55.2,1.8
Maruti,Swift VXI,2015,Petrol,Manual,First Owner,25000,20.4,1197.0,81.8,5.5
Maruti,Swift VDI,2016,Diesel,Manual,First Owner,50000,25.2,1248.0,74.0,5.5
Maruti,Ertiga VDI,2012,Diesel,Manual,First Owner,67000,20.77,1248.0,88.76,5.5
Maruti,Zen Estilo,2011,Petrol,Manual,First Owner,30000,19.0,998.0,67.1,2.7
Renault,Pulse RxL,2013,Diesel,Manual,First Owner,85000,23.08,1461.0,63.12,3.15
Mahindra,Thar CRDe,2018,Diesel,Manual,First Owner,25000,16.55,2498.0,105.0,8.75
Toyota,Innova 2.5,2007,Diesel,Manual,First Owner,170000,12.8,2494.0,102.0,4.0
Mahindra,Scorpio EX,2014,Diesel,Manual,First Owner,110000,14.0,2523.0,75.0,5.4
Maruti,Wagon R,2017,CNG,Manual,First Owner,60000,26.6,998.0,58.16,3.5
Hyundai,Verna 1.6,2011,Diesel,Manual,Second Owner,80000,22.32,1582.0,126.32,3.6
Maruti,Wagon R,2014,Petrol,Manual,First Owner,31000,20.51,998.0,67.04,3.0
Hyundai,Grand i10,2014,Diesel,Manual,First Owner,100000,24.0,1120.0,70.0,3.5
Mahindra,NuvoSport N8,2016,Diesel,Manual,First Owner,130000,17.45,1493.0,100.0,6.5
Maruti,Wagon R,2016,Petrol,Manual,First Owner,20000,20.51,998.0,67.04,3.5
Ford,EcoSport 1.5,2017,Diesel,Manual,First Owner,60000,22.77,1498.0,98.59,7.0
Maruti,Swift Dzire,2013,Diesel,Manual,Second Owner,102996,23.4,1248.0,74.0,4.15
Mahindra,Marazzo M8,2019,Diesel,Manual,First Owner,5000,17.3,1497.0,121.0,14.6
Tata,Nexon 1.5,2017,Diesel,Manual,First Owner,35000,21.5,1497.0,108.5,8.3
Datsun,GO T,2018,Petrol,Manual,Second Owner,5000,20.63,1198.0,67.0,4.3
Ford,EcoSport 1.5,2017,Diesel,Manual,First Owner,60000,22.77,1498.0,98.59,8.5
Maruti,Swift Dzire,2017,Petrol,Manual,First Owner,70000,20.85,1197.0,83.14,6.5
Hyundai,Verna CRDi,2008,Diesel,Manual,Second Owner,120000,16.8,1493.0,110.0,1.2
Mahindra,TUV 300,2016,Diesel,Manual,Second Owner,65100,18.49,1493.0,100.0,7.3
Maruti,Ignis 1.2,2019,Petrol,Automatic,First Owner,20000,20.89,1197.0,81.8,5.25
Hyundai,i20 Active,2015,Diesel,Manual,First Owner,108000,21.19,1396.0,88.73,6.0
Maruti,Swift LXI,2019,Petrol,Manual,First Owner,15000,21.21,1197.0,81.8,5.0
Hyundai,Santro Xing,2009,Petrol,Manual,First Owner,77000,17.92,1086.0,62.1,1.5
Maruti,Wagon R,2015,Petrol,Manual,First Owner,18500,20.51,998.0,67.04,4.1
Mahindra,TUV 300,2016,Diesel,Manual,First Owner,120000,18.49,1493.0,100.0,6.25
Renault,KWID RXT,2015,Petrol,Manual,First Owner,15200,25.17,799.0,53.3,2.9
Honda,Mobilio V,2015,Petrol,Manual,First Owner,35000,17.3,1497.0,117.3,5.0
Hyundai,Verna 1.6,2011,Diesel,Manual,First Owner,80000,22.32,1582.0,126.32,4.75
Hyundai,EON Era,2013,Petrol,Manual,First Owner,70000,21.1,814.0,55.2,1.9
Mahindra,XUV500 W6,2014,Diesel,Manual,Second Owner,80000,15.1,2179.0,140.0,7.5
Nissan,Terrano XV,2014,Diesel,Manual,Second Owner,120000,19.01,1461.0,108.5,5.25
Chevrolet,Cruze LTZ,2012,Diesel,Manual,Third Owner,82000,17.3,1998.0,163.7,4.95
Hyundai,i20 Sportz,2015,Diesel,Manual,First Owner,60000,22.54,1396.0,88.73,5.5
Mahindra,XUV500 W8,2012,Diesel,Manual,Third Owner,129000,15.1,2179.0,140.0,5.95
Fiat,Grande Punto,2015,Diesel,Manual,First Owner,67000,21.2,1248.0,75.0,5.5
Toyota,Fortuner 2.5,2015,Diesel,Manual,First Owner,120000,13.0,2494.0,142.0,20.0
Tata,Safari DICOR,2010,Diesel,Manual,Fourth & Above Owner,120000,13.93,2179.0,138.03,4.0
Fiat,Avventura Power,2015,Diesel,Manual,First Owner,96500,20.5,1248.0,91.72,5.0
Maruti,Wagon R,2017,Petrol,Manual,First Owner,52412,18.9,998.0,67.1,3.4
Mahindra,Scorpio SLE,2012,Diesel,Manual,First Owner,85472,12.05,2179.0,120.0,4.8
Ford,EcoSport 1.5,2013,Diesel,Manual,Second Owner,87452,22.77,1498.0,98.59,4.8
Ford,EcoSport 1.5,2018,Diesel,Manual,First Owner,17000,23.0,1498.0,98.96,7.5
Maruti,Wagon R,2008,Petrol,Manual,Second Owner,66530,18.9,1061.0,67.0,1.0
Hyundai,i20 Magna,2013,Petrol,Manual,First Owner,40000,18.5,1197.0,82.85,2.9
Fiat,Avventura Power,2015,Diesel,Manual,First Owner,96500,20.5,1248.0,91.72,4.25
Honda,City V,2010,Petrol,Manual,First Owner,79000,16.8,1497.0,116.3,2.85
Mahindra,TUV 300,2016,Diesel,Manual,First Owner,50000,18.49,1493.0,100.0,6.25
Fiat,Grande Punto,2012,Diesel,Manual,Second Owner,60000,20.3,1248.0,75.0,1.7
Tata,Zest Revotron,2018,Petrol,Manual,First Owner,35000,17.57,1193.0,88.7,4.6
Fiat,Avventura MULTIJET,2015,Diesel,Manual,First Owner,120000,20.5,1248.0,91.72,4.5
Maruti,Swift Dzire,2019,Petrol,Automatic,First Owner,10000,21.21,1197.0,81.8,6.5
Hyundai,i20 Active,2017,Petrol,Manual,First Owner,15000,17.19,1197.0,81.86,6.0
Maruti,Alto 800,2013,CNG,Manual,Second Owner,70000,30.46,796.0,47.3,1.78
Maruti,Alto 800,2016,Petrol,Manual,First Owner,5000,22.74,796.0,47.3,3.0
Maruti,Alto LXi,2009,Petrol,Manual,First Owner,40000,19.7,796.0,46.3,1.5
Hyundai,Elite i20,2019,Petrol,Manual,First Owner,10000,18.6,1197.0,81.86,5.9
Hyundai,EON Era,2016,Petrol,Manual,First Owner,25000,21.1,814.0,55.2,3.1
Tata,Zest Revotron,2017,Petrol,Manual,First Owner,53000,17.57,1193.0,88.7,4.0
Mahindra,Scorpio LX,2014,Diesel,Manual,Second Owner,110000,12.05,2179.0,120.0,5.2
Ashok,Leyland Stile,2013,Diesel,Manual,Second Owner,200000,20.07,1461.0,75.0,3.0
Mahindra,XUV300 W8,2019,Petrol,Manual,First Owner,22000,17.0,1197.0,110.0,10.0
Maruti,Wagon R,2003,Petrol,Manual,Fourth & Above Owner,70000,18.9,998.0,67.1,0.65
Honda,Amaze VX,2015,Diesel,Manual,Second Owner,75000,25.8,1498.0,98.6,5.1
Maruti,Wagon R,2012,Petrol,Manual,First Owner,70000,18.9,998.0,67.1,2.21
Volkswagen,Vento 1.6,2014,Petrol,Manual,Third Owner,64000,15.04,1598.0,103.2,3.9
Maruti,Gypsy King,2002,Petrol,Manual,First Owner,60000,11.96,1298.0,80.0,3.5
Maruti,Alto LXi,2009,Petrol,Manual,First Owner,40000,19.7,796.0,46.3,1.95
Audi,Q7 3.0,2010,Diesel,Automatic,Second Owner,110000,12.07,2967.0,241.4,17.5
Mahindra,Scorpio VLX,2013,Diesel,Manual,First Owner,60000,12.05,2179.0,120.0,6.0
Hyundai,i20 Sportz,2015,Diesel,Manual,First Owner,72000,22.54,1396.0,88.73,6.15
Hyundai,i20 Magna,2013,Diesel,Manual,Second Owner,70000,21.9,1396.0,88.76,3.5
Chevrolet,Beat Diesel,2012,Diesel,Manual,First Owner,75000,25.44,936.0,57.6,1.4
Hyundai,i20 1.4,2017,Diesel,Manual,Second Owner,32331,22.54,1396.0,88.73,6.5
Hyundai,Creta 1.6,2016,Diesel,Manual,First Owner,70000,19.67,1582.0,126.2,11.0
Hyundai,i20 1.4,2010,Diesel,Manual,Second Owner,80000,23.0,1396.0,90.0,2.85
Chevrolet,Spark 1.0,2011,Petrol,Manual,Second Owner,20000,18.0,995.0,62.0,1.9
Nissan,Sunny XL,2012,Petrol,Manual,First Owner,110000,16.95,1498.0,97.7,3.5
Hyundai,Grand i10,2014,Petrol,Manual,Second Owner,40000,18.9,1197.0,82.0,4.0
Toyota,Innova Crysta,2016,Petrol,Automatic,First Owner,40000,10.75,2694.0,163.7,21.0
Hyundai,i20 Sportz,2015,Petrol,Manual,Second Owner,90000,18.6,1197.0,81.83,4.35
Maruti,Swift Dzire,2014,Petrol,Manual,Second Owner,50000,19.1,1197.0,85.8,4.5
Daewoo,Matiz SD,2001,Petrol,Manual,First Owner,137000,18.5,796.0,53.0,0.45
Hyundai,i20 Asta,2015,Petrol,Manual,First Owner,60000,18.6,1197.0,81.83,4.5
Maruti,Swift VDI,2017,Diesel,Manual,First Owner,30000,25.2,1248.0,74.0,5.8
Hyundai,Creta 1.6,2016,Diesel,Manual,First Owner,98000,19.67,1582.0,126.2,9.0
Maruti,Ertiga SHVS,2016,Diesel,Manual,First Owner,50000,24.52,1248.0,88.5,7.5
Tata,Indigo CS,2009,Diesel,Manual,Third Owner,120000,19.09,1396.0,69.0,1.4
Hyundai,Grand i10,2017,Petrol,Manual,First Owner,30000,18.9,1197.0,81.86,5.25
Tata,Indigo CS,2009,Diesel,Manual,Third Owner,120000,19.09,1396.0,69.0,1.15
Tata,Tiago 1.2,2016,Petrol,Manual,First Owner,40000,23.84,1199.0,84.0,3.99
Tata,Indica V2,2012,Diesel,Manual,Second Owner,90000,19.0,1405.0,71.0,2.75
Hyundai,i20 1.4,2011,Diesel,Manual,Second Owner,80000,21.9,1396.0,90.0,3.4
Hyundai,EON LPG,2012,LPG,Manual,First Owner,120000,21.1,814.0,55.2,2.22
Mahindra,Ssangyong Rexton,2013,Diesel,Automatic,First Owner,200000,11.18,2696.0,184.0,8.5
Tata,Indica V2,2007,Diesel,Manual,Second Owner,110000,17.2,1396.0,53.5,0.7
Tata,Tiago 1.2,2017,Petrol,Manual,Second Owner,38000,23.84,1199.0,84.0,4.3
Tata,Tiago 1.2,2017,Petrol,Manual,Second Owner,35000,23.84,1199.0,84.0,4.3
Maruti,Wagon R,2014,Petrol,Manual,First Owner,70000,20.51,998.0,67.04,3.2
Renault,Fluence Diesel,2012,Diesel,Manual,Second Owner,120000,21.8,1461.0,78.0,5.0
Renault,Duster 110PS,2012,Diesel,Manual,Second Owner,110000,19.01,1461.0,108.45,5.0
Tata,Indica Vista,2010,Diesel,Manual,First Owner,140000,18.4,1248.0,75.0,2.3
Mahindra,Scorpio VLS,2009,Diesel,Automatic,Second Owner,155000,11.79,2179.0,120.0,6.0
Renault,Pulse RxL,2017,Diesel,Manual,Second Owner,80000,23.08,1461.0,63.1,5.0
Mahindra,Bolero SLX,2010,Diesel,Manual,Second Owner,120000,13.6,2523.0,63.0,3.15
Maruti,Wagon R,2011,Petrol,Manual,First Owner,80000,18.9,998.0,67.1,2.65
Ford,Figo 1.5D,2015,Diesel,Manual,Second Owner,110000,25.83,1498.0,99.0,3.5
Tata,Indigo CR4,2012,Diesel,Manual,First Owner,230000,23.57,1396.0,70.0,2.0
Tata,Indica V2,2011,Diesel,Manual,Second Owner,172000,17.88,1396.0,52.8,1.15
Hyundai,i20 Magna,2014,Petrol,Manual,First Owner,25000,18.6,1197.0,81.83,4.25
Ford,EcoSport 1.5,2019,Diesel,Manual,First Owner,35000,23.0,1498.0,98.96,9.0
Mahindra,Scorpio 2009-2014,2014,Diesel,Manual,First Owner,126000,12.05,2179.0,120.0,5.5
Honda,WR-V i-DTEC,2018,Diesel,Manual,First Owner,30000,25.5,1498.0,98.6,9.0
Hyundai,i10 Era,2011,Petrol,Manual,Third Owner,97000,19.81,1086.0,68.05,1.65
Hyundai,Verna 1.6,2016,Diesel,Automatic,First Owner,120000,19.08,1582.0,126.2,8.5
Hyundai,Verna 1.6,2016,Diesel,Manual,First Owner,120000,23.9,1582.0,126.32,8.5
Mahindra,Thar CRDe,2014,Diesel,Manual,Second Owner,80000,16.55,2498.0,105.0,5.5
Maruti,Swift Dzire,2011,Diesel,Manual,Second Owner,60000,19.3,1248.0,73.9,5.0
Maruti,Swift Dzire,2018,Petrol,Manual,First Owner,15000,21.21,1197.0,81.8,6.3
Hyundai,i10 Era,2011,Petrol,Manual,First Owner,60000,19.81,1086.0,68.05,1.6
Honda,City i,2015,Diesel,Manual,First Owner,60000,25.1,1498.0,98.6,6.7
Maruti,Swift ZDi,2014,Diesel,Manual,First Owner,90000,22.9,1248.0,74.0,4.3
Hyundai,Xcent 1.2,2015,Petrol,Manual,First Owner,30000,19.1,1197.0,82.0,3.75
Hyundai,i20 Asta,2016,Petrol,Manual,First Owner,35000,18.6,1197.0,81.83,6.5
Maruti,Swift Dzire,2016,Diesel,Manual,First Owner,35000,26.59,1248.0,74.0,5.0
Maruti,Swift Dzire,2016,Diesel,Manual,First Owner,35000,26.59,1248.0,74.0,5.0
Mahindra,XUV500 W10,2017,Diesel,Manual,First Owner,25000,16.0,2179.0,140.0,13.5
Volkswagen,Ameo 1.5,2018,Diesel,Manual,First Owner,40000,21.66,1498.0,108.62,6.0
Hyundai,Creta 1.6,2017,Diesel,Manual,First Owner,25000,19.67,1582.0,126.2,12.0
BMW,X6 xDrive30d,2013,Diesel,Automatic,First Owner,56000,11.2,2993.0,241.0,37.5
Maruti,Swift Dzire,2018,Petrol,Manual,First Owner,41779,21.21,1197.0,81.8,7.95
Honda,Jazz 1.2,2016,Petrol,Manual,First Owner,54000,18.7,1199.0,88.7,6.25
Mercedes-Benz,E-Class E250,2016,Diesel,Automatic,First Owner,31000,13.0,2143.0,204.0,29.0
Maruti,Ignis 1.3,2017,Diesel,Automatic,First Owner,37000,26.8,1248.0,74.0,6.25
Chevrolet,Cruze LTZ,2011,Diesel,Automatic,Second Owner,90000,18.1,1991.0,147.9,4.4
Toyota,Corolla Altis,2018,Petrol,Manual,First Owner,13534,14.28,1798.0,138.03,14.0
Toyota,Corolla Altis,2017,Petrol,Automatic,Second Owner,7000,14.53,1794.0,138.1,14.5
Mercedes-Benz,GLA Class,2017,Diesel,Automatic,First Owner,23000,17.9,2143.0,136.0,27.0
Hyundai,Grand i10,2017,Petrol,Manual,First Owner,23456,18.9,1197.0,82.0,5.5
Toyota,Innova Crysta,2019,Diesel,Automatic,First Owner,43000,11.36,2755.0,171.5,19.25
Mahindra,XUV500 W10,2015,Diesel,Manual,First Owner,39000,16.0,2179.0,140.0,12.25
Honda,WR-V i-VTEC,2017,Petrol,Manual,First Owner,15000,17.5,1199.0,88.7,7.0
Maruti,Swift Dzire,2013,Diesel,Manual,First Owner,40000,23.4,1248.0,74.0,5.3
Kia,Seltos HTX,2020,Diesel,Automatic,First Owner,5000,17.8,1493.0,113.4,19.0
Maruti,Ciaz RS,2017,Diesel,Manual,First Owner,70000,28.09,1248.0,88.5,8.45
Skoda,Rapid 1.5,2016,Diesel,Automatic,First Owner,99000,21.66,1498.0,103.52,6.5
Maruti,Swift ZXI,2018,Petrol,Manual,First Owner,15000,22.0,1197.0,81.8,7.5
BMW,6 Series,2018,Diesel,Automatic,First Owner,28156,17.09,2993.0,261.4,60.0
Honda,Jazz 1.2,2015,Petrol,Manual,First Owner,30000,18.7,1199.0,88.7,6.1
Chevrolet,Beat LT,2010,Petrol,Manual,First Owner,70000,18.6,1199.0,79.4,1.5
Maruti,Swift Dzire,2014,Petrol,Manual,First Owner,40000,19.1,1197.0,85.8,4.75
Mahindra,Scorpio SLX,2008,Diesel,Manual,Fourth & Above Owner,136500,12.7,2609.0,120.0,3.75
Mahindra,KUV 100,2016,Diesel,Manual,Second Owner,70000,25.32,1198.0,77.0,4.25
Honda,City i,2015,Diesel,Manual,Second Owner,90000,25.1,1498.0,98.6,8.0
Maruti,800 DX,1996,Petrol,Manual,Second Owner,32000,16.1,796.0,37.0,0.4
Maruti,Wagon R,2018,Petrol,Automatic,Second Owner,8000,20.51,998.0,67.0,5.1
Toyota,Etios Liva,2015,Diesel,Manual,First Owner,170000,23.59,1364.0,67.04,3.87
Maruti,Alto 800,2014,Petrol,Manual,First Owner,25000,22.74,796.0,47.3,2.35
Tata,Sumo SE,2000,Diesel,Manual,Fourth & Above Owner,120000,12.2,1948.0,68.0,0.95
Maruti,Swift Vdi,2010,Diesel,Manual,Third Owner,110000,17.8,1248.0,75.0,3.4
Mahindra,XUV500 W6,2016,Diesel,Manual,First Owner,100000,16.0,2179.0,140.0,10.0
Ford,Ikon 1.4,2009,Diesel,Manual,Second Owner,115000,13.8,1399.0,68.0,1.6
Mahindra,Scorpio SLX,2008,Diesel,Manual,Fourth & Above Owner,120000,12.7,2609.0,120.0,3.65
Skoda,Fabia 1.2L,2011,Diesel,Manual,Second Owner,265000,20.86,1199.0,75.0,3.0
Maruti,Swift Vdi,2008,Diesel,Manual,Second Owner,90000,17.8,1248.0,75.0,2.6
Honda,Jazz V,2018,Petrol,Automatic,First Owner,40000,18.2,1199.0,88.7,8.6
Hyundai,Verna 1.6,2008,Petrol,Manual,Second Owner,55000,13.9,1599.0,103.2,1.15
Maruti,Alto LXi,2007,Petrol,Manual,Second Owner,90000,19.7,796.0,46.3,1.0
Volkswagen,Vento 1.5,2014,Diesel,Manual,First Owner,111000,20.34,1498.0,103.2,5.65
Mahindra,Xylo E4,2013,Diesel,Manual,Second Owner,120000,11.68,2498.0,112.0,4.5
Maruti,Baleno Zeta,2017,Petrol,Manual,First Owner,15000,21.4,1197.0,83.1,6.25
Maruti,Alto 800,2016,Petrol,Manual,Second Owner,30000,22.74,796.0,47.3,2.8
Maruti,Alto K10,2017,Petrol,Manual,First Owner,50000,23.95,998.0,67.05,3.3
Hyundai,Creta 1.6,2015,Diesel,Manual,First Owner,40000,19.67,1582.0,126.2,13.0
Tata,Indica V2,2008,Petrol,Manual,Second Owner,50000,15.3,1396.0,70.0,0.65
Tata,Tiago 1.2,2018,Petrol,Manual,Second Owner,45000,23.84,1199.0,84.0,4.8
Tata,Tiago 1.05,2016,Diesel,Manual,Second Owner,35000,27.28,1047.0,69.0,4.0
Tata,New Safari,2009,Diesel,Manual,First Owner,80000,13.93,2179.0,138.0,5.0
Mahindra,Xylo E4,2012,Diesel,Manual,First Owner,120000,11.68,2498.0,112.0,3.2
Mahindra,XUV500 W8,2014,Diesel,Manual,Second Owner,90000,15.1,2179.0,140.0,7.5
Mahindra,Bolero Power,2017,Diesel,Manual,First Owner,100000,16.5,1493.0,70.0,6.2
Maruti,Swift Dzire,2011,Diesel,Manual,Third Owner,120000,19.3,1248.0,73.9,3.0
Hyundai,Creta 1.6,2018,Petrol,Manual,First Owner,15000,15.8,1591.0,121.3,14.05
Maruti,Alto 800,2017,Petrol,Manual,First Owner,15000,24.7,796.0,47.3,2.82
Maruti,Swift Dzire,2017,Petrol,Automatic,First Owner,15000,21.21,1197.0,81.8,7.0
Ford,Figo Aspire,2017,Diesel,Manual,First Owner,70000,25.83,1498.0,99.0,7.0
Ford,EcoSport 1.5,2015,Diesel,Manual,First Owner,135000,22.77,1498.0,98.59,6.0
Skoda,Rapid 1.6,2012,Diesel,Manual,Second Owner,80000,20.5,1598.0,103.5,2.9
Chevrolet,Cruze LTZ,2011,Diesel,Automatic,Second Owner,80000,18.1,1991.0,147.9,4.3
Hyundai,i20 1.2,2017,Petrol,Manual,First Owner,19000,18.6,1197.0,81.83,5.75
Hyundai,Creta 1.6,2017,Petrol,Manual,First Owner,42000,15.29,1591.0,121.3,8.75
Maruti,Wagon R,2010,Petrol,Manual,First Owner,77000,18.9,998.0,67.1,1.8
Maruti,Ritz VDi,2012,Diesel,Manual,First Owner,120000,23.2,1248.0,73.94,2.3
Toyota,Glanza G,2019,Petrol,Automatic,First Owner,10000,19.56,1197.0,81.8,8.0
Chevrolet,Spark 1.0,2009,Petrol,Manual,Third Owner,110000,16.5,995.0,63.0,0.6
Maruti,SX4 Vxi,2009,Petrol,Manual,First Owner,110000,15.0,1586.0,104.68,1.5
Tata,Indigo Grand,2007,Diesel,Manual,Third Owner,90000,23.57,1396.0,70.0,1.0
Hyundai,Creta 1.6,2015,Petrol,Manual,First Owner,90000,15.29,1591.0,121.3,9.0
Hyundai,i20 1.4,2018,Diesel,Manual,First Owner,50000,22.54,1396.0,88.73,8.5
Chevrolet,Beat Diesel,2014,Diesel,Manual,First Owner,50000,25.44,936.0,56.3,2.2
Maruti,Alto 800,2014,Petrol,Manual,Second Owner,40000,22.74,796.0,47.3,2.5
Tata,Indica Vista,2012,Diesel,Manual,First Owner,120000,22.3,1248.0,74.0,1.25
Hyundai,Creta 1.6,2018,Petrol,Manual,First Owner,27000,15.8,1591.0,121.3,12.0
Tata,Indigo CR4,2013,Diesel,Manual,First Owner,100000,23.57,1396.0,70.0,2.5
Hyundai,i20 Sportz,2014,Diesel,Manual,Second Owner,70000,22.54,1396.0,88.73,4.4
Tata,Tiago 1.2,2017,Petrol,Manual,First Owner,40000,23.84,1199.0,84.0,4.0
Maruti,800 Std,2002,Petrol,Manual,First Owner,62000,16.1,796.0,37.0,0.5
Hyundai,Verna VTVT,2018,Petrol,Manual,First Owner,10000,17.0,1591.0,121.3,10.0
Honda,City i,2014,Diesel,Manual,First Owner,160000,25.1,1498.0,98.6,6.0
Hyundai,i20 1.2,2010,Petrol,Manual,First Owner,60000,17.0,1197.0,80.0,2.5
Mahindra,Bolero SLE,2009,Diesel,Manual,First Owner,110000,13.6,2523.0,63.0,3.1
Maruti,Wagon R,2005,Petrol,Manual,Fourth & Above Owner,60000,18.9,998.0,67.1,1.2
Mahindra,Xylo E4,2014,Diesel,Manual,First Owner,78000,11.68,2498.0,112.0,3.9
Hyundai,Santro Sportz,2019,Petrol,Manual,First Owner,30000,20.3,1086.0,68.0,4.58
Ford,EcoSport 1.5,2018,Diesel,Manual,First Owner,20000,23.0,1498.0,98.96,9.5
Maruti,Swift Dzire,2017,Petrol,Manual,First Owner,21000,22.0,1197.0,81.8,6.5
Maruti,Swift Star,2013,Diesel,Manual,First Owner,70000,22.9,1248.0,74.0,4.0
Hyundai,Grand i10,2015,Petrol,Automatic,Second Owner,70000,18.9,1197.0,82.0,4.0
Maruti,Alto LX,2006,Petrol,Manual,First Owner,42500,19.7,796.0,46.3,1.0
Hyundai,i10 Asta,2012,Petrol,Manual,First Owner,25000,20.36,1197.0,78.9,3.5
Tata,Aria Prestige,2013,Diesel,Manual,Second Owner,80000,13.7,2197.0,138.1,4.5
Mahindra,Scorpio 2.6,2006,Diesel,Manual,First Owner,90000,12.7,2609.0,116.6,3.5
Volkswagen,Polo Diesel,2010,Diesel,Manual,Fourth & Above Owner,80000,22.07,1199.0,73.9,2.5
Mahindra,Bolero 2011-2019,2013,Diesel,Manual,Second Owner,146000,15.96,2523.0,62.1,4.5
Maruti,800 AC,2013,Petrol,Manual,Third Owner,47200,16.1,796.0,37.0,1.57
Mahindra,XUV500 W11,2018,Diesel,Manual,First Owner,60000,15.1,2179.0,152.87,15.0
Mahindra,XUV500 W11,2018,Diesel,Manual,First Owner,60000,15.1,2179.0,152.87,15.0
Tata,Indica GLS,2007,Petrol,Manual,Second Owner,100000,15.3,1193.0,65.3,0.75
Chevrolet,Tavera B1-10,2010,Diesel,Manual,Second Owner,100000,14.8,2499.0,80.0,2.8
Hyundai,i20 Magna,2015,Petrol,Manual,First Owner,35000,18.6,1197.0,81.83,6.0
Tata,Sumo CX,2012,Diesel,Manual,Fourth & Above Owner,120000,15.3,2956.0,83.8,2.51
Toyota,Corolla Altis,2010,Petrol,Manual,Second Owner,80000,12.5,1794.0,132.0,3.5
Renault,KWID 1.0,2016,Petrol,Manual,First Owner,34000,23.01,999.0,67.0,3.0
Renault,Duster 85PS,2017,Diesel,Manual,First Owner,50000,19.87,1461.0,83.8,8.2
Tata,Indigo TDI,2010,Diesel,Manual,Second Owner,100000,19.61,1405.0,70.0,4.1
Hyundai,Verna 1.6,2008,Petrol,Manual,Second Owner,52000,13.9,1599.0,103.2,2.75
Maruti,Ertiga VDI,2013,Diesel,Manual,First Owner,110000,20.77,1248.0,88.76,4.97
Hyundai,i20 Asta,2015,Petrol,Manual,First Owner,70000,18.6,1197.0,81.83,5.0
Mahindra,Bolero 2011-2019,2006,Diesel,Manual,Second Owner,120000,14.0,2523.0,83.0,1.7
Ford,Ecosport 1.5,2016,Diesel,Manual,First Owner,68609,22.7,1498.0,89.84,5.15
Ford,EcoSport 1.5,2018,Diesel,Manual,First Owner,33360,22.77,1498.0,98.59,9.25
Mahindra,Marazzo M8,2019,Diesel,Manual,First Owner,5000,17.3,1497.0,121.0,14.6
Isuzu,MUX 2WD,2019,Diesel,Automatic,First Owner,10000,13.8,2999.0,174.57,27.0
Tata,Nexon 1.5,2017,Diesel,Manual,First Owner,35000,21.5,1497.0,108.5,8.3
Ford,EcoSport 1.5,2019,Diesel,Manual,First Owner,30000,23.0,1498.0,98.96,9.75
Ford,Aspire Trend,2018,Petrol,Manual,First Owner,15000,20.4,1194.0,94.93,6.2
Nissan,Kicks XL,2019,Petrol,Manual,First Owner,14317,14.23,1498.0,104.55,8.6
Datsun,GO T,2018,Petrol,Manual,Second Owner,5000,20.63,1198.0,67.0,4.3
Honda,City i-VTEC,2019,Petrol,Automatic,First Owner,5000,18.0,1497.0,117.6,12.27
Honda,City i,2017,Petrol,Manual,First Owner,28000,17.8,1497.0,117.3,8.6
Ford,EcoSport 1.5,2018,Diesel,Manual,First Owner,40000,23.0,1498.0,98.96,9.5
Ford,Figo Diesel,2012,Diesel,Manual,Second Owner,87237,20.0,1399.0,68.05,2.25
Chevrolet,Captiva LT,2011,Diesel,Manual,Third Owner,99500,11.5,1991.0,147.9,5.0
Ford,Figo 1.5D,2017,Diesel,Manual,First Owner,62960,25.83,1498.0,99.0,5.0
MG,Hector Smart,2019,Petrol,Automatic,First Owner,16500,13.96,1451.0,141.0,17.0
Maruti,Ertiga VDI,2014,Diesel,Manual,First Owner,110000,20.77,1248.0,88.76,5.45
Maruti,Swift VDI,2011,Diesel,Manual,First Owner,72000,22.9,1248.0,74.0,4.0
Maruti,Swift Dzire,2018,Diesel,Manual,First Owner,50000,28.4,1248.0,74.02,6.5
Hyundai,Verna 1.6,2008,Petrol,Manual,Second Owner,55000,13.9,1599.0,103.2,1.15
Maruti,Baleno Sigma,2015,Diesel,Manual,First Owner,60000,27.39,1248.0,74.0,5.62
Tata,Sumo SE,2002,Diesel,Manual,First Owner,120000,14.07,2956.0,83.1,0.96
Jaguar,XE 2016-2019,2017,Diesel,Automatic,First Owner,9000,13.6,1999.0,177.0,27.11
Lexus,ES 300h,2019,Petrol,Automatic,First Owner,20000,22.37,2487.0,214.56,51.5
Jaguar,XF 2.0,2017,Diesel,Automatic,First Owner,45000,19.33,1999.0,177.0,32.0
Tata,Safari Storme,2015,Diesel,Manual,First Owner,110000,14.1,2179.0,147.94,5.03
Volvo,XC40 D4,2019,Diesel,Automatic,First Owner,20000,18.0,1969.0,190.0,38.0
Toyota,Camry 2.5,2016,Petrol,Automatic,First Owner,68089,19.16,2494.0,157.7,20.0
Maruti,Wagon R,2013,Petrol,Manual,First Owner,58343,21.79,998.0,67.05,2.25
Maruti,Baleno Alpha,2018,Diesel,Manual,First Owner,38817,27.39,1248.0,74.0,7.4
Honda,Jazz VX,2016,Petrol,Manual,First Owner,56494,18.2,1199.0,88.7,5.5
Toyota,Innova 2.5,2013,Diesel,Manual,Second Owner,79328,12.99,2494.0,100.6,7.5
Maruti,Swift AMT,2019,Petrol,Automatic,First Owner,5621,22.0,1197.0,81.8,6.5
Toyota,Etios VX,2017,Petrol,Manual,First Owner,25538,16.78,1496.0,88.73,6.25
Maruti,Swift AMT,2018,Petrol,Automatic,First Owner,69779,22.0,1197.0,81.8,6.0
Hyundai,Grand i10,2017,Diesel,Manual,First Owner,56290,24.0,1186.0,73.97,4.5
BMW,X4 M,2019,Diesel,Automatic,First Owner,7500,16.78,1995.0,190.0,54.0
BMW,X4 M,2019,Diesel,Automatic,First Owner,8500,16.78,1995.0,190.0,55.0
Honda,Amaze V,2019,Petrol,Automatic,First Owner,7032,19.0,1199.0,88.76,7.79
Skoda,Rapid 1.6,2016,Petrol,Automatic,First Owner,11000,14.3,1598.0,103.5,6.45
Volvo,V40 D3,2018,Diesel,Automatic,First Owner,2000,16.8,1984.0,150.0,24.75
Jaguar,XE 2016-2019,2017,Diesel,Automatic,First Owner,9000,13.6,1999.0,177.0,27.11
Lexus,ES 300h,2019,Petrol,Automatic,First Owner,20000,22.37,2487.0,214.56,51.5
Jaguar,XF 2.0,2017,Diesel,Automatic,First Owner,45000,19.33,1999.0,177.0,32.0
Tata,Safari Storme,2015,Diesel,Manual,First Owner,110000,14.1,2179.0,147.94,5.03
Volvo,XC40 D4,2019,Diesel,Automatic,First Owner,20000,18.0,1969.0,190.0,38.0
Toyota,Camry 2.5,2016,Petrol,Automatic,First Owner,68089,19.16,2494.0,157.7,20.0
Maruti,Wagon R,2013,Petrol,Manual,First Owner,58343,21.79,998.0,67.05,2.25
Maruti,Baleno Alpha,2018,Diesel,Manual,First Owner,38817,27.39,1248.0,74.0,7.4
Honda,Jazz VX,2016,Petrol,Manual,First Owner,56494,18.2,1199.0,88.7,5.5
Toyota,Innova 2.5,2013,Diesel,Manual,Second Owner,79328,12.99,2494.0,100.6,7.5
Maruti,Swift AMT,2019,Petrol,Automatic,First Owner,5621,22.0,1197.0,81.8,6.5
Toyota,Etios VX,2017,Petrol,Manual,First Owner,25538,16.78,1496.0,88.73,6.25
Maruti,Swift AMT,2018,Petrol,Automatic,First Owner,69779,22.0,1197.0,81.8,6.0
Hyundai,Grand i10,2017,Diesel,Manual,First Owner,56290,24.0,1186.0,73.97,4.5
BMW,X4 M,2019,Diesel,Automatic,First Owner,7500,16.78,1995.0,190.0,54.0
BMW,X4 M,2019,Diesel,Automatic,First Owner,8500,16.78,1995.0,190.0,55.0
Honda,Amaze V,2019,Petrol,Automatic,First Owner,7032,19.0,1199.0,88.76,7.79
Skoda,Rapid 1.6,2016,Petrol,Automatic,First Owner,11000,14.3,1598.0,103.5,6.45
Volvo,V40 D3,2018,Diesel,Automatic,First Owner,2000,16.8,1984.0,150.0,24.75
Mitsubishi,Lancer 2.0,1999,Diesel,Manual,Third Owner,100000,14.8,1998.0,68.0,1.55
Jaguar,XE 2016-2019,2017,Diesel,Automatic,First Owner,9000,13.6,1999.0,177.0,27.11
Lexus,ES 300h,2019,Petrol,Automatic,First Owner,20000,22.37,2487.0,214.56,51.5
Jaguar,XF 2.0,2017,Diesel,Automatic,First Owner,45000,19.33,1999.0,177.0,32.0
Tata,Safari Storme,2015,Diesel,Manual,First Owner,110000,14.1,2179.0,147.94,5.03
Volvo,XC40 D4,2019,Diesel,Automatic,First Owner,20000,18.0,1969.0,190.0,38.0
Toyota,Camry 2.5,2016,Petrol,Automatic,First Owner,68089,19.16,2494.0,157.7,20.0
Maruti,Wagon R,2013,Petrol,Manual,First Owner,58343,21.79,998.0,67.05,2.25
Maruti,Baleno Alpha,2018,Diesel,Manual,First Owner,38817,27.39,1248.0,74.0,7.4
Honda,Jazz VX,2016,Petrol,Manual,First Owner,56494,18.2,1199.0,88.7,5.5
Toyota,Innova 2.5,2013,Diesel,Manual,Second Owner,79328,12.99,2494.0,100.6,7.5
Maruti,Swift AMT,2019,Petrol,Automatic,First Owner,5621,22.0,1197.0,81.8,6.5
Toyota,Etios VX,2017,Petrol,Manual,First Owner,25538,16.78,1496.0,88.73,6.25
Maruti,Swift AMT,2018,Petrol,Automatic,First Owner,69779,22.0,1197.0,81.8,6.0
Hyundai,Grand i10,2017,Diesel,Manual,First Owner,56290,24.0,1186.0,73.97,4.5
BMW,X4 M,2019,Diesel,Automatic,First Owner,7500,16.78,1995.0,190.0,54.0
BMW,X4 M,2019,Diesel,Automatic,First Owner,8500,16.78,1995.0,190.0,55.0
Honda,Amaze V,2019,Petrol,Automatic,First Owner,7032,19.0,1199.0,88.76,7.79
Skoda,Rapid 1.6,2016,Petrol,Automatic,First Owner,11000,14.3,1598.0,103.5,6.45
Volvo,V40 D3,2018,Diesel,Automatic,First Owner,2000,16.8,1984.0,150.0,24.75
Ford,Fiesta 1.5,2015,Diesel,Manual,First Owner,80000,25.01,1498.0,89.75,5.9
Hyundai,Xcent 1.1,2016,Diesel,Manual,Second Owner,120000,24.4,1120.0,71.0,3.5
Maruti,Ignis 1.2,2017,Petrol,Manual,First Owner,30000,20.89,1197.0,81.8,4.85
Tata,Indica Vista,2015,Diesel,Manual,Second Owner,110000,19.1,1405.0,70.0,2.4
Toyota,Innova 2.5,2008,Diesel,Manual,Second Owner,219000,12.8,2494.0,102.0,5.0
Maruti,Alto 800,2017,Petrol,Manual,First Owner,80000,24.7,796.0,47.3,3.0
Maruti,Ciaz RS,2016,Diesel,Manual,First Owner,80000,28.09,1248.0,88.5,7.5
Maruti,Swift Dzire,2016,Petrol,Manual,Second Owner,35000,20.85,1197.0,83.14,5.74
Tata,Indica Vista,2013,Diesel,Manual,First Owner,167000,22.3,1248.0,88.8,2.0
Hyundai,Creta 1.6,2016,Diesel,Manual,First Owner,94000,19.67,1582.0,126.2,11.0
Hyundai,Santro Xing,2012,Petrol,Manual,First Owner,80000,17.92,1086.0,62.1,3.5
Maruti,800 DX,1998,Petrol,Manual,Second Owner,100000,16.1,796.0,37.0,0.7
Ford,Ikon 1.3,2005,Petrol,Manual,Second Owner,90000,13.8,1299.0,70.0,1.2
Toyota,Innova 2.5,2012,Diesel,Manual,Second Owner,246000,12.99,2494.0,100.0,7.0
Maruti,Baleno Sigma,2019,Petrol,Manual,First Owner,10000,21.4,1197.0,83.1,5.0
Tata,Indigo CS,2016,Diesel,Manual,First Owner,90000,19.09,1405.0,69.01,3.7
Tata,Tigor 2017-2020,2019,Petrol,Manual,First Owner,5200,20.3,1199.0,83.81,6.0
Maruti,Zen LX,2006,Petrol,Manual,Second Owner,120000,17.3,993.0,60.0,1.0
Maruti,Swift VDI,2013,Diesel,Manual,Second Owner,90000,22.9,1248.0,74.0,4.1
Honda,City i,2016,Petrol,Automatic,First Owner,50000,18.0,1497.0,117.3,7.5
Hyundai,Grand i10,2017,Petrol,Manual,First Owner,5000,18.9,1197.0,81.86,6.0
Mahindra,KUV 100,2018,Petrol,Manual,First Owner,10500,18.15,1198.0,82.0,5.5
Renault,Duster 110PS,2018,Diesel,Manual,First Owner,26000,19.6,1461.0,108.45,9.5
Mahindra,Scorpio VLX,2014,Diesel,Automatic,First Owner,139000,11.79,2179.0,120.0,6.45
Mahindra,XUV500 W8,2014,Diesel,Manual,Second Owner,60000,15.1,2179.0,140.0,7.5
Mercedes-Benz,New C-Class,2006,Petrol,Manual,First Owner,40000,11.7,1796.0,178.0,6.5
Ford,EcoSport 1.5,2015,Petrol,Manual,First Owner,25000,15.85,1499.0,110.4,8.0
Toyota,Corolla Altis,2010,Petrol,Manual,Second Owner,60000,14.53,1798.0,138.0,3.5
Ford,EcoSport 1.5,2015,Petrol,Manual,First Owner,25000,15.85,1499.0,110.4,7.0
Maruti,Swift Dzire,2011,Petrol,Manual,First Owner,15000,17.5,1298.0,85.8,3.35
Maruti,Swift Dzire,2012,Diesel,Manual,First Owner,110000,19.3,1248.0,73.9,2.7
Maruti,Swift Dzire,2010,Diesel,Manual,Second Owner,100000,19.3,1248.0,73.9,3.2
Hyundai,Santro Xing,2007,Petrol,Manual,First Owner,120000,17.8,1086.0,63.0,1.2
Audi,A4 1.8,2010,Petrol,Automatic,Second Owner,55000,12.3,1781.0,163.2,7.3
Maruti,SX4 Vxi,2007,Petrol,Manual,Third Owner,120000,15.0,1586.0,104.68,1.25
Maruti,Zen Estilo,2007,Petrol,Manual,First Owner,35000,18.2,1061.0,64.0,1.5
Maruti,Alto 800,2018,Petrol,Manual,First Owner,13000,24.7,796.0,47.3,3.1
Maruti,Swift Dzire,2015,Diesel,Manual,First Owner,50000,26.59,1248.0,74.0,6.25
Hyundai,i10 Magna,2012,Petrol,Manual,First Owner,40000,20.36,1197.0,78.9,2.67
Hyundai,i20 Active,2016,Petrol,Manual,First Owner,25000,17.19,1197.0,81.86,6.0
Maruti,Eeco 7,2011,Petrol,Manual,Second Owner,110000,15.37,1196.0,73.0,1.8
Toyota,Glanza G,2019,Petrol,Manual,First Owner,5000,23.87,1197.0,88.5,7.0
Maruti,800 AC,2013,Petrol,Manual,Second Owner,50000,16.1,796.0,37.0,1.21
Hyundai,Grand i10,2014,Petrol,Manual,Third Owner,80000,18.9,1197.0,82.0,3.5
Toyota,Innova 2.5,2012,Diesel,Manual,Second Owner,225000,12.99,2494.0,100.0,8.7
Jaguar,XE 2016-2019,2017,Diesel,Automatic,First Owner,9000,13.6,1999.0,177.0,27.11
Lexus,ES 300h,2019,Petrol,Automatic,First Owner,20000,22.37,2487.0,214.56,51.5
Jaguar,XF 2.0,2017,Diesel,Automatic,First Owner,45000,19.33,1999.0,177.0,32.0
Tata,Safari Storme,2015,Diesel,Manual,First Owner,110000,14.1,2179.0,147.94,5.03
Volvo,XC40 D4,2019,Diesel,Automatic,First Owner,20000,18.0,1969.0,190.0,38.0
Toyota,Camry 2.5,2016,Petrol,Automatic,First Owner,68089,19.16,2494.0,157.7,20.0
Maruti,Wagon R,2013,Petrol,Manual,First Owner,58343,21.79,998.0,67.05,2.25
Maruti,Baleno Alpha,2018,Diesel,Manual,First Owner,38817,27.39,1248.0,74.0,7.4
Honda,Jazz VX,2016,Petrol,Manual,First Owner,56494,18.2,1199.0,88.7,5.5
Toyota,Innova 2.5,2013,Diesel,Manual,Second Owner,79328,12.99,2494.0,100.6,7.5
Maruti,Swift AMT,2019,Petrol,Automatic,First Owner,5621,22.0,1197.0,81.8,6.5
Toyota,Etios VX,2017,Petrol,Manual,First Owner,25538,16.78,1496.0,88.73,6.25
Maruti,Swift AMT,2018,Petrol,Automatic,First Owner,69779,22.0,1197.0,81.8,6.0
Hyundai,Grand i10,2017,Diesel,Manual,First Owner,56290,24.0,1186.0,73.97,4.5
BMW,X4 M,2019,Diesel,Automatic,First Owner,7500,16.78,1995.0,190.0,54.0
BMW,X4 M,2019,Diesel,Automatic,First Owner,8500,16.78,1995.0,190.0,55.0
Honda,Amaze V,2019,Petrol,Automatic,First Owner,7032,19.0,1199.0,88.76,7.79
Skoda,Rapid 1.6,2016,Petrol,Automatic,First Owner,11000,14.3,1598.0,103.5,6.45
Volvo,V40 D3,2018,Diesel,Automatic,First Owner,2000,16.8,1984.0,150.0,24.75
Maruti,Wagon R,2008,Petrol,Manual,Third Owner,100000,17.3,1061.0,64.0,0.8
Hyundai,i10 Era,2008,Petrol,Manual,Second Owner,93331,19.81,1086.0,68.05,1.2
Mahindra,Scorpio M2DI,2012,Diesel,Manual,Second Owner,120000,13.5,2179.0,115.0,3.7
Nissan,Terrano XL,2015,Diesel,Manual,First Owner,70000,19.01,1461.0,108.5,7.5
Mahindra,Bolero Power,2015,Diesel,Manual,First Owner,100000,15.96,2523.0,63.0,4.85
Hyundai,Accent CRDi,2006,Diesel,Manual,Second Owner,90000,13.1,1493.0,82.0,1.2
Honda,City i,2017,Petrol,Manual,First Owner,28000,17.8,1497.0,117.3,8.6
Maruti,Swift Dzire,2018,Diesel,Manual,First Owner,50000,28.4,1248.0,74.02,6.5
Maruti,Ertiga ZDI,2014,Diesel,Manual,First Owner,90000,20.77,1248.0,88.8,6.5
Hyundai,Verna 1.4,2016,Diesel,Manual,First Owner,40000,24.8,1396.0,88.7,7.1
Ford,Figo 1.5D,2017,Diesel,Manual,First Owner,113000,25.83,1498.0,99.0,4.3
Maruti,Swift Vdi,2011,Diesel,Manual,Second Owner,188000,17.8,1248.0,75.0,3.05
Ford,Figo Diesel,2011,Diesel,Manual,First Owner,100000,20.0,1399.0,68.0,2.2
Tata,Sumo MKII,2010,Diesel,Manual,Third Owner,225000,14.0,1948.0,90.0,1.5
Mahindra,TUV 300,2017,Diesel,Manual,Second Owner,67000,18.49,1493.0,100.0,6.6
Chevrolet,Beat Diesel,2011,Diesel,Manual,Fourth & Above Owner,70000,25.44,936.0,57.6,1.4
Toyota,Corolla Altis,2015,Petrol,Manual,First Owner,50000,14.28,1798.0,138.03,11.0
Jaguar,XF 2.2,2013,Diesel,Automatic,First Owner,60000,16.36,2179.0,187.7,24.5
Volkswagen,Ameo 1.5,2017,Diesel,Automatic,First Owner,34000,22.0,1498.0,108.495,6.25
Honda,City 1.5,2004,Petrol,Manual,Third Owner,110000,12.8,1493.0,100.0,1.98
Maruti,Wagon R,2005,Petrol,Manual,Second Owner,140000,18.9,998.0,67.1,1.3
Honda,City Corporate,2012,Petrol,Manual,Second Owner,100000,16.8,1497.0,116.3,5.4
Hyundai,Grand i10,2017,Petrol,Automatic,First Owner,10000,18.9,1197.0,81.86,5.5
Maruti,Celerio ZXI,2018,Petrol,Manual,First Owner,30000,21.63,998.0,67.04,4.75
Toyota,Fortuner 2.8,2016,Diesel,Automatic,First Owner,90000,15.04,2755.0,174.5,31.0
Maruti,Ritz VDi,2010,Diesel,Manual,First Owner,120000,21.1,1248.0,73.9,2.17
Maruti,Swift Dzire,2019,Petrol,Automatic,First Owner,6500,21.21,1197.0,81.8,7.5
Maruti,Gypsy King,2010,Petrol,Manual,First Owner,80000,11.96,1298.0,80.0,3.5
Mahindra,Scorpio VLS,2008,Diesel,Manual,Third Owner,100000,12.05,2179.0,120.0,4.0
Toyota,Etios VD,2015,Diesel,Manual,Second Owner,120000,23.59,1364.0,67.05,5.7
Hyundai,EON Era,2012,Petrol,Manual,Second Owner,120000,21.1,814.0,55.2,1.8
Opel,Astra 1.6,1998,Petrol,Manual,Third Owner,110000,13.1,1598.0,77.0,0.68
Skoda,Octavia Classic,2006,Diesel,Manual,Third Owner,150000,18.7,1896.0,66.0,2.8
Tata,Indigo LS,2005,Diesel,Manual,Fourth & Above Owner,120000,16.1,1405.0,70.0,0.9
Mercedes-Benz,M-Class ML,2015,Diesel,Automatic,Second Owner,100000,15.26,2143.0,203.2,26.0
Tata,Sumo Gold,2018,Diesel,Manual,First Owner,63000,15.3,2956.0,83.83,7.0
Mercedes-Benz,GLA Class,2016,Diesel,Automatic,Second Owner,40000,17.9,2143.0,136.0,18.5
Ford,Ecosport 1.5,2015,Diesel,Manual,First Owner,109000,22.7,1498.0,89.84,6.85
Maruti,Swift VDI,2015,Diesel,Manual,First Owner,114000,25.2,1248.0,73.94,5.65
Skoda,Octavia Elegance,2017,Petrol,Automatic,Second Owner,33000,14.7,1798.0,177.5,16.0
Hyundai,Grand i10,2014,Diesel,Manual,Third Owner,160000,24.0,1120.0,70.0,3.95
Hyundai,i20 Sportz,2013,Diesel,Manual,First Owner,101000,21.9,1396.0,88.76,4.25
Volkswagen,Vento 1.5,2019,Diesel,Manual,Test Drive Car,5400,22.27,1498.0,108.6,13.5
Hyundai,Tucson 2.0,2016,Diesel,Automatic,Second Owner,45000,16.38,1995.0,183.0,19.5
Renault,KWID AMT,2018,Petrol,Automatic,First Owner,31000,24.04,999.0,67.0,5.35
Renault,KWID 1.0,2018,Petrol,Manual,First Owner,31000,23.01,999.0,67.0,5.0
Maruti,Wagon R,2016,Petrol,Manual,First Owner,55000,20.52,1197.0,81.8,4.35
Tata,Nano XTA,2018,Petrol,Automatic,First Owner,55000,21.9,624.0,37.48,2.5
Hyundai,Verna 1.6,2014,Diesel,Manual,First Owner,117000,22.32,1582.0,126.32,7.0
BMW,3 Series,2010,Diesel,Automatic,First Owner,102000,19.62,1995.0,187.74,11.0
Volkswagen,Passat 2.0,2012,Diesel,Automatic,First Owner,108000,17.42,1968.0,175.0,9.0
Maruti,Wagon R,2015,Petrol,Manual,First Owner,75000,20.52,1197.0,81.8,4.25
Mercedes-Benz,E-Class E,2011,Diesel,Automatic,First Owner,74000,10.0,2148.0,170.0,16.0
Ford,Figo Titanium,2013,Diesel,Manual,First Owner,158000,24.4,1499.0,98.96,3.25
Isuzu,MUX 2WD,2019,Diesel,Automatic,First Owner,10000,13.8,2999.0,174.57,27.0
Ford,EcoSport 1.5,2018,Diesel,Manual,First Owner,40000,23.0,1498.0,98.96,9.5
Tata,Nexon 1.5,2019,Diesel,Automatic,First Owner,10000,21.5,1497.0,108.5,11.4
Tata,Hexa XE,2017,Diesel,Manual,First Owner,53000,17.6,2179.0,147.94,9.8
Jeep,Compass 2.0,2017,Diesel,Manual,Second Owner,20000,16.3,1956.0,170.0,19.2
Volkswagen,Polo 1.0,2020,Petrol,Manual,First Owner,5000,18.24,999.0,108.6,8.08
Maruti,Swift Dzire,2014,Petrol,Manual,First Owner,30000,19.1,1197.0,85.8,5.5
Maruti,Alto LXi,2010,Petrol,Manual,First Owner,64000,19.7,796.0,46.3,2.15
Ford,Figo 1.2P,2016,Petrol,Manual,First Owner,10500,18.16,1196.0,86.8,5.12
Maruti,Alto LXi,2011,Petrol,Manual,Second Owner,50000,19.7,796.0,46.3,2.15
Skoda,Rapid 1.6,2012,Diesel,Manual,First Owner,60000,20.5,1598.0,103.5,5.0
Skoda,Rapid 1.5,2015,Diesel,Manual,First Owner,35000,21.14,1498.0,103.52,7.0
Tata,Safari DICOR,2012,Diesel,Manual,First Owner,135000,13.93,2179.0,138.03,5.25
Mahindra,Scorpio LX,2011,Diesel,Manual,Second Owner,70000,12.05,2179.0,120.0,5.5
Maruti,Vitara Brezza,2016,Diesel,Manual,First Owner,80000,24.3,1248.0,88.5,7.5
Maruti,Celerio X,2017,Petrol,Manual,First Owner,25000,21.63,998.0,67.0,3.95
Hyundai,i20 2015-2017,2017,Petrol,Manual,First Owner,5000,18.6,1197.0,81.83,6.75
Hyundai,Santro Xing,2008,Petrol,Manual,Third Owner,80000,17.92,1086.0,62.1,1.4
Mahindra,Scorpio VLX,2011,Diesel,Manual,Second Owner,120000,12.05,2179.0,120.0,4.3
Jaguar,XE 2016-2019,2017,Diesel,Automatic,First Owner,9000,13.6,1999.0,177.0,27.11
Lexus,ES 300h,2019,Petrol,Automatic,First Owner,20000,22.37,2487.0,214.56,51.5
Jaguar,XF 2.0,2017,Diesel,Automatic,First Owner,45000,19.33,1999.0,177.0,32.0
Tata,Safari Storme,2015,Diesel,Manual,First Owner,110000,14.1,2179.0,147.94,5.03
Volvo,XC40 D4,2019,Diesel,Automatic,First Owner,20000,18.0,1969.0,190.0,38.0
Toyota,Camry 2.5,2016,Petrol,Automatic,First Owner,68089,19.16,2494.0,157.7,20.0
Maruti,Wagon R,2013,Petrol,Manual,First Owner,58343,21.79,998.0,67.05,2.25
Maruti,Baleno Alpha,2018,Diesel,Manual,First Owner,38817,27.39,1248.0,74.0,7.4
Honda,Jazz VX,2016,Petrol,Manual,First Owner,56494,18.2,1199.0,88.7,5.5
Toyota,Innova 2.5,2013,Diesel,Manual,Second Owner,79328,12.99,2494.0,100.6,7.5
Maruti,Swift AMT,2019,Petrol,Automatic,First Owner,5621,22.0,1197.0,81.8,6.5
Toyota,Etios VX,2017,Petrol,Manual,First Owner,25538,16.78,1496.0,88.73,6.25
Maruti,Swift AMT,2018,Petrol,Automatic,First Owner,69779,22.0,1197.0,81.8,6.0
Hyundai,Grand i10,2017,Diesel,Manual,First Owner,56290,24.0,1186.0,73.97,4.5
BMW,X4 M,2019,Diesel,Automatic,First Owner,7500,16.78,1995.0,190.0,54.0
BMW,X4 M,2019,Diesel,Automatic,First Owner,8500,16.78,1995.0,190.0,55.0
Honda,Amaze V,2019,Petrol,Automatic,First Owner,7032,19.0,1199.0,88.76,7.79
Skoda,Rapid 1.6,2016,Petrol,Automatic,First Owner,11000,14.3,1598.0,103.5,6.45
Volvo,V40 D3,2018,Diesel,Automatic,First Owner,2000,16.8,1984.0,150.0,24.75
Maruti,Wagon R,2014,Petrol,Manual,First Owner,10000,20.51,998.0,67.04,3.0
Chevrolet,Sail Hatchback,2013,Diesel,Manual,First Owner,68000,22.1,1248.0,76.9,3.55
Maruti,Alto 800,2015,Petrol,Manual,Second Owner,35000,22.74,796.0,47.3,1.8
Tata,Indigo eCS,2013,Diesel,Manual,First Owner,70000,25.0,1396.0,69.0,2.8
Tata,Manza ELAN,2011,Diesel,Manual,First Owner,70000,19.0,1248.0,90.0,2.5
Tata,Indica GLS,2007,Petrol,Manual,First Owner,50000,15.3,1193.0,65.3,1.25
Maruti,S-Cross 2017-2020,2018,Diesel,Manual,First Owner,29700,25.1,1248.0,88.5,8.1
Hyundai,i20 1.4,2018,Petrol,Automatic,First Owner,20000,18.6,1368.0,98.63,6.71
Maruti,Alto 800,2018,Petrol,Manual,First Owner,20000,24.7,796.0,47.3,2.95
Maruti,Ertiga SHVS,2017,Diesel,Manual,First Owner,40000,24.52,1248.0,88.5,8.5
Maruti,Swift ZDi,2013,Diesel,Manual,First Owner,90000,22.9,1248.0,74.0,4.1
Maruti,Ertiga VXI,2015,Petrol,Manual,First Owner,90000,16.02,1373.0,93.7,6.0
Mahindra,Bolero 2011-2019,2015,Diesel,Manual,First Owner,80000,15.96,2523.0,62.1,6.0
Maruti,Wagon R,2012,Petrol,Manual,Third Owner,60000,18.9,998.0,67.1,2.2
Maruti,Swift Dzire,2013,Diesel,Manual,First Owner,56000,23.4,1248.0,74.0,5.5
Mahindra,Scorpio EX,2014,Diesel,Manual,First Owner,50000,14.0,2523.0,75.0,6.5
Mahindra,Scorpio 2009-2014,2014,Diesel,Manual,Second Owner,50000,14.0,2523.0,75.0,6.55
Tata,Sumo GX,2006,Diesel,Manual,First Owner,74000,13.7,1948.0,68.0,1.3
Renault,Duster 110PS,2014,Diesel,Manual,First Owner,123000,19.01,1461.0,108.45,4.0
Maruti,Alto LXi,2009,Petrol,Manual,First Owner,54000,19.7,796.0,46.3,1.55
Tata,Indigo CS,2013,Petrol,Manual,First Owner,50000,15.64,1193.0,64.1,2.5
Hyundai,Grand i10,2014,Petrol,Manual,Second Owner,80000,18.9,1197.0,82.0,4.0
Datsun,GO A,2019,Petrol,Manual,First Owner,10000,19.02,1198.0,67.05,5.0
Hyundai,Santro Sportz,2018,Petrol,Automatic,First Owner,10000,20.3,1086.0,68.0,5.65
Ford,EcoSport 1.5,2018,Diesel,Manual,First Owner,40000,23.0,1498.0,98.96,9.0
Mahindra,Bolero Power,2017,Diesel,Manual,First Owner,120000,16.5,1493.0,70.0,6.5
Mahindra,Bolero 2011-2019,2013,Diesel,Manual,First Owner,45000,15.96,2523.0,62.1,6.0
Maruti,Swift Dzire,2018,Diesel,Manual,First Owner,35000,28.4,1248.0,74.02,8.0
Hyundai,i20 Sportz,2015,Diesel,Manual,First Owner,60000,22.54,1396.0,88.73,5.75
Ford,Figo 1.5P,2016,Petrol,Automatic,First Owner,40000,17.01,1499.0,110.4,5.5
Maruti,SX4 Vxi,2011,Petrol,Manual,Third Owner,80000,15.5,1586.0,103.3,1.9
Ford,EcoSport 1.5,2017,Diesel,Manual,First Owner,37000,23.0,1498.0,98.96,7.5
Maruti,Baleno Delta,2018,Petrol,Manual,First Owner,22000,21.4,1197.0,83.1,6.25
Hyundai,i20 1.4,2018,Diesel,Manual,Second Owner,60000,22.54,1396.0,88.73,7.99
Maruti,Wagon R,2013,Petrol,Manual,Second Owner,57000,20.51,998.0,67.04,3.0
Maruti,Ciaz 1.4,2017,Petrol,Manual,First Owner,27000,20.73,1373.0,91.1,8.5
Chevrolet,Spark 1.0,2012,Petrol,Manual,First Owner,70000,18.0,995.0,62.0,1.3
Maruti,Alto K10,2011,Petrol,Manual,Second Owner,40000,20.92,998.0,67.1,2.3
Maruti,Celerio ZXI,2015,Petrol,Manual,First Owner,60000,23.1,998.0,67.04,4.0
Mahindra,Thar CRDe,2018,Diesel,Manual,First Owner,35000,16.55,2498.0,105.0,9.0
Mahindra,Scorpio 1.99,2015,Diesel,Manual,First Owner,70000,15.4,1997.0,120.0,8.0
Hyundai,EON Era,2015,Petrol,Manual,Second Owner,43000,21.1,814.0,55.2,2.51
Tata,Manza Aqua,2011,Petrol,Manual,Second Owner,110000,15.0,1368.0,90.0,2.5
Fiat,Punto 1.2,2009,Petrol,Manual,Second Owner,100000,15.7,1172.0,67.0,1.0
Maruti,Swift VXI,2016,Petrol,Manual,First Owner,64000,20.4,1197.0,81.8,4.5
Renault,Duster 85PS,2017,Diesel,Manual,First Owner,96000,19.87,1461.0,83.8,5.75
Renault,Duster 85PS,2013,Diesel,Manual,First Owner,96000,20.46,1461.0,83.8,4.0
Maruti,Celerio X,2019,Petrol,Manual,First Owner,7600,21.63,998.0,67.0,4.8
Maruti,Celerio X,2019,Petrol,Manual,First Owner,7000,21.63,998.0,67.0,4.9
Tata,Indigo LX,2007,Diesel,Manual,Second Owner,120000,17.0,1405.0,70.0,1.5
Tata,Bolt Quadrajet,2017,Diesel,Manual,First Owner,50000,22.95,1248.0,74.0,6.0
Hyundai,Xcent 1.1,2015,Diesel,Manual,Second Owner,50000,24.4,1120.0,71.0,5.0
Tata,Zest Quadrajet,2015,Diesel,Manual,First Owner,80000,23.0,1248.0,88.7,4.25
Hyundai,Accent DLS,2003,Diesel,Manual,Second Owner,200000,13.1,1493.0,82.0,1.08
Toyota,Innova 2.5,2015,Diesel,Manual,First Owner,190000,12.99,2494.0,100.6,10.3
Maruti,Wagon R,2015,Petrol,Manual,First Owner,34000,20.51,998.0,67.04,3.6
Volkswagen,Polo Petrol,2012,Petrol,Manual,Second Owner,80000,16.47,1198.0,73.9,2.9
Maruti,Swift VDI,2011,Diesel,Manual,First Owner,72000,22.9,1248.0,74.0,4.0
Maruti,Esteem DI,2003,Diesel,Manual,First Owner,20000,15.9,1527.0,57.0,0.7
Tata,Sumo CX,2012,Diesel,Manual,Second Owner,70000,15.3,2956.0,83.8,3.2
Ford,EcoSport 1.5,2019,Diesel,Manual,First Owner,30000,23.0,1498.0,98.96,9.75
Honda,City i-VTEC,2019,Petrol,Automatic,First Owner,5000,18.0,1497.0,117.6,12.27
Hyundai,Verna 1.6,2014,Diesel,Manual,First Owner,29340,22.32,1582.0,126.32,7.55
Ford,Figo Diesel,2011,Diesel,Manual,First Owner,120000,20.0,1399.0,68.0,2.15
Toyota,Innova 2.5,2011,Diesel,Manual,Second Owner,200000,12.8,2494.0,102.0,7.35
Hyundai,i10 Era,2007,Petrol,Manual,Second Owner,70000,19.81,1086.0,68.05,1.9
Toyota,Innova 2.5,2014,Diesel,Manual,Second Owner,80800,12.99,2494.0,100.6,13.65
Honda,Jazz 1.2,2018,Petrol,Manual,First Owner,24265,18.7,1199.0,88.7,6.75
Maruti,Swift Dzire,2014,Diesel,Manual,First Owner,81000,23.4,1248.0,74.0,4.39
Renault,Lodgy Stepway,2015,Diesel,Manual,First Owner,240000,19.98,1461.0,108.5,5.5
Maruti,Swift Dzire,2013,Petrol,Manual,First Owner,35000,19.1,1197.0,85.8,4.1
Renault,KWID RXT,2019,Petrol,Manual,First Owner,15000,25.17,799.0,53.3,3.5
Chevrolet,Beat Diesel,2012,Diesel,Manual,Third Owner,49000,25.44,936.0,57.6,1.35
Toyota,Innova Crysta,2016,Diesel,Manual,Second Owner,56900,13.68,2393.0,147.8,14.9
Maruti,Swift VDI,2014,Diesel,Manual,Second Owner,70000,25.2,1248.0,74.0,5.2
Maruti,Swift Dzire,2010,Diesel,Manual,First Owner,180000,19.3,1248.0,73.9,3.15
Maruti,A-Star Lxi,2010,Petrol,Manual,First Owner,50000,19.0,998.0,66.1,2.35
Hyundai,Accent GLE,2005,Petrol,Manual,Third Owner,50000,13.2,1495.0,94.0,0.8
Maruti,Ritz VDi,2013,Diesel,Manual,First Owner,88200,23.2,1248.0,73.94,3.75
Maruti,Swift VXi,2006,Petrol,Manual,Second Owner,93000,16.1,1197.0,85.0,1.89
Honda,Amaze E,2017,Diesel,Manual,First Owner,120000,25.8,1498.0,98.6,5.5
Ford,Fiesta EXi,2011,Diesel,Manual,Second Owner,110000,17.8,1399.0,68.0,2.6
Maruti,Swift Dzire,2016,Diesel,Automatic,Second Owner,50000,26.59,1248.0,74.0,6.5
Maruti,Swift Dzire,2013,Diesel,Manual,First Owner,80000,23.4,1248.0,74.0,4.8
Hyundai,i20 Asta,2016,Diesel,Manual,First Owner,40000,22.54,1396.0,88.73,7.0
Maruti,Ertiga VDI,2015,Diesel,Manual,Third Owner,110000,20.77,1248.0,88.76,6.5
Hyundai,Creta 1.6,2015,Diesel,Manual,Second Owner,48000,19.67,1582.0,126.2,13.0
Volkswagen,Jetta 2.0L,2016,Diesel,Automatic,First Owner,97000,16.96,1968.0,138.03,13.5
Volkswagen,Vento 1.5,2016,Diesel,Automatic,First Owner,60000,22.15,1498.0,108.6,10.0
Mercedes-Benz,M-Class ML,2011,Diesel,Automatic,Third Owner,110000,0.0,2987.0,165.0,17.0
Toyota,Yaris V,2018,Petrol,Automatic,First Owner,12800,17.8,1496.0,105.5,10.8
Hyundai,EON D,2012,Petrol,Manual,First Owner,40000,21.1,814.0,55.2,1.7
Maruti,Swift DDiS,2017,Diesel,Manual,First Owner,49000,28.4,1248.0,74.0,6.1
Maruti,Ritz VXi,2014,Petrol,Manual,First Owner,25000,18.5,1197.0,85.8,3.5
Maruti,Alto 800,2016,Petrol,Manual,Second Owner,65000,22.74,796.0,47.3,2.6
Fiat,Linea 1.3,2015,Diesel,Manual,First Owner,20000,20.4,1248.0,91.7,7.0
Volkswagen,Polo 2015-2019,2018,Petrol,Manual,First Owner,17000,18.78,999.0,75.0,6.78
Maruti,SX4 S,2015,Diesel,Manual,First Owner,15000,23.65,1248.0,88.5,8.0
Toyota,Etios GD,2014,Diesel,Manual,Second Owner,120000,23.59,1364.0,67.04,4.0
Hyundai,i20 Magna,2010,Petrol,Manual,First Owner,49000,18.5,1197.0,80.0,3.0
Hyundai,i20 2015-2017,2016,Petrol,Manual,First Owner,29000,18.6,1197.0,81.83,5.2
Nissan,Terrano XV,2017,Diesel,Automatic,First Owner,55000,19.61,1461.0,108.5,8.5
Maruti,Alto K10,2015,Petrol,Manual,First Owner,40000,23.95,998.0,67.05,3.0
Honda,City 1.5,2010,Petrol,Manual,Second Owner,120000,17.0,1497.0,118.0,3.5
Maruti,Vitara Brezza,2019,Diesel,Manual,First Owner,10000,24.3,1248.0,88.5,8.92
Fiat,Grande Punto,2012,Diesel,Manual,Second Owner,70000,20.3,1248.0,92.0,2.85
Hyundai,i10 Magna,2012,LPG,Manual,First Owner,60000,19.2,1086.0,68.05,3.0
Maruti,Ciaz VDI,2016,Diesel,Manual,First Owner,90000,28.09,1248.0,88.5,6.2
Maruti,Vitara Brezza,2017,Diesel,Manual,First Owner,90000,24.3,1248.0,88.5,7.5
Maruti,Alto 800,2016,Petrol,Manual,First Owner,35000,22.74,796.0,47.3,2.7
Maruti,Ertiga ZDI,2014,Diesel,Manual,First Owner,90000,20.77,1248.0,88.8,5.6
Hyundai,Santro Xing,2012,Petrol,Manual,Second Owner,40000,17.92,1086.0,62.1,3.0
Hyundai,Santro Xing,2012,Petrol,Manual,Second Owner,40000,17.92,1086.0,62.1,3.0
Hyundai,Grand i10,2018,Petrol,Manual,First Owner,20000,18.9,1197.0,81.86,5.7
Tata,Indigo CS,2011,Diesel,Manual,First Owner,80000,23.03,1396.0,69.0,2.2
Maruti,SX4 Vxi,2012,Petrol,Manual,Second Owner,99000,15.5,1586.0,103.3,2.6
Maruti,Swift AMT,2019,Petrol,Automatic,First Owner,7500,21.21,1197.0,81.8,6.0
Tata,Nano XE,2015,Petrol,Manual,First Owner,60000,23.9,624.0,37.48,0.8
Hyundai,EON Magna,2016,Petrol,Manual,First Owner,40800,21.1,814.0,55.2,3.0
Tata,Zest Revotron,2015,Petrol,Manual,First Owner,70000,17.57,1193.0,88.7,3.0
Mahindra,KUV 100,2016,Petrol,Manual,First Owner,100000,18.15,1198.0,82.0,4.0
Maruti,Swift VXI,2016,Petrol,Manual,First Owner,8588,22.0,1197.0,81.8,5.5
Honda,City i-DTEC,2019,Diesel,Manual,First Owner,40000,25.6,1498.0,97.9,12.0
Ford,Figo 1.5D,2015,Diesel,Manual,First Owner,60000,25.83,1498.0,99.0,5.0
Maruti,Esteem Vxi,2005,Petrol,Manual,Third Owner,80000,15.9,1298.0,85.0,0.93
Honda,City i,2014,Diesel,Manual,First Owner,110000,26.0,1498.0,98.6,5.0
Toyota,Platinum Etios,2018,Diesel,Manual,First Owner,150000,23.59,1364.0,67.05,6.7
Toyota,Innova 2.5,2012,Diesel,Manual,Second Owner,120000,12.8,2494.0,102.0,7.5
Maruti,Alto K10,2017,Petrol,Manual,First Owner,30000,23.95,998.0,67.05,3.7
Maruti,800 Std,2012,Petrol,Manual,Second Owner,70000,16.1,796.0,37.0,1.0
Hyundai,i10 Sportz,2016,Petrol,Manual,First Owner,50000,19.81,1086.0,68.05,4.25
Toyota,Innova 2.5,2006,Diesel,Manual,Fourth & Above Owner,305000,12.8,2494.0,102.0,3.7
Tata,New Safari,2009,Diesel,Manual,Third Owner,212000,11.57,2179.0,138.1,2.3
Maruti,Ertiga SHVS,2016,Diesel,Manual,First Owner,35000,24.52,1248.0,88.5,8.5
Mahindra,Verito 1.5,2018,Diesel,Manual,First Owner,22000,21.03,1461.0,65.0,7.5
Tata,Winger Deluxe,2010,Diesel,Manual,First Owner,50000,10.71,1948.0,90.0,2.35
Honda,WR-V i-DTEC,2017,Diesel,Manual,First Owner,70000,25.5,1498.0,98.6,7.0
Hyundai,Grand i10,2016,Diesel,Manual,First Owner,56000,24.0,1120.0,70.0,4.8
Tata,Zest Quadrajet,2016,Diesel,Manual,First Owner,50000,22.95,1248.0,74.0,4.75
Skoda,Rapid 1.5,2015,Diesel,Manual,First Owner,120000,21.14,1498.0,103.52,6.1
Toyota,Innova 2.5,2011,Diesel,Manual,Second Owner,120000,12.8,2494.0,102.0,6.5
Honda,WR-V i-DTEC,2017,Diesel,Manual,First Owner,70000,25.5,1498.0,98.6,8.0
Tata,New Safari,2015,Diesel,Manual,First Owner,120000,11.57,2179.0,138.1,5.2
Tata,Indica V2,2014,Diesel,Manual,First Owner,90000,25.0,1396.0,69.0,1.6
Maruti,S-Cross 2017-2020,2018,Diesel,Manual,First Owner,70000,25.1,1248.0,88.5,10.0
Maruti,Ertiga VDI,2015,Diesel,Manual,Second Owner,120000,20.77,1248.0,88.76,7.0
Honda,Amaze S,2017,Diesel,Manual,Second Owner,70000,25.8,1498.0,98.6,5.9
Maruti,Wagon R,2002,Petrol,Manual,Second Owner,80000,18.9,998.0,67.1,1.4
Mahindra,TUV 300,2017,Diesel,Manual,Second Owner,100000,18.49,1493.0,100.0,7.25
Toyota,Innova Crysta,2017,Diesel,Manual,First Owner,157000,13.68,2393.0,147.8,16.8
Maruti,Swift Dzire,2015,Diesel,Manual,First Owner,50000,26.59,1248.0,74.0,5.5
Maruti,Ritz VDi,2012,Diesel,Manual,Second Owner,90000,23.2,1248.0,73.94,2.4
Chevrolet,Captiva 2.2,2013,Diesel,Manual,First Owner,65000,14.6,2231.0,184.0,6.67
Honda,Jazz 1.5,2017,Diesel,Manual,First Owner,50000,27.3,1498.0,98.6,6.7
Maruti,Swift Dzire,2015,Diesel,Manual,First Owner,110000,26.59,1248.0,74.0,5.5
Maruti,Celerio ZXI,2015,Petrol,Manual,First Owner,30000,23.1,998.0,67.04,4.0
Hyundai,Verna 1.6,2014,Diesel,Manual,Second Owner,80000,22.32,1582.0,126.32,5.45
Maruti,Ertiga LXI,2015,Petrol,Manual,First Owner,70000,16.02,1373.0,93.7,5.99
Hyundai,Creta 1.4,2016,Diesel,Manual,First Owner,100000,21.38,1396.0,88.7,7.25
Honda,City i,2015,Petrol,Manual,Second Owner,120000,17.4,1497.0,117.3,5.25
Maruti,Ritz VDi,2011,Diesel,Manual,Second Owner,85000,21.1,1248.0,73.9,2.05
Skoda,Fabia Scout,2012,Diesel,Manual,First Owner,110000,21.0,1199.0,75.0,1.9
Hyundai,Grand i10,2015,Diesel,Manual,Fourth & Above Owner,60000,24.0,1120.0,70.0,3.1
Hyundai,Grand i10,2016,Diesel,Manual,Second Owner,90000,24.0,1120.0,70.0,3.8
Maruti,Alto K10,2012,Petrol,Manual,Third Owner,110000,20.92,998.0,67.1,2.04
Hyundai,EON 1.0,2018,Petrol,Manual,First Owner,25000,20.3,998.0,68.05,3.5
Volkswagen,Vento Diesel,2013,Diesel,Manual,First Owner,100000,20.54,1598.0,103.6,3.5
Ford,Figo Diesel,2012,Diesel,Manual,Second Owner,120000,20.0,1399.0,68.0,1.75
Volkswagen,Vento Diesel,2011,Diesel,Manual,First Owner,90000,20.54,1598.0,103.6,3.4
Honda,City i-VTEC,2017,Petrol,Manual,First Owner,35000,17.4,1497.0,117.6,9.5
Honda,City i,2017,Petrol,Manual,First Owner,35000,17.8,1497.0,117.3,8.95
Tata,Sumo Gold,2014,Diesel,Manual,Second Owner,101200,15.3,2956.0,83.83,3.5
Tata,Indigo GLX,2005,Petrol,Manual,Second Owner,90000,12.8,1396.0,85.0,1.0
Maruti,Swift Dzire,2016,Diesel,Manual,First Owner,76000,26.59,1248.0,74.0,5.5
Tata,Indigo LX,2004,Diesel,Manual,Third Owner,60000,16.1,1405.0,70.0,1.0
Mahindra,XUV500 W6,2016,Diesel,Manual,First Owner,90000,16.0,2179.0,140.0,8.0
Mahindra,Bolero 2011-2019,2013,Diesel,Manual,Second Owner,80000,15.96,2523.0,62.1,5.25
Tata,New Safari,2008,Diesel,Manual,Second Owner,179150,11.57,2179.0,138.1,5.0
Maruti,800 Std,2003,Petrol,Manual,First Owner,62000,16.1,796.0,37.0,0.42
Maruti,Swift Dzire,2009,Petrol,Manual,Third Owner,160000,17.5,1197.0,85.8,1.9
Maruti,Swift Dzire,2019,Diesel,Manual,First Owner,35000,28.4,1248.0,74.02,6.94
Mahindra,XUV500 AT,2016,Diesel,Automatic,First Owner,120000,16.0,2179.0,140.0,8.62
Honda,Amaze SX,2017,Diesel,Manual,First Owner,50000,25.8,1498.0,98.6,6.5
Maruti,Swift Dzire,2011,Diesel,Manual,Second Owner,70000,19.3,1248.0,73.9,3.1
Maruti,Swift VDI,2013,Diesel,Manual,First Owner,97000,22.9,1248.0,74.0,3.6
Maruti,Swift Dzire,2011,Diesel,Manual,Second Owner,90000,19.3,1248.0,73.9,2.4
Mahindra,XUV500 W8,2012,Diesel,Manual,Fourth & Above Owner,84487,15.1,2179.0,140.0,5.0
Toyota,Innova 2.5,2010,Diesel,Manual,Second Owner,100000,12.8,2494.0,102.0,4.75
Maruti,Alto LX,2007,Petrol,Manual,Third Owner,60000,19.7,796.0,46.3,1.0
Maruti,SX4 Zxi,2009,Petrol,Manual,Third Owner,110000,15.0,1586.0,104.68,2.0
Toyota,Innova 2.5,2006,Diesel,Manual,First Owner,264000,12.8,2494.0,102.0,4.3
Mahindra,Xylo E4,2010,Diesel,Manual,Fourth & Above Owner,146000,14.0,2498.0,112.0,2.45
Maruti,Swift Dzire,2014,Diesel,Manual,First Owner,70000,23.4,1248.0,74.0,4.5
Maruti,Vitara Brezza,2017,Diesel,Manual,First Owner,51146,24.3,1248.0,88.5,8.0
Maruti,Ritz LXI,2011,Petrol,Manual,First Owner,40000,21.1,1197.0,85.8,2.15
Maruti,Vitara Brezza,2017,Diesel,Manual,First Owner,50000,24.3,1248.0,88.5,7.6
Volkswagen,Polo 1.5,2015,Diesel,Manual,First Owner,80000,20.14,1498.0,88.8,4.16
Maruti,Wagon R,2011,Petrol,Manual,First Owner,120000,18.9,998.0,67.1,1.95
Maruti,Alto 800,2017,Petrol,Manual,First Owner,23000,24.7,796.0,47.3,3.25
Maruti,Alto K10,2010,Petrol,Manual,Second Owner,70000,20.92,998.0,67.1,1.45
Maruti,Swift VDI,2018,Diesel,Manual,First Owner,23000,28.4,1248.0,74.0,6.75
Maruti,Wagon R,2016,Petrol,Manual,Second Owner,30000,20.51,998.0,67.04,3.4
Tata,Manza Aura,2011,Diesel,Manual,First Owner,50000,19.0,1248.0,90.0,3.4
Maruti,Omni MPI,2014,Petrol,Manual,First Owner,40000,16.8,796.0,34.2,2.6
Maruti,Alto 800,2015,Petrol,Manual,First Owner,50000,22.74,796.0,47.3,3.0
Maruti,800 AC,2007,Petrol,Manual,Second Owner,60000,16.1,796.0,37.0,0.75
Tata,Indica Vista,2011,Diesel,Manual,First Owner,80000,19.4,1405.0,70.0,3.5
Maruti,XL6 Alpha,2019,Petrol,Manual,First Owner,15000,19.01,1462.0,103.2,10.0
Tata,Manza Aura,2010,Diesel,Manual,Third Owner,150000,21.12,1248.0,88.8,1.7
Maruti,Swift Dzire,2018,Petrol,Manual,First Owner,40000,19.0,1197.0,85.8,6.0
Honda,City 1.5,2010,Petrol,Automatic,First Owner,25000,16.8,1497.0,118.0,8.0
Force,One EX,2018,Diesel,Manual,Second Owner,120000,17.0,2650.0,80.84,8.5
Mahindra,XUV500 W6,2014,Diesel,Manual,Second Owner,120000,15.1,2179.0,140.0,9.8
Ford,Endeavour 2.5L,2011,Diesel,Manual,Second Owner,298000,13.1,2499.0,141.0,8.5
Tata,Sumo Gold,2012,Diesel,Manual,Third Owner,270000,14.07,2956.0,68.4,3.4
Maruti,Vitara Brezza,2018,Diesel,Automatic,Second Owner,50000,24.3,1248.0,88.5,9.0
Maruti,Swift Dzire,2010,Diesel,Manual,Second Owner,120000,19.3,1248.0,73.9,3.1
Maruti,Ertiga ZDI,2013,Diesel,Manual,Third Owner,60000,20.77,1248.0,88.8,6.0
Maruti,Swift Dzire,2008,Diesel,Manual,Second Owner,149000,19.3,1248.0,73.9,2.7
Hyundai,Santro Sportz,2019,Petrol,Manual,First Owner,5000,20.3,1086.0,68.0,5.1
Tata,Indica Vista,2013,Diesel,Manual,Second Owner,70000,19.4,1405.0,70.0,2.25
Hyundai,i10 Magna,2015,Petrol,Manual,First Owner,55000,20.36,1197.0,78.9,2.8
Tata,Tiago 1.05,2016,Diesel,Manual,First Owner,100000,27.28,1047.0,69.0,4.9
Mahindra,Bolero 2011-2019,2013,Diesel,Manual,First Owner,120000,15.96,2523.0,62.1,4.4
Tata,Safari Storme,2014,Diesel,Manual,First Owner,291977,14.0,2179.0,138.1,5.0
Honda,CR-V 2.4L,2005,Petrol,Manual,Third Owner,85000,11.1,2354.0,158.8,4.77
Hyundai,i20 Active,2015,Petrol,Manual,Third Owner,70000,17.19,1197.0,81.86,5.9
Ford,Endeavour 2.5L,2010,Diesel,Manual,First Owner,120000,13.1,2499.0,141.0,5.0
Ford,EcoSport 1.5,2015,Diesel,Manual,First Owner,40000,22.77,1498.0,98.59,6.0
Mahindra,Scorpio 1.99,2016,Diesel,Manual,First Owner,70000,15.4,1997.0,120.0,7.5
BMW,3 Series,2017,Diesel,Automatic,First Owner,39000,19.59,1995.0,187.74,29.5
BMW,5 Series,2019,Diesel,Automatic,First Owner,10000,18.12,1995.0,190.0,52.0
Volkswagen,Polo 1.5,2019,Diesel,Manual,First Owner,36800,20.14,1498.0,88.0,6.95
Maruti,Swift Dzire,2018,Diesel,Manual,First Owner,52200,26.59,1248.0,74.0,6.9
Hyundai,Grand i10,2016,Diesel,Manual,First Owner,78000,24.0,1186.0,73.97,4.1
Tata,Harrier XZ,2020,Diesel,Manual,First Owner,16000,17.0,1956.0,167.67,16.5
Audi,Q3 2.0,2016,Diesel,Automatic,First Owner,30000,15.73,1968.0,174.33,23.75
Hyundai,Grand i10,2017,Diesel,Manual,Second Owner,29000,24.0,1186.0,73.97,5.25
Jeep,Compass 2.0,2019,Diesel,Manual,First Owner,25000,16.3,1956.0,170.63,21.5
Mahindra,XUV500 W8,2013,Diesel,Manual,Second Owner,60000,15.1,2179.0,140.0,5.4
Toyota,Fortuner 4x4,2017,Diesel,Automatic,Second Owner,60000,12.55,2982.0,168.5,27.5
Mahindra,Scorpio 1.99,2016,Diesel,Manual,Second Owner,112000,15.4,1997.0,120.0,10.0
Audi,A4 35,2018,Diesel,Automatic,First Owner,15000,18.25,1968.0,187.74,29.0
Mahindra,TUV 300,2017,Diesel,Manual,First Owner,40000,18.49,1493.0,100.0,7.25
Maruti,Ciaz Alpha,2018,Diesel,Manual,First Owner,36000,28.09,1248.0,88.5,9.75
Maruti,Wagon R,2016,Petrol,Manual,First Owner,60000,21.79,998.0,67.05,3.55
Honda,CR-V 2.4L,2008,Petrol,Manual,First Owner,120000,11.1,2354.0,158.8,4.0
Maruti,Alto 800,2015,Petrol,Manual,First Owner,48000,24.7,796.0,47.3,2.65
Volkswagen,Polo 2015-2019,2018,Diesel,Manual,First Owner,40000,20.14,1498.0,88.0,6.5
Maruti,Ciaz 1.3,2017,Diesel,Manual,First Owner,60000,28.09,1248.0,88.5,7.2
Hyundai,Verna 1.6,2016,Petrol,Manual,First Owner,25000,17.01,1591.0,121.3,8.5
Maruti,Alto K10,2015,Petrol,Manual,First Owner,42000,23.95,998.0,67.05,2.9
Mercedes-Benz,E-Class E,2010,Petrol,Automatic,Second Owner,35000,10.93,2497.0,204.0,12.0
Mahindra,TUV 300,2016,Diesel,Automatic,Second Owner,90000,18.49,1493.0,100.0,6.0
Maruti,Ritz VDi,2011,Diesel,Manual,Second Owner,90000,21.1,1248.0,73.9,3.0
Renault,Pulse RxL,2012,Diesel,Manual,Second Owner,110000,23.08,1461.0,63.12,2.25
Maruti,Swift Dzire,2009,Diesel,Manual,Second Owner,70000,19.3,1248.0,73.9,2.4
Hyundai,Verna 1.6,2014,Diesel,Manual,First Owner,80000,22.32,1582.0,126.32,7.0
Maruti,Swift VDI,2014,Diesel,Manual,Second Owner,70000,25.2,1248.0,74.0,4.7
Hyundai,i20 Active,2016,Diesel,Manual,First Owner,80000,21.19,1396.0,88.73,8.0
Renault,Duster 110PS,2012,Diesel,Manual,First Owner,90000,19.01,1461.0,108.45,4.5
Tata,Indica V2,2007,Diesel,Manual,Third Owner,90000,17.2,1396.0,53.5,0.9
Toyota,Corolla Altis,2010,Diesel,Manual,Second Owner,120000,21.43,1364.0,87.2,4.5
Toyota,Innova Crysta,2017,Diesel,Automatic,First Owner,62000,11.36,2755.0,171.5,14.65
Hyundai,Creta 1.6,2016,Diesel,Manual,First Owner,79000,19.67,1582.0,126.2,9.25
Toyota,Innova Crysta,2016,Diesel,Manual,Second Owner,60000,13.68,2393.0,147.8,13.85
Toyota,Fortuner 4x4,2015,Diesel,Manual,First Owner,20000,12.55,2982.0,168.5,20.0
Tata,Indigo LS,2004,Diesel,Manual,Second Owner,248200,16.1,1405.0,70.0,0.8
Mahindra,Scorpio SLX,2007,Diesel,Manual,Second Owner,110000,10.5,2179.0,120.0,3.0
Maruti,Swift Dzire,2009,Diesel,Manual,First Owner,100000,19.3,1248.0,73.9,3.6
Hyundai,Verna Transform,2010,Diesel,Manual,Second Owner,70000,16.2,1493.0,110.0,3.2
Ambassador,Classic 2000,1994,Diesel,Manual,Second Owner,100000,12.8,1995.0,52.0,0.99
Maruti,Ertiga SHVS,2016,Diesel,Manual,Second Owner,50000,24.52,1248.0,88.5,7.8
Maruti,Ertiga VDI,2013,Diesel,Manual,First Owner,139000,20.77,1248.0,88.76,6.2
Skoda,Octavia RS,2006,Petrol,Manual,Third Owner,120000,13.1,1781.0,149.5,1.0
Tata,Indica Vista,2014,Petrol,Manual,Second Owner,35000,16.7,1172.0,64.1,2.1
Mahindra,Bolero 2011-2019,2015,Diesel,Manual,First Owner,80000,15.96,2523.0,62.1,3.75
Renault,Triber RXZ,2019,Petrol,Manual,First Owner,7720,20.0,999.0,71.0,7.86
Mahindra,XUV500 W8,2014,Diesel,Manual,First Owner,50000,15.1,2179.0,140.0,10.0
Maruti,Zen D,2002,Diesel,Manual,Second Owner,60000,20.8,1527.0,58.0,1.2
Mahindra,Verito Vibe,2016,Diesel,Manual,First Owner,100000,20.8,1461.0,64.1,7.5
Hyundai,i20 Magna,2016,Petrol,Manual,First Owner,57882,18.6,1197.0,81.83,5.5
Tata,Safari Storme,2018,Diesel,Manual,First Owner,142000,14.1,2179.0,147.94,8.75
Tata,Safari Storme,2018,Diesel,Manual,Third Owner,140000,14.1,2179.0,147.94,8.9
Maruti,Ertiga ZXI,2015,Petrol,Manual,First Owner,35000,16.02,1373.0,93.7,7.0
Mahindra,Bolero 2011-2019,2015,Diesel,Manual,First Owner,30000,15.96,2523.0,62.1,5.5
Datsun,GO T,2018,Petrol,Manual,First Owner,10000,19.83,1198.0,67.0,4.0
Maruti,Celerio VXI,2015,Petrol,Manual,Second Owner,30000,23.1,998.0,67.04,2.9
Tata,Indigo CS,2012,Diesel,Manual,First Owner,90000,19.09,1396.0,69.0,1.5
Maruti,Eeco 7,2015,Petrol,Manual,Second Owner,35000,15.37,1196.0,73.0,3.0
Maruti,Wagon R,2008,Petrol,Manual,First Owner,35008,21.79,998.0,67.05,2.21
Datsun,RediGO T,2017,Petrol,Manual,First Owner,31100,22.7,799.0,53.64,2.7
Hyundai,Xcent 1.1,2014,Diesel,Manual,First Owner,42312,24.4,1120.0,71.0,4.55
Toyota,Etios G,2011,Petrol,Manual,First Owner,72000,17.6,1496.0,88.7,3.0
Toyota,Etios Liva,2014,Diesel,Manual,First Owner,54891,23.59,1364.0,67.04,4.8
Hyundai,Verna CRDi,2018,Diesel,Automatic,First Owner,30000,22.0,1582.0,126.2,10.0
BMW,3 Series,2017,Diesel,Automatic,First Owner,44000,22.69,1995.0,190.0,26.0
Toyota,Innova Crysta,2017,Diesel,Automatic,First Owner,18890,11.36,2755.0,171.5,18.5
Hyundai,Santro Magna,2019,Petrol,Manual,First Owner,5000,20.3,1086.0,68.0,5.0
Mahindra,Ssangyong Rexton,2013,Diesel,Automatic,First Owner,117000,11.18,2696.0,184.0,8.0
Renault,Koleos 2.0,2013,Diesel,Automatic,First Owner,75010,13.73,1995.0,148.0,10.0
Tata,Manza Club,2013,Diesel,Manual,First Owner,50000,21.02,1248.0,88.8,2.5
Renault,Pulse RxZ,2012,Diesel,Manual,First Owner,100000,23.08,1461.0,63.1,2.45
Hyundai,Grand i10,2019,Petrol,Automatic,First Owner,4337,18.9,1197.0,82.0,6.25
Volkswagen,Polo 2015-2019,2018,Petrol,Manual,First Owner,14495,18.78,999.0,75.0,5.6
Honda,Jazz 1.2,2018,Petrol,Manual,First Owner,8576,18.7,1199.0,88.7,6.8
Maruti,Swift Dzire,2019,Diesel,Manual,First Owner,30000,28.4,1248.0,74.02,7.0
Tata,Indigo eCS,2013,Diesel,Manual,First Owner,80000,23.03,1396.0,69.0,2.2
Tata,Indigo CS,2017,Diesel,Manual,First Owner,70000,19.09,1405.0,69.01,4.5
Tata,Tigor 1.2,2017,Petrol,Automatic,First Owner,19723,20.3,1199.0,84.0,5.25
Toyota,Innova 2.5,2009,Diesel,Manual,Fourth & Above Owner,242000,12.8,2494.0,102.0,6.5
BMW,6 Series,2018,Diesel,Automatic,First Owner,22000,17.09,2993.0,261.4,55.0
Maruti,Swift Dzire,2017,Diesel,Automatic,First Owner,30000,28.4,1248.0,74.02,8.75
Hyundai,i20 Asta,2019,Petrol,Manual,First Owner,9000,18.6,1197.0,81.83,7.85
Honda,WR-V i-VTEC,2017,Petrol,Manual,First Owner,30000,17.5,1199.0,88.7,8.2
BMW,3 Series,2016,Diesel,Automatic,First Owner,60000,21.76,1995.0,188.0,29.5
Toyota,Innova Crysta,2016,Diesel,Manual,First Owner,27000,13.68,2393.0,147.51,19.25
Honda,WR-V i-DTEC,2017,Diesel,Manual,First Owner,39000,25.5,1498.0,98.6,8.85
Ford,EcoSport 1.5,2015,Petrol,Automatic,First Owner,64000,16.05,1499.0,110.4,6.8
Ford,EcoSport 1.5,2017,Diesel,Manual,First Owner,42000,23.0,1498.0,98.96,9.6
Honda,Brio 1.2,2012,Petrol,Manual,First Owner,45000,18.5,1198.0,86.8,3.85
Tata,Harrier XZ,2019,Diesel,Manual,First Owner,15000,17.0,1956.0,167.67,16.5
Mahindra,TUV 300,2018,Diesel,Manual,First Owner,55000,18.49,1493.0,100.0,8.9
Ford,Endeavour 3.0L,2015,Diesel,Automatic,First Owner,64000,11.4,2953.0,153.86,12.75
BMW,6 Series,2018,Diesel,Automatic,First Owner,27000,17.09,2993.0,261.4,60.0
Maruti,Ciaz Delta,2019,Petrol,Automatic,First Owner,15000,20.28,1462.0,103.25,10.25
Volkswagen,Polo GT,2016,Petrol,Automatic,First Owner,69000,17.2,1197.0,103.6,6.75
Maruti,Swift Dzire,2017,Petrol,Manual,First Owner,80000,22.0,1197.0,81.8,7.0
Ford,EcoSport 1.5,2016,Diesel,Manual,First Owner,60000,22.77,1498.0,98.59,7.8
Hyundai,Verna 1.6,2017,Diesel,Manual,First Owner,70000,22.32,1582.0,126.32,10.5
Audi,Q5 45,2015,Diesel,Automatic,Second Owner,105000,13.22,2967.0,241.4,27.0
Tata,Bolt Quadrajet,2016,Diesel,Manual,First Owner,100000,22.95,1248.0,74.0,4.0
Mahindra,Bolero 2011-2019,2011,Diesel,Manual,First Owner,100000,15.96,2523.0,62.1,4.0
Maruti,Alto LX,2009,Petrol,Manual,Second Owner,90000,19.7,796.0,46.3,0.85
Tata,Hexa XM,2018,Diesel,Manual,First Owner,35000,17.6,2179.0,153.86,13.0
Mahindra,TUV 300,2018,Diesel,Manual,First Owner,11500,18.49,1493.0,100.0,8.2
Mahindra,TUV 300,2015,Diesel,Automatic,First Owner,40000,18.49,1493.0,100.0,6.2
Renault,KWID 1.0,2018,Petrol,Manual,First Owner,50000,23.01,999.0,67.0,2.6
Hyundai,Elantra S,2016,Petrol,Manual,First Owner,49900,16.3,1797.0,147.5,8.05
Hyundai,Grand i10,2015,Petrol,Manual,First Owner,55380,18.9,1197.0,82.0,4.85
Jaguar,XE 2016-2019,2017,Diesel,Automatic,First Owner,9000,13.6,1999.0,177.0,27.11
Tata,Nexon 1.2,2018,Petrol,Manual,First Owner,11000,17.0,1198.0,108.5,8.11
Honda,Jazz 1.2,2015,Petrol,Automatic,First Owner,50000,19.0,1199.0,88.7,5.75
Jeep,Compass 2.0,2018,Diesel,Manual,First Owner,80000,17.1,1956.0,170.0,16.75
Skoda,Rapid 1.6,2016,Petrol,Automatic,First Owner,11000,14.3,1598.0,103.5,6.45
Jaguar,XF Diesel,2015,Diesel,Automatic,First Owner,13500,14.74,2993.0,270.9,25.0
Mercedes-Benz,CLA 200,2018,Petrol,Automatic,First Owner,18000,15.04,1991.0,183.0,25.5
Mercedes-Benz,New C-Class,2017,Petrol,Automatic,First Owner,16000,14.74,1991.0,181.04,27.0
Volkswagen,Ameo 1.2,2017,Petrol,Manual,First Owner,18816,17.0,1198.0,73.75,6.5
Toyota,Innova Crysta,2017,Diesel,Manual,First Owner,33019,13.68,2393.0,147.8,17.49
Honda,City V,2017,Petrol,Automatic,First Owner,18000,15.6,1497.0,116.3,9.25
Toyota,Glanza V,2019,Petrol,Automatic,First Owner,9654,19.56,1197.0,81.8,8.95
Maruti,Alto K10,2011,Petrol,Manual,First Owner,11000,23.95,998.0,67.05,1.75
Maruti,Swift VXI,2012,Petrol,Manual,First Owner,24300,21.21,1197.0,81.8,3.4
Toyota,Innova Crysta,2016,Diesel,Automatic,Second Owner,42163,11.36,2755.0,171.5,15.25
Maruti,Ciaz S,2017,Diesel,Manual,First Owner,47747,28.09,1248.0,88.5,8.1
Tata,Nexon 1.5,2018,Diesel,Automatic,First Owner,8000,21.5,1497.0,108.5,10.25
BMW,3 Series,2016,Diesel,Automatic,First Owner,30000,22.69,1995.0,190.0,21.5
Toyota,Innova 2.5,2013,Diesel,Manual,Second Owner,70000,12.99,2494.0,100.0,9.1
Tata,Indica V2,2016,Diesel,Manual,Second Owner,60000,17.88,1405.0,48.21,3.0
Maruti,Zen LXi,2004,Petrol,Manual,Second Owner,80000,17.3,993.0,60.0,1.2
Hyundai,i20 Era,2015,Petrol,Manual,Second Owner,45900,18.6,1197.0,81.83,4.9
Honda,Amaze S,2013,Diesel,Manual,First Owner,70000,25.8,1498.0,98.6,4.25
Maruti,Alto LXi,2011,Petrol,Manual,First Owner,40000,19.7,796.0,46.3,1.55
Mahindra,Scorpio SLE,2013,Diesel,Manual,Second Owner,90000,12.05,2179.0,120.0,4.9
Maruti,Alto LXi,2010,Petrol,Manual,First Owner,105000,19.7,796.0,46.3,1.32
Hyundai,Elite i20,2018,Diesel,Manual,First Owner,30000,22.54,1396.0,88.76,7.5
Maruti,Wagon R,2011,Petrol,Manual,First Owner,20000,18.9,998.0,67.1,2.25
Hyundai,i10 Sportz,2011,Petrol,Manual,First Owner,80000,20.36,1197.0,78.9,2.4
Maruti,Wagon R,2004,Petrol,Manual,Third Owner,90000,18.9,998.0,67.1,0.33
Chevrolet,Spark 1.0,2010,Petrol,Manual,Second Owner,80000,18.0,995.0,62.0,0.8
Maruti,800 Std,2004,Petrol,Manual,First Owner,120000,16.1,796.0,37.0,0.4
Honda,BRV i-DTEC,2019,Diesel,Manual,Second Owner,50000,21.9,1498.0,98.6,11.0
Jaguar,XE 2016-2019,2017,Diesel,Automatic,First Owner,9000,13.6,1999.0,177.0,27.11
Lexus,ES 300h,2019,Petrol,Automatic,First Owner,20000,22.37,2487.0,214.56,51.5
Jaguar,XF 2.0,2017,Diesel,Automatic,First Owner,45000,19.33,1999.0,177.0,32.0
Tata,Safari Storme,2015,Diesel,Manual,First Owner,110000,14.1,2179.0,147.94,5.03
Volvo,XC40 D4,2019,Diesel,Automatic,First Owner,20000,18.0,1969.0,190.0,38.0
Toyota,Camry 2.5,2016,Petrol,Automatic,First Owner,68089,19.16,2494.0,157.7,20.0
Maruti,Wagon R,2013,Petrol,Manual,First Owner,58343,21.79,998.0,67.05,2.25
Maruti,Baleno Alpha,2018,Diesel,Manual,First Owner,38817,27.39,1248.0,74.0,7.4
Honda,Jazz VX,2016,Petrol,Manual,First Owner,56494,18.2,1199.0,88.7,5.5
Toyota,Innova 2.5,2013,Diesel,Manual,Second Owner,79328,12.99,2494.0,100.6,7.5
Maruti,Swift AMT,2019,Petrol,Automatic,First Owner,5621,22.0,1197.0,81.8,6.5
Toyota,Etios VX,2017,Petrol,Manual,First Owner,25538,16.78,1496.0,88.73,6.25
Maruti,Swift AMT,2018,Petrol,Automatic,First Owner,69779,22.0,1197.0,81.8,6.0
Hyundai,Grand i10,2017,Diesel,Manual,First Owner,56290,24.0,1186.0,73.97,4.5
BMW,X4 M,2019,Diesel,Automatic,First Owner,7500,16.78,1995.0,190.0,54.0
BMW,X4 M,2019,Diesel,Automatic,First Owner,8500,16.78,1995.0,190.0,55.0
Honda,Amaze V,2019,Petrol,Automatic,First Owner,7032,19.0,1199.0,88.76,7.79
Skoda,Rapid 1.6,2016,Petrol,Automatic,First Owner,11000,14.3,1598.0,103.5,6.45
Volvo,V40 D3,2018,Diesel,Automatic,First Owner,2000,16.8,1984.0,150.0,24.75
Hyundai,Xcent 1.1,2016,Diesel,Manual,Second Owner,80000,24.4,1120.0,71.0,3.8
Tata,New Safari,2011,Diesel,Manual,Second Owner,120000,11.57,2179.0,138.1,3.0
Maruti,Alto 800,2014,Petrol,Manual,First Owner,50000,22.74,796.0,47.3,2.4
Maruti,Swift VDI,2011,Diesel,Manual,First Owner,70000,22.9,1248.0,74.0,3.25
Mahindra,KUV 100,2016,Diesel,Manual,First Owner,130000,25.32,1198.0,77.0,4.0
Renault,Lodgy Stepway,2017,Diesel,Manual,First Owner,50000,21.04,1461.0,83.8,8.0
Ford,EcoSport 1.5,2018,Diesel,Manual,First Owner,80000,23.0,1498.0,98.96,9.5
Maruti,Swift VDI,2013,Diesel,Manual,Fourth & Above Owner,120000,22.9,1248.0,74.0,3.0
Maruti,Alto 800,2020,Petrol,Manual,First Owner,5000,22.05,796.0,47.3,3.5
Mahindra,KUV 100,2017,Petrol,Manual,First Owner,59000,18.15,1198.0,82.0,5.3
Chevrolet,Enjoy TCDi,2013,Diesel,Manual,Third Owner,100000,18.2,1248.0,73.8,3.5
Hyundai,Sonata 2.4L,2008,Petrol,Automatic,First Owner,50000,11.0,2359.0,165.0,1.68
Renault,KWID RXT,2016,Petrol,Manual,Second Owner,45000,25.17,799.0,53.3,2.4
Maruti,Swift Dzire,2010,Diesel,Manual,Fourth & Above Owner,80000,19.3,1248.0,73.9,2.2
Maruti,Wagon R,2008,Petrol,Manual,Fourth & Above Owner,80000,18.9,1061.0,67.0,1.1
Maruti,Vitara Brezza,2016,Diesel,Manual,First Owner,100000,24.3,1248.0,88.5,8.5
Maruti,Ertiga VDI,2014,Diesel,Manual,First Owner,110000,20.77,1248.0,88.76,5.45
Toyota,Innova Crysta,2018,Diesel,Manual,First Owner,24000,13.68,2393.0,147.8,20.64
Maruti,S-Cross 2017-2020,2018,Diesel,Manual,First Owner,25000,25.1,1248.0,88.5,9.5
Hyundai,EON Magna,2013,Petrol,Manual,Third Owner,68697,21.1,814.0,55.2,2.0
Maruti,Swift VDI,2017,Diesel,Manual,First Owner,30000,25.2,1248.0,74.0,6.6
Honda,Amaze VX,2013,Diesel,Manual,Second Owner,40000,25.8,1498.0,98.6,4.2
Tata,Indica Vista,2010,Petrol,Manual,First Owner,29000,16.5,1172.0,65.0,1.5
Chevrolet,Beat Diesel,2013,Diesel,Manual,Second Owner,68000,25.44,936.0,57.6,1.75
Honda,Amaze S,2018,Petrol,Automatic,First Owner,15000,18.1,1199.0,88.7,7.5
Maruti,Ritz VDi,2014,Diesel,Manual,First Owner,70000,23.2,1248.0,73.94,4.25
Toyota,Corolla Altis,2015,Diesel,Manual,Third Owner,126000,21.43,1364.0,87.2,7.9
Toyota,Innova 2.5,2011,Diesel,Manual,Third Owner,300000,12.8,2494.0,102.0,8.3
Honda,Mobilio RS,2015,Diesel,Manual,Second Owner,94000,24.5,1498.0,98.6,6.5
Toyota,Corolla Altis,2015,Diesel,Manual,Third Owner,129000,21.43,1364.0,87.2,7.8
Hyundai,i10 Magna,2010,Petrol,Manual,Second Owner,55000,19.81,1086.0,68.05,1.8
Ford,EcoSport 1.5,2019,Diesel,Manual,First Owner,40000,23.0,1498.0,98.96,8.7
Tata,Manza Aura,2011,Diesel,Manual,First Owner,50000,21.12,1248.0,88.8,2.75
Hyundai,i20 1.2,2017,Petrol,Manual,Second Owner,25000,18.6,1197.0,81.83,6.3
Toyota,Corolla H2,2008,Petrol,Manual,Second Owner,60000,13.4,1794.0,125.0,1.5
Maruti,Alto 800,2016,Petrol,Manual,First Owner,25000,22.74,796.0,47.3,3.15
Tata,Indigo CR4,2011,Diesel,Manual,Second Owner,70000,23.57,1396.0,70.0,1.89
Maruti,Swift Dzire,2014,Diesel,Manual,First Owner,120000,23.4,1248.0,74.0,5.8
Maruti,Vitara Brezza,2018,Diesel,Manual,First Owner,35000,24.3,1248.0,88.5,8.25
Tata,Safari Storme,2016,Diesel,Manual,Second Owner,60000,14.1,2179.0,148.0,6.5
Honda,City 1.3,2004,Petrol,Manual,Second Owner,62000,13.0,1343.0,90.0,0.5
Skoda,Fabia 1.2,2011,Petrol,Manual,Second Owner,120000,16.25,1198.0,73.9,2.0
Tata,Venture LX,2013,Diesel,Manual,Third Owner,120000,15.42,1405.0,70.0,1.35
Hyundai,i20 2015-2017,2017,Diesel,Manual,First Owner,80000,22.54,1396.0,88.73,6.8
Hyundai,i20 1.4,2017,Diesel,Manual,First Owner,80000,22.54,1396.0,88.73,6.7
BMW,5 Series,2010,Diesel,Automatic,First Owner,60000,16.73,1995.0,218.0,10.0
Maruti,Alto K10,2010,Petrol,Manual,Second Owner,80000,20.92,998.0,67.1,2.4
Force,One SX,2014,Diesel,Manual,Second Owner,147279,17.0,2200.0,139.01,5.55
Skoda,Rapid 1.6,2013,Diesel,Manual,First Owner,98000,20.5,1598.0,103.5,4.55
Maruti,Swift Dzire,2018,Diesel,Manual,First Owner,25000,28.4,1248.0,74.02,7.5
Maruti,Swift Dzire,2016,Diesel,Automatic,First Owner,90000,26.59,1248.0,74.0,7.0
Tata,Nano XTA,2016,Petrol,Automatic,First Owner,22000,21.9,624.0,37.48,2.2
Tata,Indica V2,2014,Diesel,Manual,First Owner,120000,25.0,1396.0,69.0,1.6
Chevrolet,Sail Hatchback,2013,Diesel,Manual,Second Owner,100000,22.1,1248.0,76.9,2.25
Tata,Indigo CS,2008,Diesel,Manual,Second Owner,120000,19.09,1396.0,69.0,1.4
Maruti,Swift Dzire,2014,Diesel,Manual,Second Owner,70000,23.4,1248.0,74.0,6.0
Mahindra,XUV500 W10,2015,Diesel,Manual,First Owner,24700,16.0,2179.0,140.0,10.0
Chevrolet,Spark 1.0,2008,Petrol,Manual,Third Owner,100000,18.0,995.0,62.0,0.65
Maruti,Ignis 1.2,2019,Petrol,Manual,First Owner,10000,20.89,1197.0,81.8,5.0
Mahindra,XUV500 W10,2017,Diesel,Manual,First Owner,88754,16.0,2179.0,140.0,11.0
Mahindra,XUV500 W6,2017,Diesel,Manual,First Owner,43526,16.0,2179.0,140.0,11.5
Skoda,Fabia 1.2,2012,Petrol,Manual,First Owner,55885,16.25,1198.0,75.0,3.2
Ford,Ecosport 1.5,2019,Diesel,Manual,First Owner,16034,21.7,1498.0,98.96,9.5
Ford,Figo Diesel,2012,Diesel,Manual,First Owner,156040,20.0,1399.0,68.0,2.5
Ford,Endeavour 2.5L,2004,Diesel,Manual,First Owner,93415,13.1,2499.0,141.0,4.0
BMW,5 Series,2008,Diesel,Automatic,Second Owner,122000,18.48,1995.0,177.0,11.0
Maruti,Baleno Delta,2017,Diesel,Manual,First Owner,20000,27.39,1248.0,74.0,6.0
Maruti,Swift VVT,2017,Petrol,Manual,First Owner,46000,22.0,1197.0,81.8,5.1
Skoda,Rapid 1.6,2016,Petrol,Manual,Third Owner,50000,15.41,1598.0,103.2,3.95
Maruti,Wagon R,2018,Petrol,Manual,First Owner,5000,21.79,998.0,67.05,4.69
Maruti,Alto 800,2017,Petrol,Manual,First Owner,42000,24.7,796.0,47.3,2.5
Chevrolet,Spark 1.0,2011,Petrol,Manual,First Owner,68519,16.2,995.0,62.1,1.3
Ford,EcoSport 1.5,2019,Diesel,Manual,First Owner,30000,23.0,1498.0,98.96,9.06
Ford,Figo Diesel,2011,Diesel,Manual,First Owner,85000,20.0,1399.0,68.0,1.6
Maruti,Swift Dzire,2012,Petrol,Manual,First Owner,88000,17.5,1298.0,85.8,3.0
Maruti,800 Uniq,2010,Petrol,Manual,Fourth & Above Owner,100000,14.0,796.0,37.5,0.6
Maruti,Swift Dzire,2014,Petrol,Manual,Second Owner,100000,19.1,1197.0,85.8,4.0
Tata,Tiago XT,2018,Petrol,Manual,First Owner,22966,23.84,1199.0,84.48,4.5
Mahindra,Bolero 2011-2019,2014,Diesel,Manual,Second Owner,80000,15.96,2523.0,62.1,4.65
Maruti,Swift VDI,2012,Diesel,Manual,Second Owner,80000,22.9,1248.0,74.0,3.25
Maruti,Alto LXi,2008,Petrol,Manual,Second Owner,70000,19.7,796.0,46.3,1.5
Hyundai,EON Era,2014,Petrol,Manual,First Owner,2350,21.1,814.0,55.2,2.5
Maruti,Alto LXi,2011,Petrol,Manual,First Owner,50000,19.7,796.0,46.3,1.75
Maruti,Alto LXi,2010,Petrol,Manual,First Owner,58000,19.7,796.0,46.3,1.75
Honda,City 2017-2020,2006,Petrol,Manual,Second Owner,80000,16.9,1497.0,100.0,1.5
Mahindra,Bolero Power,2018,Diesel,Manual,First Owner,60000,16.5,1493.0,70.0,7.97
Hyundai,Elite i20,2019,Petrol,Manual,First Owner,35000,18.6,1197.0,81.86,8.0
Mahindra,Bolero 2011-2019,2019,Diesel,Manual,First Owner,59872,15.96,2523.0,62.1,7.5
Mahindra,Scorpio M2DI,2011,Diesel,Manual,Second Owner,140000,13.5,2179.0,115.0,4.0
Maruti,Alto LX,2012,Petrol,Manual,First Owner,110000,19.7,796.0,46.3,1.6
Mahindra,Bolero 2011-2019,2016,Diesel,Manual,First Owner,91182,15.96,2523.0,62.1,7.0
Maruti,Alto LXi,2010,Petrol,Manual,Third Owner,60000,19.7,796.0,46.3,1.6
Hyundai,i20 Asta,2012,Diesel,Manual,First Owner,100000,21.27,1396.0,88.76,4.0
Toyota,Etios Liva,2013,Diesel,Manual,First Owner,120000,23.59,1364.0,67.06,4.51
Maruti,800 Std,2002,Petrol,Manual,First Owner,80000,16.1,796.0,37.0,0.4
Tata,Manza Aura,2012,Diesel,Manual,Third Owner,70000,21.12,1248.0,88.8,3.0
Maruti,Celerio ZXI,2017,Petrol,Manual,Second Owner,59500,23.1,998.0,67.04,4.21
Maruti,Vitara Brezza,2016,Diesel,Manual,First Owner,45000,24.3,1248.0,88.5,9.5
Hyundai,i20 1.4,2011,Diesel,Manual,Second Owner,75500,23.0,1396.0,90.0,3.95
Maruti,Vitara Brezza,2016,Diesel,Manual,Second Owner,46000,24.3,1248.0,88.5,9.5
Maruti,Alto 800,2013,Petrol,Manual,First Owner,60000,22.74,796.0,47.3,2.7
Hyundai,i20 1.4,2009,Petrol,Automatic,Second Owner,60000,15.0,1396.0,100.0,3.6
Maruti,Swift Ldi,2008,Diesel,Manual,First Owner,152500,17.8,1248.0,75.0,2.35
Mercedes-Benz,E-Class E250,2014,Diesel,Automatic,Second Owner,60000,13.0,2143.0,201.1,18.5
Toyota,Fortuner 4x2,2015,Diesel,Automatic,First Owner,130000,12.55,2982.0,168.5,19.0
Hyundai,Grand i10,2017,Petrol,Manual,First Owner,23456,18.9,1197.0,82.0,5.5
Mahindra,XUV500 W10,2015,Diesel,Manual,First Owner,39000,16.0,2179.0,140.0,12.25
Honda,WR-V i-VTEC,2017,Petrol,Manual,First Owner,15000,17.5,1199.0,88.7,7.0
Jeep,Compass 2.0,2017,Diesel,Manual,First Owner,69123,17.1,1956.0,170.0,16.5
Honda,Brio V,2012,Petrol,Manual,First Owner,26000,19.4,1198.0,86.8,3.76
Ford,Ecosport 1.5,2017,Diesel,Manual,First Owner,77524,22.7,1498.0,89.84,8.75
Hyundai,i20 Sportz,2014,Petrol,Manual,Second Owner,40523,18.5,1197.0,82.85,4.6
Maruti,Swift VDI,2018,Diesel,Manual,First Owner,39000,28.4,1248.0,74.0,7.55
Audi,A6 35,2019,Petrol,Automatic,Test Drive Car,7800,15.26,1798.0,187.74,62.23
Audi,A6 35,2019,Petrol,Automatic,Test Drive Car,11500,15.26,1798.0,187.74,59.23
Audi,A6 35,2019,Petrol,Automatic,Test Drive Car,23600,15.26,1798.0,187.74,65.23
Toyota,Fortuner 3.0,2010,Diesel,Manual,Second Owner,220000,11.5,2982.0,171.0,10.5
Mahindra,XUV500 W8,2015,Diesel,Manual,Second Owner,120000,15.1,2179.0,140.0,10.5
Maruti,Baleno Alpha,2018,Petrol,Automatic,First Owner,25000,21.4,1197.0,83.1,8.0
Maruti,Swift VDI,2015,Diesel,Manual,Second Owner,31000,25.2,1248.0,74.0,6.0
Maruti,Baleno Sigma,2017,Petrol,Manual,First Owner,42000,21.4,1197.0,83.1,5.3
Maruti,Swift Dzire,2015,Petrol,Manual,First Owner,80000,20.85,1197.0,83.14,4.5
Maruti,Alto K10,2011,Petrol,Manual,First Owner,60000,20.92,998.0,67.1,2.35
Maruti,Swift Dzire,2013,Diesel,Manual,First Owner,240000,23.4,1248.0,74.0,5.5
Skoda,Rapid 1.6,2013,Petrol,Automatic,Second Owner,35000,14.3,1598.0,103.5,3.95
Tata,Tigor 1.2,2018,Petrol,Manual,First Owner,35000,20.3,1199.0,84.0,4.5
Renault,Triber RXT,2019,Petrol,Manual,First Owner,5000,20.0,999.0,72.0,6.0
Maruti,Vitara Brezza,2016,Diesel,Manual,First Owner,110000,24.3,1248.0,88.5,6.1
Hyundai,i20 1.2,2017,Petrol,Manual,First Owner,20000,18.6,1197.0,81.83,6.9
Tata,Nexon 1.2,2018,Petrol,Manual,First Owner,15000,17.0,1198.0,108.5,7.9
Maruti,Alto K10,2014,Petrol,Manual,Second Owner,40000,20.92,998.0,67.1,2.55
Honda,Jazz 1.2,2016,Petrol,Manual,First Owner,41000,18.7,1199.0,88.7,5.0
Mahindra,Bolero SLX,2011,Diesel,Manual,Second Owner,100000,13.6,2523.0,63.0,3.4
Tata,Sumo CX,2008,Diesel,Manual,First Owner,120000,12.2,1948.0,68.0,1.5
Mahindra,Bolero SLX,2007,Diesel,Manual,Third Owner,110000,13.6,2523.0,63.0,2.45
Volkswagen,Vento 1.5,2015,Diesel,Manual,Second Owner,120000,20.34,1498.0,103.2,5.15
Ambassador,Grand 1500,2008,Diesel,Manual,Second Owner,60000,12.8,1995.0,52.0,1.22
Hyundai,i10 Magna,2009,Petrol,Manual,Third Owner,35000,19.81,1086.0,68.05,1.6
Maruti,Alto LX,2007,Petrol,Manual,Second Owner,120000,19.7,796.0,46.3,1.1
Maruti,Swift LDI,2014,Diesel,Manual,First Owner,70000,25.2,1248.0,74.0,3.6
Hyundai,Verna Transform,2011,Diesel,Manual,Third Owner,90000,16.2,1493.0,110.0,2.6
Maruti,Alto LXi,2007,Petrol,Manual,Second Owner,60000,19.7,796.0,46.3,1.28
Hyundai,Verna 1.6,2015,Diesel,Manual,Second Owner,80000,23.9,1582.0,126.2,6.0
Toyota,Fortuner 3.0,2010,Diesel,Manual,Second Owner,151000,11.5,2982.0,171.0,8.0
Maruti,Swift Dzire,2019,Diesel,Manual,First Owner,25000,28.4,1248.0,74.02,6.75
Mahindra,XUV500 W10,2015,Diesel,Manual,First Owner,24700,16.0,2179.0,140.0,10.0
Chevrolet,Spark 1.0,2008,Petrol,Manual,Third Owner,100000,18.0,995.0,62.0,0.65
Maruti,Ignis 1.2,2019,Petrol,Manual,First Owner,10000,20.89,1197.0,81.8,5.0
Maruti,SX4 Zxi,2010,Petrol,Manual,First Owner,50000,15.0,1586.0,104.68,3.0
Maruti,800 AC,2009,Petrol,Manual,First Owner,80000,16.1,796.0,37.0,1.25
Hyundai,Grand i10,2017,Petrol,Manual,First Owner,25000,18.9,1197.0,82.0,5.5
Maruti,Alto LXi,2007,Petrol,Manual,Third Owner,80000,19.7,796.0,46.3,1.5
Mahindra,Scorpio Intelli,2017,Diesel,Manual,First Owner,80000,15.4,2179.0,120.0,8.91
Toyota,Innova 2.5,2015,Diesel,Manual,First Owner,70000,12.99,2494.0,100.6,10.5
Maruti,Baleno RS,2018,Petrol,Manual,First Owner,15000,21.1,998.0,100.5,7.5
Hyundai,i20 Magna,2012,Petrol,Manual,First Owner,27500,18.5,1197.0,82.9,3.8
Toyota,Innova 2.5,2013,Diesel,Manual,Second Owner,110000,12.99,2494.0,100.6,8.0
Mahindra,Logan Petrol,2010,Petrol,Manual,First Owner,120000,15.7,1390.0,75.0,2.0
Maruti,Ciaz VDi,2016,Diesel,Manual,First Owner,70000,28.09,1248.0,88.5,7.0
Toyota,Qualis FS,2002,Diesel,Manual,First Owner,290000,13.1,2446.0,75.0,2.3
Honda,Accord 2.4,2010,Petrol,Manual,Second Owner,74000,12.8,2354.0,177.6,3.0
Honda,Mobilio S,2015,Diesel,Manual,First Owner,120000,24.2,1498.0,98.6,6.7
Honda,City 2017-2020,2007,Petrol,Manual,First Owner,140000,17.7,1497.0,78.0,2.1
Maruti,Ignis 1.2,2017,Petrol,Manual,First Owner,40000,20.89,1197.0,81.8,3.7
Maruti,Baleno Delta,2019,Petrol,Automatic,First Owner,20000,21.4,1197.0,83.1,6.0
Maruti,Vitara Brezza,2020,Diesel,Manual,First Owner,15000,24.3,1248.0,88.5,8.1
Tata,Tiago 1.2,2019,Petrol,Manual,First Owner,16000,23.84,1199.0,84.0,3.46
Honda,City 1.3,2005,Petrol,Manual,First Owner,130000,13.0,1343.0,90.0,0.55
Tata,Safari DICOR,2012,Diesel,Manual,Second Owner,118000,13.93,2179.0,138.03,2.5
Maruti,Swift ZXI,2006,Petrol,Manual,Second Owner,44000,16.1,1298.0,88.2,1.2
Maruti,Ertiga ZDI,2013,Diesel,Manual,Second Owner,50000,20.77,1248.0,88.8,6.0
Maruti,Eeco 5,2016,Petrol,Manual,First Owner,60000,15.37,1196.0,73.0,3.3
Hyundai,i20 Sportz,2014,Petrol,Manual,Second Owner,147000,18.6,1197.0,81.83,4.0
Tata,Indica V2,2004,Diesel,Manual,Second Owner,40000,16.8,1405.0,62.0,1.0
Maruti,Swift Dzire,2014,Petrol,Manual,Third Owner,100000,19.1,1197.0,85.8,4.5
Maruti,Ertiga SHVS,2017,Diesel,Manual,First Owner,55000,24.52,1248.0,88.5,8.0
Maruti,Celerio ZDi,2015,Diesel,Manual,Second Owner,40000,27.62,793.0,47.0,3.4
Maruti,Ritz VDi,2010,Diesel,Manual,Third Owner,64000,21.1,1248.0,73.9,2.25
Maruti,Zen LXI,2002,Petrol,Manual,Second Owner,100000,17.3,993.0,60.0,0.55
Maruti,Ertiga SHVS,2016,Diesel,Manual,First Owner,50000,24.52,1248.0,88.5,9.0
Volvo,S60 D4,2014,Diesel,Automatic,First Owner,30000,9.0,1984.0,181.0,25.0
Maruti,Wagon R,2018,Petrol,Manual,First Owner,30000,20.51,998.0,67.04,4.65
Maruti,Zen LXI,2004,Petrol,Manual,First Owner,150000,17.3,993.0,60.0,0.7
Tata,Zest Revotron,2016,Petrol,Manual,First Owner,24177,17.57,1193.0,88.7,4.0
Tata,Indigo LX,2012,Diesel,Manual,First Owner,80000,16.1,1405.0,70.0,1.85
Maruti,Wagon R,2006,Petrol,Manual,Second Owner,150000,18.9,998.0,67.1,1.4
Renault,Lodgy 85PS,2015,Diesel,Manual,Second Owner,120000,21.04,1461.0,83.8,4.15
Mahindra,Scorpio VLX,2012,Diesel,Manual,First Owner,121779,12.05,2179.0,120.0,5.32
Maruti,Baleno Delta,2017,Diesel,Manual,First Owner,56000,27.39,1248.0,74.0,6.0
Maruti,SX4 Vxi,2008,Petrol,Manual,Fourth & Above Owner,100000,15.0,1586.0,104.68,1.5
Maruti,Swift LXI,2018,Petrol,Manual,First Owner,12000,20.4,1197.0,81.8,4.6
Maruti,Vitara Brezza,2017,Diesel,Manual,First Owner,15381,24.3,1248.0,88.5,8.0
Mahindra,Bolero SLX,2011,Diesel,Manual,First Owner,5000,13.6,2523.0,63.0,3.1
Nissan,Terrano XV,2014,Diesel,Manual,First Owner,40000,19.01,1461.0,108.5,4.75
Maruti,Wagon R,2016,CNG,Manual,Second Owner,35000,26.6,998.0,58.16,3.1
Maruti,Alto K10,2018,Petrol,Manual,First Owner,10000,23.95,998.0,67.05,3.5
Mahindra,XUV500 W10,2019,Diesel,Manual,First Owner,10000,16.0,2179.0,140.0,18.0
Maruti,Swift AMT,2018,Petrol,Automatic,First Owner,25000,22.0,1197.0,81.8,6.4
Maruti,Wagon R,2017,Petrol,Automatic,First Owner,50000,20.51,998.0,67.0,3.5
Tata,Nexon 1.2,2018,Petrol,Manual,First Owner,30000,17.0,1198.0,108.5,6.0
Hyundai,Verna 1.6,2015,Diesel,Manual,First Owner,23000,23.9,1582.0,126.2,5.75
Mahindra,Thar CRDe,2019,Diesel,Manual,First Owner,15000,16.55,2498.0,105.0,9.74
Maruti,Wagon R,2018,Petrol,Automatic,Second Owner,5000,20.51,998.0,67.0,4.45
Maruti,Ertiga VDI,2015,Diesel,Manual,Second Owner,15000,20.77,1248.0,88.76,5.8
Hyundai,Creta 1.4,2020,Diesel,Manual,First Owner,20000,22.1,1396.0,88.7,10.5
Ford,EcoSport 1.5,2015,Diesel,Manual,First Owner,50000,22.77,1498.0,98.59,6.0
Ford,Figo 1.2P,2017,Petrol,Manual,Second Owner,40000,18.16,1196.0,86.8,3.7
Maruti,Zen Estilo,2007,Petrol,Manual,Third Owner,70000,18.2,1061.0,64.0,1.5
Maruti,Celerio ZXI,2017,Petrol,Manual,First Owner,15000,23.1,998.0,67.04,4.83
Hyundai,Grand i10,2016,Petrol,Manual,First Owner,10000,18.9,1197.0,82.0,4.7
Maruti,Vitara Brezza,2018,Diesel,Manual,First Owner,25000,24.3,1248.0,88.5,9.5
Hyundai,Verna 1.6,2013,Petrol,Manual,Third Owner,50000,17.01,1591.0,121.3,4.5
Toyota,Etios VX,2011,Petrol,Manual,First Owner,70000,17.6,1496.0,88.7,3.45
Maruti,Ignis Zeta,2020,Petrol,Automatic,First Owner,5000,20.89,1197.0,81.8,6.0
Maruti,A-Star Vxi,2009,Petrol,Manual,First Owner,60000,19.0,998.0,66.1,3.0
Maruti,Zen Estilo,2007,Petrol,Manual,Second Owner,74800,18.2,998.0,67.1,1.6
Maruti,800 AC,2004,Petrol,Manual,Second Owner,80000,16.1,796.0,37.0,1.2
Maruti,Eeco CNG,2012,CNG,Manual,First Owner,270000,21.94,1196.0,61.7,2.2
Hyundai,EON 1.0,2018,Petrol,Manual,First Owner,120000,20.3,998.0,68.05,3.4
Honda,City 2017-2020,2007,Petrol,Manual,Second Owner,120000,17.7,1497.0,78.0,1.38
Maruti,Swift Dzire,2010,Petrol,Manual,Third Owner,80000,17.5,1298.0,85.8,2.31
Mahindra,XUV500 W8,2013,Diesel,Manual,Second Owner,120000,15.1,2179.0,140.0,8.0
Mahindra,XUV300 W8,2019,Petrol,Manual,First Owner,20000,17.0,1197.0,108.6,9.6
Maruti,Wagon R,2009,Petrol,Manual,Second Owner,70000,18.9,1061.0,67.0,1.2
Maruti,Wagon R,2012,Petrol,Manual,First Owner,40000,18.9,998.0,67.1,2.7
Maruti,Ritz LXI,2011,Petrol,Manual,Second Owner,100000,21.1,1197.0,85.8,2.0
Maruti,Swift VXI,2012,Petrol,Manual,First Owner,123000,18.6,1197.0,85.8,3.28
Hyundai,Verna 1.6,2012,Diesel,Manual,First Owner,77000,22.32,1582.0,126.32,4.32
Volkswagen,Polo 1.0,2019,Petrol,Manual,First Owner,7000,18.78,999.0,75.0,5.65
Maruti,Eeco 5,2017,Petrol,Manual,First Owner,70000,15.37,1196.0,73.0,3.9
Ford,Figo 1.5D,2017,Diesel,Manual,First Owner,30000,25.83,1498.0,99.0,6.0
Hyundai,i20 1.4,2011,Diesel,Manual,Third Owner,120000,23.0,1396.0,90.0,2.5
Chevrolet,Spark 1.0,2011,Petrol,Manual,First Owner,70000,18.0,995.0,62.0,1.65
Honda,City 1.5,2011,Petrol,Manual,First Owner,105000,17.0,1497.0,118.0,4.21
Hyundai,Accent Executive,2012,Petrol,Manual,Second Owner,109322,16.36,1495.0,93.7,2.25
Nissan,Sunny Diesel,2013,Diesel,Manual,First Owner,120000,21.64,1461.0,84.8,3.5
Jeep,Compass 2.0,2018,Diesel,Manual,First Owner,24000,17.1,1956.0,170.0,17.57
Maruti,Baleno Zeta,2015,Diesel,Manual,Second Owner,70000,27.39,1248.0,74.0,6.0
Tata,Tiago NRG,2018,Petrol,Manual,First Owner,35000,24.0,1199.0,83.81,5.15
Maruti,800 AC,1999,Petrol,Manual,Third Owner,80000,16.1,796.0,37.0,0.8
Maruti,SX4 S,2017,Diesel,Manual,Second Owner,70000,23.65,1248.0,88.5,8.0
Mahindra,Scorpio 2.6,2004,Diesel,Manual,Fourth & Above Owner,100000,10.5,2179.0,120.0,1.2
Jaguar,XE 2016-2019,2017,Diesel,Automatic,First Owner,9000,13.6,1999.0,177.0,27.11
Lexus,ES 300h,2019,Petrol,Automatic,First Owner,20000,22.37,2487.0,214.56,51.5
Jaguar,XF 2.0,2017,Diesel,Automatic,First Owner,45000,19.33,1999.0,177.0,32.0
Tata,Safari Storme,2015,Diesel,Manual,First Owner,110000,14.1,2179.0,147.94,5.03
Volvo,XC40 D4,2019,Diesel,Automatic,First Owner,20000,18.0,1969.0,190.0,38.0
Toyota,Camry 2.5,2016,Petrol,Automatic,First Owner,68089,19.16,2494.0,157.7,20.0
Maruti,Wagon R,2013,Petrol,Manual,First Owner,58343,21.79,998.0,67.05,2.25
Maruti,Baleno Alpha,2018,Diesel,Manual,First Owner,38817,27.39,1248.0,74.0,7.4
Honda,Jazz VX,2016,Petrol,Manual,First Owner,56494,18.2,1199.0,88.7,5.5
Toyota,Innova 2.5,2013,Diesel,Manual,Second Owner,79328,12.99,2494.0,100.6,7.5
Maruti,Swift AMT,2019,Petrol,Automatic,First Owner,5621,22.0,1197.0,81.8,6.5
Toyota,Etios VX,2017,Petrol,Manual,First Owner,25538,16.78,1496.0,88.73,6.25
Maruti,Swift AMT,2018,Petrol,Automatic,First Owner,69779,22.0,1197.0,81.8,6.0
Hyundai,Grand i10,2017,Diesel,Manual,First Owner,56290,24.0,1186.0,73.97,4.5
BMW,X4 M,2019,Diesel,Automatic,First Owner,7500,16.78,1995.0,190.0,54.0
BMW,X4 M,2019,Diesel,Automatic,First Owner,8500,16.78,1995.0,190.0,55.0
Honda,Amaze V,2019,Petrol,Automatic,First Owner,7032,19.0,1199.0,88.76,7.79
Skoda,Rapid 1.6,2016,Petrol,Automatic,First Owner,11000,14.3,1598.0,103.5,6.45
Volvo,V40 D3,2018,Diesel,Automatic,First Owner,2000,16.8,1984.0,150.0,24.75
Maruti,Wagon R,2017,Petrol,Manual,First Owner,40000,20.51,998.0,67.04,4.75
Maruti,Wagon R,2015,Petrol,Automatic,First Owner,20000,20.51,998.0,67.0,4.0
Fiat,Grande Punto,2011,Diesel,Manual,First Owner,60000,20.3,1248.0,75.0,3.0
Maruti,Wagon R,2009,Petrol,Manual,Second Owner,70000,17.3,1061.0,64.0,2.35
Maruti,Wagon R,2015,Petrol,Manual,Second Owner,40000,20.51,998.0,67.04,3.5
Maruti,Swift Dzire,2017,Diesel,Manual,Second Owner,34000,28.4,1248.0,74.02,6.25
Mahindra,XUV500 W6,2014,Diesel,Manual,First Owner,120000,15.1,2179.0,140.0,5.25
Tata,Tigor 1.2,2018,Petrol,Manual,First Owner,10000,20.3,1199.0,84.0,5.5
Mahindra,Bolero 2011-2019,2015,Diesel,Manual,Second Owner,80000,15.96,2523.0,62.1,5.5
Honda,City 2017-2020,2006,Petrol,Manual,Second Owner,100000,17.7,1497.0,78.0,2.0
Mahindra,Xylo D2,2011,Diesel,Manual,First Owner,120000,13.0,2489.0,95.0,3.5
Honda,City 2017-2020,2006,Petrol,Manual,Second Owner,100000,17.7,1497.0,78.0,2.2
Hyundai,Grand i10,2016,Petrol,Manual,First Owner,25000,18.9,1197.0,82.0,4.12
Maruti,Wagon R,2009,Petrol,Manual,Second Owner,52000,18.9,1061.0,67.0,1.26
Maruti,Swift Dzire,2013,Diesel,Manual,First Owner,63000,23.4,1248.0,74.0,4.3
Maruti,A-Star Vxi,2009,Petrol,Manual,Second Owner,90000,19.0,998.0,66.1,1.3
Tata,Tiago 1.2,2017,Petrol,Manual,First Owner,60000,23.84,1199.0,84.0,3.5
Maruti,Alto LX,2011,Petrol,Manual,First Owner,35000,19.7,796.0,46.3,2.2
Mahindra,Bolero DI,2011,Diesel,Manual,First Owner,80000,13.6,2523.0,63.0,3.8
Ford,Figo Diesel,2010,Diesel,Manual,Second Owner,110000,20.0,1399.0,68.0,2.0
Toyota,Fortuner 4x4,2015,Diesel,Manual,First Owner,20000,12.55,2982.0,168.5,20.0
Ford,EcoSport 1.5,2015,Diesel,Manual,First Owner,90000,22.77,1498.0,98.59,6.1
BMW,X1 sDrive20i,2016,Petrol,Automatic,Second Owner,30000,15.71,1998.0,189.0,25.0
Maruti,Swift Dzire,2017,Diesel,Manual,First Owner,61000,26.59,1248.0,74.0,6.2
Maruti,Omni Limited,2013,Petrol,Manual,First Owner,66000,14.7,796.0,37.0,1.5
Datsun,GO Plus,2018,Petrol,Manual,First Owner,80000,20.62,1198.0,67.0,4.5
Hyundai,Creta 1.6,2017,Diesel,Manual,Second Owner,27000,19.67,1582.0,126.2,11.5
Mahindra,KUV 100,2018,Petrol,Manual,First Owner,60000,18.15,1198.0,82.0,5.0
Maruti,Wagon R,2011,Petrol,Manual,First Owner,139000,18.9,998.0,67.1,2.46
Maruti,Eeco CNG,2017,CNG,Manual,First Owner,60000,21.94,1196.0,61.7,4.0
Maruti,800 AC,2008,Petrol,Manual,Second Owner,10000,16.1,796.0,37.0,0.65
Ford,Ecosport 1.5,2016,Diesel,Manual,First Owner,30000,21.7,1498.0,98.96,7.25
Hyundai,Verna 1.6,2014,Diesel,Automatic,First Owner,125000,22.32,1582.0,126.32,7.36
Maruti,Swift Dzire,2018,Diesel,Manual,First Owner,45000,28.4,1248.0,74.02,7.0
Chevrolet,Spark 1.0,2011,Petrol,Manual,First Owner,30000,18.0,995.0,62.0,1.5
Maruti,Alto LXi,2010,Petrol,Manual,Second Owner,80500,19.7,796.0,46.3,1.8
Toyota,Etios Liva,2014,Diesel,Manual,First Owner,200000,23.59,1364.0,67.04,4.1
Mahindra,Bolero 2011-2019,2013,Diesel,Manual,First Owner,60000,15.96,2523.0,62.1,5.5
Maruti,800 AC,2004,Petrol,Manual,Second Owner,18000,16.1,796.0,37.0,0.5
Maruti,Zen D,2006,Diesel,Manual,Second Owner,110000,20.8,1527.0,58.0,0.8
Maruti,Alto LX,2005,Petrol,Manual,Second Owner,90000,19.7,796.0,46.3,1.1
Honda,City 2017-2020,2006,Petrol,Manual,Second Owner,120000,17.7,1497.0,78.0,1.8
Maruti,Swift Dzire,2017,Diesel,Manual,First Owner,127000,28.4,1248.0,74.02,6.05
Maruti,Ertiga SHVS,2017,Diesel,Manual,First Owner,70000,24.52,1248.0,88.5,8.0
Hyundai,i20 1.4,2011,Diesel,Manual,First Owner,116500,23.0,1396.0,90.0,3.5
Hyundai,i20 Sportz,2012,Petrol,Manual,First Owner,120000,18.5,1197.0,82.85,3.0
Hyundai,Verna Xi,2008,Petrol,Manual,Fourth & Above Owner,100000,13.9,1599.0,103.2,1.6
Ford,Figo Diesel,2011,Diesel,Manual,Second Owner,90000,20.0,1399.0,68.0,2.25
Audi,Q7 3.0,2009,Diesel,Automatic,Third Owner,120000,12.07,2967.0,241.4,10.25
Tata,Hexa XTA,2017,Diesel,Automatic,First Owner,40000,17.6,2179.0,153.86,13.0
Volkswagen,Ameo 1.5,2018,Diesel,Manual,First Owner,18000,21.66,1498.0,108.62,5.6
Maruti,Vitara Brezza,2017,Diesel,Manual,First Owner,70000,24.3,1248.0,88.5,6.5
Mahindra,XUV500 W7,2018,Diesel,Manual,First Owner,29000,15.1,2179.0,152.87,11.5
Maruti,Baleno Delta,2016,Petrol,Manual,First Owner,65755,21.4,1197.0,83.1,4.8
Ford,EcoSport 1.5,2019,Diesel,Manual,First Owner,2600,23.0,1498.0,98.96,9.6
Mahindra,XUV500 AT,2017,Diesel,Automatic,First Owner,46000,16.0,2179.0,140.0,10.5
Hyundai,EON Era,2017,Petrol,Manual,Second Owner,15000,21.1,814.0,55.2,3.1
Maruti,Swift Dzire,2014,Diesel,Manual,First Owner,60000,23.4,1248.0,74.0,5.0
Maruti,Alto K10,2017,Petrol,Automatic,First Owner,15500,23.95,998.0,67.1,3.5
Honda,Amaze S,2015,Diesel,Manual,First Owner,120000,25.8,1498.0,98.6,3.65
Mitsubishi,Lancer 2.0,2008,Diesel,Manual,Third Owner,120000,14.8,1998.0,68.0,1.65
Tata,Spacio Gold-10/6,2007,Diesel,Manual,Third Owner,120000,14.6,2956.0,63.0,1.0
Mahindra,Bolero SLX,2007,Diesel,Manual,Second Owner,80000,13.6,2523.0,63.0,2.4
Mahindra,Marazzo M2,2019,Diesel,Manual,First Owner,40000,17.3,1497.0,121.0,9.25
Ford,Figo Aspire,2018,Petrol,Manual,First Owner,15000,18.16,1196.0,86.8,5.9
Tata,Aria Pride,2013,Diesel,Manual,Second Owner,110000,13.7,2179.0,138.1,5.25
Toyota,Innova 2.5,2014,Diesel,Manual,Second Owner,80000,12.99,2494.0,100.6,7.2
Renault,Duster 110PS,2017,Diesel,Automatic,First Owner,50000,19.6,1461.0,108.45,8.5
Mahindra,Scorpio VLS,2010,Diesel,Automatic,First Owner,110000,11.79,2179.0,120.0,4.9
Honda,Amaze S,2013,Diesel,Manual,First Owner,100000,25.8,1498.0,98.6,3.25
Hyundai,Verna CRDi,2019,Diesel,Automatic,First Owner,20000,22.0,1582.0,126.2,12.0
Mahindra,Bolero 2011-2019,2012,Diesel,Manual,First Owner,135000,15.96,2523.0,62.1,4.5
Tata,Indigo CS,2014,Diesel,Manual,First Owner,50700,19.09,1405.0,69.01,3.0
Volkswagen,Polo Diesel,2013,Diesel,Manual,Second Owner,70000,22.07,1199.0,73.9,3.65
Mercedes-Benz,New C-Class,2007,Petrol,Automatic,First Owner,120000,11.7,1796.0,178.0,5.0
Toyota,Innova 2.5,2014,Diesel,Manual,Second Owner,112000,12.99,2494.0,100.6,9.0
Hyundai,Grand i10,2018,Diesel,Manual,First Owner,35000,24.0,1186.0,73.97,7.0
Renault,Duster 110PS,2017,Diesel,Manual,First Owner,50000,19.6,1461.0,108.45,8.8
Toyota,Innova 2.5,2014,Diesel,Manual,Third Owner,121000,12.99,2494.0,100.6,7.0
Mahindra,Scorpio 2009-2014,2009,Diesel,Manual,Second Owner,120000,12.05,2179.0,120.0,3.8
Toyota,Corolla H2,2006,Petrol,Manual,Third Owner,90000,13.4,1794.0,125.0,1.5
Maruti,Zen Estilo,2014,CNG,Manual,Second Owner,70000,26.3,998.0,67.1,2.35
Renault,KWID 1.0,2018,Petrol,Manual,First Owner,20000,23.01,999.0,67.0,3.2
Renault,Duster 85PS,2015,Diesel,Manual,First Owner,60000,20.45,1461.0,83.8,5.5
BMW,5 Series,2016,Diesel,Automatic,First Owner,40000,18.12,1995.0,190.0,32.0
Mahindra,TUV 300,2017,Diesel,Manual,First Owner,60000,18.49,1493.0,100.0,6.45
Maruti,Wagon R,2015,Petrol,Manual,First Owner,110000,20.51,998.0,67.04,3.0
Hyundai,i20 Active,2016,Diesel,Manual,First Owner,152000,21.19,1396.0,88.73,5.8
Hyundai,i20 1.2,2011,Petrol,Manual,Fourth & Above Owner,220000,17.0,1197.0,80.0,2.2
Mahindra,Bolero 2011-2019,2013,Diesel,Manual,First Owner,70000,15.96,2523.0,62.1,4.51
Tata,Nexon 1.2,2018,Petrol,Manual,First Owner,50000,17.0,1198.0,108.5,8.5
Maruti,Swift Dzire,2011,Diesel,Manual,First Owner,125000,19.3,1248.0,73.9,3.0
Ford,Figo 1.2P,2016,Petrol,Manual,First Owner,60000,18.16,1196.0,86.8,3.5
Maruti,Eeco CNG,2014,CNG,Manual,First Owner,90000,21.94,1196.0,63.0,3.0
Maruti,Eeco CNG,2017,CNG,Manual,First Owner,30000,21.94,1196.0,63.0,3.9
Toyota,Innova 2.5,2016,Diesel,Manual,First Owner,90000,12.99,2494.0,100.6,12.0
Volkswagen,Ameo 1.2,2017,Petrol,Manual,First Owner,20000,17.0,1198.0,73.75,5.5
Maruti,Swift VDI,2012,Diesel,Manual,Third Owner,110000,22.9,1248.0,74.0,3.0
Volkswagen,Vento Diesel,2012,Diesel,Manual,Second Owner,150000,20.54,1598.0,103.6,3.0
Hyundai,i20 1.4,2012,Diesel,Manual,First Owner,110000,23.0,1396.0,90.0,3.5
Hyundai,Creta 1.6,2015,Diesel,Manual,Second Owner,120000,19.67,1582.0,126.2,8.8
Hyundai,Accent Executive,2010,CNG,Manual,Second Owner,120000,13.2,1495.0,93.7,1.6
Tata,Sumo GX,2012,Diesel,Manual,Fourth & Above Owner,80000,15.3,2956.0,83.8,2.5
Hyundai,i20 Active,2016,Diesel,Manual,First Owner,110000,21.19,1396.0,88.73,6.6
Tata,Zest Revotron,2015,Petrol,Manual,First Owner,40000,17.57,1193.0,88.7,4.5
Volkswagen,Polo GT,2012,Diesel,Manual,Second Owner,110000,19.7,1598.0,103.6,4.0
Mahindra,Scorpio S7,2019,Diesel,Manual,First Owner,20000,16.36,2179.0,120.0,13.0
Ford,Figo Diesel,2013,Diesel,Manual,First Owner,230000,20.0,1399.0,68.1,2.3
Chevrolet,Beat LT,2010,Petrol,Manual,First Owner,60000,18.6,1199.0,79.4,1.4
Maruti,Zen Estilo,2012,Petrol,Manual,Second Owner,35000,19.0,998.0,67.1,1.95
Hyundai,i20 Active,2015,Petrol,Manual,First Owner,45000,17.19,1197.0,81.86,5.0
Tata,Nano Cx,2012,Petrol,Manual,First Owner,45000,25.4,624.0,38.0,0.6
Tata,Zest Revotron,2016,Petrol,Manual,First Owner,25000,17.57,1193.0,88.7,4.0
Hyundai,i20 Magna,2014,Petrol,Manual,First Owner,10000,18.6,1197.0,81.83,4.0
Maruti,Wagon R,2018,Petrol,Manual,First Owner,19000,20.51,998.0,67.04,3.8
Maruti,Baleno Delta,2019,Petrol,Manual,First Owner,10000,21.4,1197.0,83.1,5.79
Mahindra,KUV 100,2019,Petrol,Manual,First Owner,25000,18.15,1198.0,82.0,4.0
Hyundai,i10 Magna,2012,Petrol,Manual,First Owner,30000,20.36,1197.0,78.9,2.7
Mahindra,Bolero 2011-2019,2014,Diesel,Manual,First Owner,90000,15.96,2523.0,62.1,5.0
Tata,Tiago 1.2,2017,Petrol,Manual,First Owner,20000,23.84,1199.0,84.0,4.75
Nissan,Terrano XL,2018,Diesel,Manual,First Owner,48000,19.87,1461.0,83.14,8.5
Mahindra,Scorpio 2006-2009,2009,Diesel,Manual,First Owner,120000,12.05,2179.0,120.0,4.75
Maruti,Swift Dzire,2012,Diesel,Manual,Second Owner,210000,19.3,1248.0,73.9,3.7
Hyundai,i10 Magna,2010,Petrol,Manual,Second Owner,200400,19.81,1086.0,68.05,1.87
Hyundai,i10 Magna,2008,Petrol,Manual,Second Owner,110000,20.36,1197.0,78.9,1.95
Tata,Safari DICOR,2014,Diesel,Manual,First Owner,38000,13.93,2179.0,138.03,4.6
Toyota,Corolla AE,2004,Petrol,Manual,Second Owner,90000,13.4,1794.0,125.0,1.35
Maruti,Ertiga SHVS,2017,Diesel,Manual,First Owner,43000,24.52,1248.0,88.5,8.5
Hyundai,Santro Asta,2018,Petrol,Manual,First Owner,25000,20.3,1086.0,68.0,5.0
Maruti,Wagon R,2016,Petrol,Manual,Second Owner,26000,20.51,998.0,67.04,3.85
Hyundai,Verna CRDi,2006,Diesel,Manual,Second Owner,120000,16.8,1493.0,110.0,1.35
Maruti,Alto LXi,2008,Petrol,Manual,Third Owner,70000,19.7,796.0,46.3,1.2
Honda,Accord VTi-L,2006,Petrol,Manual,Third Owner,60000,11.9,2354.0,144.0,2.0
Tata,New Safari,2007,Diesel,Manual,Second Owner,120000,13.93,2956.0,138.1,2.0
Maruti,Ciaz ZXi,2016,Petrol,Manual,First Owner,20000,20.73,1373.0,91.1,7.0
Tata,Indigo CR4,2013,Diesel,Manual,First Owner,25000,23.57,1396.0,70.0,2.9
Maruti,Swift Dzire,2017,Diesel,Manual,First Owner,60000,28.4,1248.0,74.02,7.25
Tata,Sumo EX,2008,Diesel,Manual,First Owner,80000,12.2,1948.0,68.0,2.0
Maruti,Omni E,2014,Petrol,Manual,First Owner,80000,16.8,796.0,34.2,1.55
Honda,Amaze S,2019,Petrol,Manual,First Owner,1303,17.8,1198.0,86.7,6.9
Audi,Q5 35TDI,2018,Diesel,Automatic,First Owner,31800,17.01,1968.0,188.0,39.75
Lexus,ES 300h,2019,Petrol,Automatic,First Owner,20000,22.37,2487.0,214.56,51.5
Jaguar,XF 2.0,2017,Diesel,Automatic,First Owner,45000,19.33,1999.0,177.0,32.0
Jeep,Wrangler 2016-2019,2017,Petrol,Automatic,First Owner,17000,9.5,3604.0,280.0,41.0
Toyota,Camry 2.5,2016,Petrol,Automatic,First Owner,68089,19.16,2494.0,157.7,20.0
Honda,Jazz VX,2016,Petrol,Manual,First Owner,56494,18.2,1199.0,88.7,5.5
Toyota,Innova 2.5,2013,Diesel,Manual,Second Owner,79328,12.99,2494.0,100.6,7.5
BMW,X4 M,2019,Diesel,Automatic,First Owner,7500,16.78,1995.0,190.0,54.0
BMW,X4 M,2019,Diesel,Automatic,First Owner,8500,16.78,1995.0,190.0,55.0
Honda,Amaze V,2019,Petrol,Automatic,First Owner,7032,19.0,1199.0,88.76,7.79
Volvo,V40 D3,2018,Diesel,Automatic,First Owner,2000,16.8,1984.0,150.0,24.75
Mercedes-Benz,E-Class Exclusive,2019,Petrol,Automatic,First Owner,17000,15.0,1991.0,194.4,52.0
Land,Rover Discovery,2019,Diesel,Automatic,First Owner,21000,12.83,1999.0,148.31,45.0
Mercedes-Benz,S-Class S,2017,Diesel,Automatic,First Owner,37000,13.5,2987.0,254.79,60.0
BMW,5 Series,2018,Diesel,Automatic,First Owner,10000,22.48,1995.0,187.74,40.0
Hyundai,Venue SX,2019,Petrol,Automatic,First Owner,3500,18.15,998.0,118.35,11.25
Audi,A4 35,2016,Diesel,Automatic,First Owner,46000,18.25,1968.0,187.74,18.99
Honda,CR-V 2.4L,2017,Petrol,Automatic,First Owner,52000,12.0,2354.0,187.4,16.5
Maruti,Swift VXI,2011,Petrol,Manual,Second Owner,20000,18.6,1197.0,85.8,2.8
Tata,Tigor 1.2,2019,Petrol,Manual,First Owner,25000,20.3,1199.0,84.0,4.5
Maruti,Esteem LX,2006,Petrol,Manual,Second Owner,70000,15.9,1298.0,85.0,1.35
Mahindra,XUV500 W4,2014,Diesel,Manual,First Owner,40000,15.1,2179.0,140.0,6.5
Maruti,Baleno Delta,2020,Petrol,Manual,First Owner,7300,21.01,1197.0,81.8,6.5
Maruti,Ciaz 1.3,2018,Diesel,Manual,First Owner,25000,28.09,1248.0,88.5,7.5
Maruti,Alto LXi,2010,Petrol,Manual,First Owner,100000,19.7,796.0,46.3,1.5
Mahindra,KUV 100,2017,Diesel,Manual,First Owner,35000,25.32,1198.0,77.0,5.0
Hyundai,Verna 1.6,2013,Diesel,Manual,Second Owner,80000,22.32,1582.0,126.32,4.25
Hyundai,i10 Magna,2010,Petrol,Manual,First Owner,60000,20.36,1197.0,78.9,2.6
Volkswagen,Polo 1.5,2014,Diesel,Manual,Second Owner,110000,20.14,1498.0,88.8,4.0
Hyundai,i20 2015-2017,2017,Diesel,Manual,Second Owner,70000,22.54,1396.0,88.73,5.75
Hyundai,Santro Xing,2008,Petrol,Manual,First Owner,40000,0.0,1086.0,62.0,1.75
Maruti,SX4 Green,2010,CNG,Manual,Second Owner,90000,21.4,1586.0,103.3,2.5
Volkswagen,Polo GT,2012,Diesel,Manual,First Owner,95000,19.7,1598.0,103.6,4.0
Mahindra,Bolero SLX,2011,Diesel,Manual,Second Owner,200000,13.6,2523.0,63.0,3.5
Maruti,Swift VDI,2015,Diesel,Manual,First Owner,30000,25.2,1248.0,74.0,4.85
Maruti,Swift VDI,2015,Diesel,Manual,First Owner,30000,25.2,1248.0,74.0,4.85
Volkswagen,CrossPolo 1.5,2013,Diesel,Manual,Second Owner,70000,20.14,1498.0,88.5,3.5
Toyota,Fortuner 4x2,2014,Diesel,Automatic,Second Owner,80000,12.55,2982.0,168.7,14.0
Maruti,Swift Dzire,2012,Diesel,Manual,Third Owner,100000,19.3,1248.0,73.9,2.5
Maruti,Swift Dzire,2017,Diesel,Manual,First Owner,70000,28.4,1248.0,74.02,6.55
Honda,Jazz 1.5,2016,Diesel,Manual,First Owner,30000,27.3,1498.0,98.6,5.0
Chevrolet,Beat LS,2016,Petrol,Manual,First Owner,15000,18.6,1199.0,76.8,3.0
Ford,Figo Aspire,2018,Diesel,Manual,First Owner,21000,25.83,1498.0,99.0,6.5
Maruti,Wagon R,2014,Petrol,Manual,First Owner,35000,20.52,1197.0,81.8,3.0
Honda,Jazz 1.2,2016,Petrol,Manual,First Owner,25000,18.7,1199.0,88.7,4.75
Tata,Tiago 1.2,2017,Petrol,Manual,First Owner,30000,23.84,1199.0,84.0,4.5
Maruti,Swift Dzire,2019,Diesel,Manual,First Owner,10000,28.4,1248.0,74.02,7.54
Hyundai,i10 Sportz,2013,Petrol,Manual,First Owner,40000,20.36,1197.0,78.9,3.0
Hyundai,EON Magna,2014,Petrol,Manual,First Owner,25000,21.1,814.0,55.2,2.5
Maruti,Swift Dzire,2018,Diesel,Manual,First Owner,15000,28.4,1248.0,74.02,7.25
Maruti,Alto LXi,2008,Petrol,Manual,First Owner,70000,19.7,796.0,46.3,0.95
Hyundai,Santro Sportz,2018,Petrol,Manual,First Owner,7800,20.3,1086.0,68.0,4.75
Tata,Safari Storme,2014,Diesel,Manual,First Owner,55000,14.0,2179.0,138.1,5.75
Tata,Tiago 1.2,2016,Petrol,Manual,First Owner,30000,23.84,1199.0,84.0,3.5
Mahindra,Bolero 2011-2019,2013,Diesel,Manual,Second Owner,125000,15.96,2523.0,62.1,3.3
Maruti,Swift VXI,2016,Petrol,Manual,First Owner,50000,20.4,1197.0,81.8,4.82
Ford,EcoSport 1.5,2017,Diesel,Manual,Fourth & Above Owner,40000,22.77,1498.0,98.59,6.25
Tata,Tiago 1.2,2017,Petrol,Manual,First Owner,30000,23.84,1199.0,84.0,3.8
Chevrolet,Beat LT,2016,Petrol,Manual,First Owner,30000,18.6,1199.0,76.8,3.1
Maruti,Swift Dzire,2009,Petrol,Manual,First Owner,35000,17.5,1298.0,85.8,2.8
Renault,Duster Petrol,2018,Petrol,Automatic,First Owner,30000,14.99,1498.0,104.5,9.0
Maruti,Wagon R,2010,Petrol,Manual,First Owner,60000,18.9,1061.0,67.0,2.5
Hyundai,Verna 1.6,2017,Petrol,Manual,First Owner,39000,17.01,1591.0,121.3,7.5
Renault,KWID 1.0,2019,Petrol,Manual,First Owner,15000,23.01,999.0,67.0,4.2
Honda,Amaze S,2019,Petrol,Manual,First Owner,5000,19.5,1199.0,88.76,6.7
Hyundai,i10 Magna,2016,Petrol,Manual,Second Owner,9750,19.81,1086.0,68.05,4.2
Toyota,Innova Crysta,2016,Diesel,Manual,First Owner,110000,13.68,2393.0,147.8,18.0
Honda,WR-V i-VTEC,2018,Petrol,Manual,First Owner,35000,17.5,1199.0,88.7,9.0
Mahindra,XUV500 W6,2015,Diesel,Manual,First Owner,10000,15.1,2179.0,140.0,12.0
Mahindra,Scorpio 2.6,2003,Diesel,Manual,Third Owner,157138,10.5,2179.0,120.0,1.95
Hyundai,Verna CRDi,2007,Diesel,Manual,Fourth & Above Owner,120000,16.8,1493.0,110.0,1.85
Hyundai,i10 Magna,2008,Petrol,Manual,Fourth & Above Owner,110000,19.81,1086.0,68.05,1.85
Mahindra,XUV500 W9,2018,Diesel,Manual,First Owner,46000,15.1,2179.0,152.87,15.25
Maruti,Swift VXI,2006,Petrol,Manual,Third Owner,102000,16.1,1298.0,88.2,2.15
Maruti,Alto 800,2015,Petrol,Manual,Second Owner,50000,22.74,796.0,47.3,2.1
Toyota,Innova Crysta,2016,Diesel,Manual,Second Owner,110000,13.68,2393.0,147.8,17.0
Toyota,Innova 2.5,2009,Diesel,Manual,Third Owner,285000,12.8,2494.0,102.0,5.3
Honda,City i,2015,Petrol,Manual,First Owner,50000,17.4,1497.0,117.3,8.0
Maruti,Swift VDI,2014,Diesel,Manual,Second Owner,70000,25.2,1248.0,74.0,5.7
Maruti,SX4 VDI,2012,Diesel,Manual,Second Owner,120000,21.5,1248.0,88.8,3.5
Hyundai,i20 1.4,2011,Diesel,Manual,Second Owner,93000,21.9,1396.0,90.0,3.5
Mahindra,Bolero Power,2018,Diesel,Manual,First Owner,50000,16.5,1493.0,70.0,7.5
Maruti,Eeco 7,2011,Petrol,Manual,Second Owner,100000,15.37,1196.0,73.0,1.6
Tata,Indigo CS,2010,Diesel,Manual,Third Owner,70000,15.7,1405.0,70.0,1.5
Hyundai,Grand i10,2019,Petrol,Manual,First Owner,5000,18.9,1197.0,81.86,5.62
Hyundai,i10 Magna,2012,Petrol,Manual,First Owner,27000,20.36,1197.0,78.9,2.9
Mahindra,XUV500 W6,2014,Diesel,Manual,Second Owner,122000,15.1,2179.0,140.0,6.0
Hyundai,Xcent 1.1,2015,Diesel,Manual,Second Owner,74000,24.4,1120.0,71.0,4.01
Maruti,Swift Dzire,2019,Petrol,Automatic,First Owner,6500,21.21,1197.0,81.8,7.5
Mahindra,Bolero SLX,2007,Diesel,Manual,Second Owner,80000,13.6,2523.0,63.0,2.4
Maruti,Alto K10,2012,Petrol,Manual,First Owner,50000,20.92,998.0,67.1,2.3
Mahindra,Bolero 2011-2019,2013,Diesel,Manual,First Owner,50000,15.96,2523.0,62.1,5.0
Maruti,Gypsy King,2010,Petrol,Manual,First Owner,80000,11.96,1298.0,80.0,3.5
Datsun,RediGO T,2018,Petrol,Manual,First Owner,25000,22.7,799.0,53.64,2.17
Nissan,Sunny XL,2018,Diesel,Manual,First Owner,35000,22.71,1461.0,84.8,6.7
Maruti,Alto K10,2011,Petrol,Manual,First Owner,30000,20.92,998.0,67.1,2.25
Maruti,Vitara Brezza,2020,Petrol,Automatic,First Owner,10000,18.76,1462.0,103.26,7.37
Maruti,Celerio LXI,2014,Petrol,Manual,First Owner,80000,23.1,998.0,67.04,3.0
Tata,Indigo LX,2008,Diesel,Manual,First Owner,120000,17.0,1405.0,70.0,0.85
Hyundai,Verna Transform,2010,Diesel,Manual,Second Owner,120000,16.2,1493.0,110.0,1.95
Honda,WR-V i-DTEC,2017,Diesel,Manual,First Owner,127991,25.5,1498.0,98.6,6.75
Mitsubishi,Lancer 2.0,1999,Diesel,Manual,Second Owner,198000,14.8,1998.0,68.0,1.5
Tata,Indigo eCS,2010,Petrol,Manual,First Owner,65000,15.64,1193.0,64.1,2.9
Maruti,Ciaz 1.3,2018,Diesel,Manual,First Owner,20000,28.09,1248.0,88.5,8.89
Volkswagen,Ameo 1.2,2016,Petrol,Manual,First Owner,60000,17.0,1198.0,73.75,4.0
Renault,KWID RXT,2018,Petrol,Manual,First Owner,13120,25.17,799.0,53.3,3.9
Jeep,Compass 2.0,2017,Diesel,Manual,First Owner,87500,17.1,1956.0,170.0,15.5
Hyundai,Verna 1.6,2014,Diesel,Manual,First Owner,125000,22.32,1582.0,126.32,6.0
Hyundai,Elite i20,2018,Petrol,Automatic,First Owner,25000,17.4,1197.0,81.86,8.0
Maruti,Ertiga ZDI,2013,Diesel,Manual,Third Owner,120000,20.77,1248.0,88.8,6.0
Hyundai,Verna 1.6,2015,Petrol,Manual,First Owner,35000,17.01,1591.0,121.3,7.95
Hyundai,i20 Asta,2016,Diesel,Manual,First Owner,25000,22.54,1396.0,88.73,7.35
Skoda,Octavia L,2005,Diesel,Manual,Third Owner,120000,16.4,1896.0,90.0,2.5
Renault,KWID AMT,2018,Petrol,Automatic,First Owner,25000,24.04,999.0,67.0,4.0
Mahindra,Xylo D2,2014,Diesel,Manual,First Owner,140000,14.0,2489.0,95.0,3.95
Hyundai,Accent CRDi,2005,Diesel,Manual,Second Owner,79000,13.1,1493.0,82.0,1.3
Renault,Lodgy 85PS,2015,Diesel,Manual,First Owner,125000,21.04,1461.0,83.8,6.0
Hyundai,i20 Active,2016,Diesel,Manual,First Owner,80000,21.19,1396.0,88.73,7.2
Honda,City S,2011,Petrol,Manual,Third Owner,110000,16.8,1497.0,116.4,4.5
Hyundai,Verna Transform,2010,Diesel,Manual,Second Owner,80000,16.2,1493.0,110.0,2.2
Hyundai,Verna 1.6,2014,Diesel,Manual,Second Owner,100000,22.32,1582.0,126.32,5.45
Volkswagen,Vento Diesel,2011,Diesel,Manual,Second Owner,100000,20.54,1598.0,103.6,3.7
Mahindra,Bolero LX,2010,Diesel,Manual,First Owner,78000,13.6,2523.0,63.0,4.5
Hyundai,i20 Petrol,2018,Petrol,Automatic,First Owner,15000,17.4,1197.0,81.86,7.5
Mahindra,Scorpio S10,2015,Diesel,Manual,First Owner,70000,15.4,2179.0,120.0,11.0
Maruti,Baleno Alpha,2019,Petrol,Manual,First Owner,5000,21.4,1197.0,83.1,7.11
Maruti,Alto K10,2016,Petrol,Manual,First Owner,75000,23.95,998.0,67.05,2.85
Maruti,Baleno Alpha,2020,Petrol,Manual,First Owner,5500,21.01,1197.0,81.8,7.49
Renault,Duster 110PS,2016,Diesel,Manual,Second Owner,80000,19.64,1461.0,108.45,5.5
Maruti,Swift Dzire,2010,Diesel,Manual,Second Owner,120000,19.3,1248.0,73.9,3.0
Maruti,Baleno Sigma,2017,Diesel,Manual,First Owner,70000,27.39,1248.0,74.0,6.25
Hyundai,i20 Active,2017,Petrol,Manual,Second Owner,80000,17.19,1197.0,81.86,6.5
Hyundai,Verna 1.6,2014,Diesel,Manual,Third Owner,120000,22.32,1582.0,126.32,5.75
Maruti,Swift Dzire,2016,Diesel,Manual,Second Owner,75000,26.59,1248.0,74.0,6.31
Hyundai,Verna Transform,2010,Diesel,Manual,Second Owner,80000,16.2,1493.0,110.0,2.2
Tata,Tigor 1.2,2017,Petrol,Manual,Second Owner,40000,20.3,1199.0,84.0,6.0
Ford,Fiesta Diesel,2012,Diesel,Manual,First Owner,120000,23.5,1498.0,88.7,3.9
Mahindra,Scorpio 2.6,2007,Diesel,Manual,Fourth & Above Owner,110000,12.7,2609.0,116.6,3.75
Hyundai,i20 Asta,2010,Diesel,Manual,First Owner,110000,23.0,1396.0,90.0,3.4
Tata,Tiago 2019-2020,2019,Diesel,Manual,First Owner,2000,27.28,1047.0,69.0,6.7
Maruti,Swift Dzire,2014,Diesel,Manual,Second Owner,80000,23.4,1248.0,74.0,5.3
Maruti,Alto K10,2015,Petrol,Automatic,Second Owner,38000,23.95,998.0,67.05,3.5
Maruti,Celerio ZXI,2014,Petrol,Manual,First Owner,46000,21.63,998.0,67.04,4.15
Maruti,Ertiga 1.5,2014,Diesel,Manual,First Owner,102000,24.2,1498.0,93.87,7.0
BMW,X1 sDrive20d,2012,Diesel,Automatic,Second Owner,96000,19.62,1998.0,190.0,9.25
Renault,KWID 1.0,2017,Petrol,Automatic,First Owner,20000,22.0,999.0,67.0,3.75
Maruti,Swift Dzire,2015,Petrol,Manual,First Owner,16000,19.1,1197.0,85.8,5.75
Hyundai,i20 1.2,2013,Petrol,Manual,First Owner,23000,17.0,1197.0,80.0,4.25
Ford,Figo 1.2P,2011,Petrol,Manual,First Owner,25000,18.16,1196.0,86.8,2.45
Hyundai,Verna SX,2015,Petrol,Manual,Second Owner,35000,17.7,1497.0,113.42,5.4
Mercedes-Benz,New C-Class,2011,Diesel,Automatic,First Owner,90000,14.94,2143.0,204.0,10.0
Hyundai,i10 Sportz,2013,Petrol,Manual,First Owner,37000,20.36,1197.0,78.9,2.91
Maruti,Baleno Delta,2017,Petrol,Manual,Second Owner,34000,21.4,1197.0,83.1,6.0
Hyundai,Verna SX,2012,Petrol,Manual,First Owner,60000,17.7,1497.0,113.42,3.55
Hyundai,i10 Magna,2010,Petrol,Manual,First Owner,50000,20.36,1197.0,78.9,2.25
Chevrolet,Enjoy 1.4,2013,Petrol,Manual,First Owner,37000,13.7,1399.0,98.79,3.5
Maruti,Alto 800,2012,Petrol,Manual,Second Owner,38000,24.7,796.0,47.3,2.0
Hyundai,Verna SX,2012,Petrol,Manual,First Owner,57000,17.7,1497.0,113.42,4.35
Hyundai,i20 1.2,2014,Petrol,Manual,First Owner,62200,17.0,1197.0,80.0,4.4
Maruti,Ritz VDi,2013,Diesel,Manual,First Owner,77000,21.1,1248.0,73.9,3.9
Maruti,800 Std,1997,Petrol,Manual,Second Owner,110000,16.1,796.0,37.0,0.5
Maruti,Swift Dzire,2012,Petrol,Manual,First Owner,30000,17.5,1197.0,85.8,4.5
Maruti,Alto LXi,2009,Petrol,Manual,Third Owner,60000,19.7,796.0,46.3,1.25
Mahindra,Scorpio S4,2014,Diesel,Manual,First Owner,25000,15.4,2179.0,120.0,9.99
Tata,Sumo EX,2005,Diesel,Manual,First Owner,188000,12.3,1948.0,90.0,2.25
Maruti,Alto STD,2010,Petrol,Manual,Third Owner,150000,19.7,796.0,46.3,0.85
Hyundai,EON Sportz,2012,Petrol,Manual,First Owner,40000,21.1,814.0,55.2,1.5
Renault,Duster Adventure,2014,Diesel,Manual,First Owner,120000,19.01,1461.0,108.45,5.0
Hyundai,i10 Sportz,2011,Petrol,Manual,Third Owner,70000,20.36,1197.0,78.9,2.2
Mahindra,Scorpio S4,2014,Diesel,Manual,First Owner,25000,15.4,2179.0,120.0,9.99
Hyundai,Creta 1.4,2017,Diesel,Manual,First Owner,60000,21.38,1396.0,88.7,9.57
Toyota,Innova 2.5,2006,Diesel,Manual,First Owner,250000,12.8,2494.0,102.0,10.5
Datsun,RediGO 1.0,2018,Petrol,Manual,First Owner,35000,22.5,999.0,67.0,3.2
Maruti,Alto K10,2016,Petrol,Manual,First Owner,15000,23.95,998.0,67.05,3.0
Maruti,Swift VDi,2010,Diesel,Manual,First Owner,98000,17.8,1248.0,75.0,2.7
Hyundai,Accent Executive,2011,Petrol,Manual,Third Owner,62000,16.36,1495.0,93.7,1.7
Chevrolet,Cruze LTZ,2010,Diesel,Manual,Second Owner,90000,18.3,1991.0,147.9,2.7
Chevrolet,Beat LS,2013,Petrol,Manual,Second Owner,110000,18.6,1199.0,79.4,1.4
Hyundai,i10 Magna,2010,Petrol,Manual,Third Owner,90000,20.36,1197.0,78.9,1.7
Mahindra,Marazzo M8,2019,Diesel,Manual,First Owner,10000,17.3,1497.0,121.0,14.5
Mahindra,XUV300 W8,2019,Diesel,Manual,First Owner,25000,20.0,1497.0,115.0,12.0
Hyundai,Elite i20,2019,Diesel,Manual,First Owner,13000,22.54,1396.0,88.76,8.34
Tata,Tiago 1.05,2017,Diesel,Manual,First Owner,80000,27.28,1047.0,69.0,4.5
Volkswagen,Polo 1.5,2014,Diesel,Manual,Third Owner,40000,20.14,1498.0,88.8,5.75
Maruti,Swift Dzire,2019,Diesel,Manual,First Owner,20000,28.4,1248.0,74.02,9.0
Maruti,800 AC,2008,LPG,Manual,Third Owner,87540,16.6,796.0,35.5,1.49
Chevrolet,Spark 1.0,2007,LPG,Manual,Third Owner,84000,16.0,995.0,60.0,1.0
Skoda,Fabia 1.2L,2011,Diesel,Manual,Third Owner,160000,20.86,1199.0,75.0,3.25
Volkswagen,Vento Diesel,2012,Diesel,Manual,Second Owner,100000,20.54,1598.0,103.6,4.0
Hyundai,EON 1.0,2017,Petrol,Manual,Second Owner,35000,20.3,998.0,68.05,2.5
Chevrolet,Optra Magnum,2010,Petrol,Manual,Second Owner,60000,12.9,1598.0,102.5,2.25
Ford,Fiesta Classic,2012,Diesel,Manual,First Owner,70000,18.6,1388.0,67.0,3.0
Fiat,Avventura Power,2015,Diesel,Manual,Second Owner,60000,20.5,1248.0,91.72,4.6
Ford,EcoSport 1.5,2016,Diesel,Manual,Second Owner,35000,22.77,1498.0,98.59,8.25
Tata,Indica Vista,2012,Diesel,Manual,Second Owner,231438,18.4,1248.0,75.0,1.5
Maruti,Baleno Alpha,2016,Diesel,Manual,First Owner,71000,27.39,1248.0,74.0,7.1
Maruti,Ritz VDi,2016,Diesel,Manual,First Owner,70000,23.2,1248.0,73.94,4.25
Maruti,800 Std,2007,Petrol,Manual,First Owner,80000,16.1,796.0,37.0,0.45
Mahindra,Bolero SLX,2011,Diesel,Manual,Second Owner,239451,13.6,2523.0,63.0,3.8
Maruti,Ritz VDi,2009,Diesel,Manual,First Owner,90000,21.1,1248.0,73.9,2.4
Hyundai,Creta 1.6,2016,Diesel,Manual,First Owner,154000,19.67,1582.0,126.2,11.5
Renault,Duster 110PS,2013,Diesel,Manual,Second Owner,109000,19.64,1461.0,108.45,5.2
Maruti,Swift Dzire,2016,Diesel,Manual,Second Owner,120000,26.59,1248.0,74.0,6.75
Maruti,Wagon R,2012,CNG,Manual,Third Owner,100000,26.2,998.0,58.2,2.97
Tata,New Safari,2009,Diesel,Manual,First Owner,110000,11.57,2179.0,138.1,2.5
Hyundai,Accent CRDi,2005,Diesel,Manual,Second Owner,200000,13.1,1493.0,82.0,2.0
Maruti,Wagon R,2016,Petrol,Manual,Third Owner,39000,20.51,998.0,67.04,3.8
Maruti,800 AC,2005,Petrol,Manual,Fourth & Above Owner,96000,16.1,796.0,37.0,0.4
Volkswagen,Vento Konekt,2014,Diesel,Manual,First Owner,90000,20.54,1598.0,103.6,5.75
Maruti,Swift Vdi,2010,Diesel,Manual,Second Owner,135000,17.8,1248.0,75.0,3.0
Tata,Tiago 1.05,2018,Diesel,Manual,First Owner,90000,27.28,1047.0,69.0,4.5
Maruti,800 Std,2003,Petrol,Manual,Fourth & Above Owner,90000,16.1,796.0,37.0,0.45
Maruti,Swift Dzire,2017,Diesel,Manual,First Owner,35000,28.4,1248.0,74.02,7.45
Hyundai,Xcent 1.1,2016,Diesel,Manual,First Owner,120000,24.4,1120.0,71.0,5.1
Hyundai,i10 Magna,2009,Petrol,Manual,First Owner,110000,20.36,1197.0,78.9,1.42
Maruti,A-Star Vxi,2009,Petrol,Manual,First Owner,50000,19.0,998.0,66.1,1.85
Fiat,Linea Emotion,2012,Diesel,Manual,First Owner,77000,20.4,1248.0,91.7,3.0
Honda,City 2017-2020,2007,Petrol,Manual,Second Owner,120000,17.7,1497.0,78.0,2.1
Hyundai,Verna Xi,2008,Petrol,Manual,Second Owner,120000,13.9,1599.0,103.2,2.6
Maruti,Swift Dzire,2013,Diesel,Manual,Second Owner,190000,23.4,1248.0,74.0,4.3
Mahindra,Scorpio SLE,2013,Diesel,Manual,Second Owner,110000,12.05,2179.0,120.0,6.0
Ford,Figo Petrol,2010,Petrol,Manual,First Owner,30000,15.6,1196.0,70.0,4.0
Hyundai,Verna 1.4,2012,Diesel,Manual,Second Owner,182000,24.8,1396.0,88.7,4.0
Maruti,Swift Dzire,2017,Diesel,Manual,First Owner,60000,28.4,1248.0,74.02,6.69
Hyundai,Xcent 1.2,2019,Petrol,Manual,First Owner,40000,20.14,1197.0,81.86,5.1
Hyundai,i20 Asta,2016,Diesel,Manual,First Owner,112000,22.54,1396.0,88.73,6.16
Mahindra,Scorpio SLE,2013,Diesel,Manual,Second Owner,80000,12.05,2179.0,120.0,5.3
Hyundai,Verna CRDi,2010,Diesel,Manual,Second Owner,90000,16.8,1493.0,110.0,1.9
Honda,City i,2015,Diesel,Manual,Second Owner,140000,25.1,1498.0,98.6,7.0
Tata,Sumo MKII,2012,Diesel,Manual,Second Owner,188000,14.0,2179.0,120.0,2.5
Hyundai,i10 Magna,2014,Petrol,Manual,Second Owner,60000,20.36,1197.0,78.9,2.25
Hyundai,Grand i10,2017,Petrol,Manual,First Owner,30000,18.9,1197.0,81.86,4.7
Maruti,Vitara Brezza,2019,Diesel,Manual,First Owner,40000,24.3,1248.0,88.5,9.0
Chevrolet,Beat Diesel,2013,Diesel,Manual,First Owner,70000,25.44,936.0,57.6,1.7
Tata,Indigo CS,2013,Diesel,Manual,First Owner,100000,19.09,1396.0,69.0,1.4
Chevrolet,Spark 1.0,2011,Petrol,Manual,Second Owner,44000,16.0,995.0,63.0,0.95
Maruti,Ritz LXi,2016,Petrol,Manual,Second Owner,110000,18.5,1197.0,85.8,2.8
Mahindra,Scorpio 2009-2014,2012,Diesel,Manual,First Owner,215000,12.05,2179.0,120.0,4.7
Hyundai,EON Era,2011,Petrol,Manual,Second Owner,80000,21.1,814.0,55.2,1.29
Chevrolet,Beat Diesel,2012,Diesel,Manual,Second Owner,70000,25.44,936.0,57.6,1.65
Hyundai,i20 Active,2016,Petrol,Manual,First Owner,25000,17.19,1197.0,81.86,6.0
Maruti,Wagon R,2012,Petrol,Manual,First Owner,31000,18.9,998.0,67.1,2.6
Maruti,Wagon R,2005,Petrol,Manual,Third Owner,50000,18.9,998.0,67.1,0.7
Hyundai,i20 Asta,2015,Petrol,Manual,Second Owner,120000,18.6,1197.0,81.83,5.15
Ford,Figo Diesel,2012,Diesel,Manual,First Owner,60000,20.0,1399.0,68.0,2.25
Maruti,Swift Dzire,2011,Diesel,Manual,Second Owner,60000,19.3,1248.0,73.9,2.7
Tata,Safari DICOR,2011,Diesel,Manual,Third Owner,110000,13.93,2179.0,138.03,2.25
Hyundai,Verna 1.6,2012,Diesel,Manual,First Owner,70000,22.32,1582.0,126.32,4.6
Maruti,Alto LX,2009,Petrol,Manual,Second Owner,110000,19.7,796.0,46.3,1.16
Skoda,Rapid 1.5,2013,Diesel,Manual,First Owner,77300,21.14,1498.0,103.52,4.75
Mercedes-Benz,E-Class E,2013,Diesel,Automatic,First Owner,91500,10.0,2148.0,170.0,19.25
Tata,Indica V2,2011,Diesel,Manual,Second Owner,75000,25.0,1396.0,69.0,1.65
Maruti,Swift VDI,2015,Diesel,Manual,First Owner,45000,28.4,1248.0,74.0,5.5
Maruti,Vitara Brezza,2017,Diesel,Manual,First Owner,61260,24.3,1248.0,88.5,8.61
Ford,EcoSport 1.5,2019,Diesel,Manual,First Owner,26000,23.0,1498.0,98.96,10.5
Skoda,Kodiaq 2.0,2018,Diesel,Automatic,First Owner,17601,16.25,1968.0,148.0,32.51
Hyundai,i20 1.4,2017,Diesel,Manual,First Owner,43000,22.54,1396.0,88.73,7.5
Maruti,Swift ZXI,2018,Petrol,Manual,First Owner,4773,22.0,1197.0,81.8,7.3
Skoda,Rapid 1.5,2017,Diesel,Automatic,First Owner,31000,21.66,1498.0,103.52,8.6
Honda,BRV i-DTEC,2017,Diesel,Manual,First Owner,57900,21.9,1498.0,98.6,9.4
Mahindra,Marazzo M2,2019,Diesel,Manual,First Owner,8600,17.3,1497.0,121.0,10.75
Maruti,SX4 S,2016,Diesel,Manual,First Owner,52000,23.65,1248.0,88.5,7.75
Maruti,Swift ZXI,2013,Petrol,Manual,First Owner,62000,22.0,1197.0,81.8,4.11
Toyota,Innova 2.5,2012,Diesel,Manual,First Owner,155000,12.8,2494.0,102.0,9.11
Volkswagen,Polo 1.5,2016,Diesel,Manual,First Owner,66000,20.14,1498.0,88.8,5.4
Skoda,Rapid 1.5,2016,Diesel,Automatic,First Owner,78010,21.66,1498.0,103.52,6.6
Maruti,Ertiga SHVS,2018,Diesel,Manual,First Owner,83844,24.52,1248.0,88.5,8.75
Maruti,Celerio VXI,2015,Petrol,Automatic,First Owner,23999,23.1,998.0,67.04,4.11
Maruti,Baleno Delta,2016,Diesel,Manual,First Owner,52000,27.39,1248.0,74.0,6.35
Maruti,Swift VDI,2012,Diesel,Manual,Third Owner,145000,22.9,1248.0,74.0,3.5
Mahindra,TUV 300,2018,Diesel,Manual,Second Owner,70000,18.49,1493.0,100.0,8.0
Maruti,Omni MPI,2015,Petrol,Manual,Second Owner,25000,16.8,796.0,34.2,1.8
Jaguar,XF 3.0,2014,Diesel,Automatic,First Owner,51000,14.74,2993.0,270.9,20.0
Honda,Mobilio V,2014,Diesel,Manual,First Owner,120000,24.2,1498.0,98.6,4.9
Maruti,Zen Estilo,2010,Petrol,Manual,First Owner,55000,19.0,998.0,67.1,1.8
Nissan,Micra XV,2013,Petrol,Automatic,Second Owner,91400,19.34,1198.0,76.0,3.1
Hyundai,Accent Executive,2012,CNG,Manual,First Owner,48000,13.2,1495.0,93.7,2.75
Chevrolet,Enjoy TCDi,2014,Diesel,Manual,Second Owner,80000,18.2,1248.0,73.8,4.5
Mahindra,KUV 100,2017,Diesel,Manual,First Owner,50000,25.32,1198.0,77.0,5.0
Hyundai,Verna Transform,2010,Diesel,Automatic,Fourth & Above Owner,185000,16.2,1493.0,110.0,2.45
Volkswagen,Vento Diesel,2011,Diesel,Manual,Fourth & Above Owner,125000,20.54,1598.0,103.6,2.75
Honda,City 2017-2020,2006,Petrol,Manual,Third Owner,178500,17.7,1497.0,78.0,2.0
Mahindra,XUV500 W10,2017,Diesel,Manual,First Owner,66953,16.0,2179.0,140.0,15.0
Nissan,Micra Diesel,2012,Diesel,Manual,Second Owner,166000,23.08,1461.0,63.1,2.3
Volkswagen,Vento Diesel,2011,Diesel,Manual,Fourth & Above Owner,131000,20.54,1598.0,103.6,2.8
Maruti,Wagon R,2009,Petrol,Manual,Second Owner,50000,18.9,1061.0,67.0,1.25
Maruti,Swift ZDI,2015,Diesel,Manual,First Owner,25000,25.2,1248.0,74.0,6.0
Honda,Jazz V,2018,Petrol,Manual,First Owner,20000,18.2,1199.0,88.7,6.0
Honda,Brio 1.2,2016,Petrol,Manual,Second Owner,60000,18.5,1198.0,86.8,4.11
Maruti,Eeco 5,2010,Petrol,Manual,Third Owner,170000,15.37,1196.0,73.0,1.5
Maruti,Ciaz ZDi,2015,Diesel,Manual,First Owner,70000,26.21,1248.0,88.5,6.3
Audi,A4 2.0,2013,Diesel,Automatic,First Owner,110000,17.11,1968.0,174.33,12.0
Maruti,Swift Dzire,2019,Petrol,Automatic,First Owner,45000,22.0,1197.0,81.8,7.0
Mahindra,Xylo E4,2010,Diesel,Manual,Second Owner,60000,14.0,2498.0,112.0,2.5
Chevrolet,Enjoy 1.3,2016,Diesel,Manual,First Owner,32000,18.2,1248.0,73.74,5.35
Mahindra,TUV 300,2016,Diesel,Manual,First Owner,60000,18.49,1493.0,100.0,6.0
Hyundai,Accent VIVA,2003,Diesel,Manual,Fourth & Above Owner,120000,13.1,1493.0,82.0,1.45
Ford,Figo Aspire,2015,Diesel,Manual,First Owner,143000,25.83,1498.0,99.0,4.0
Maruti,Swift Dzire,2015,Diesel,Manual,First Owner,100000,26.59,1248.0,74.0,6.0
Maruti,Celerio X,2018,Petrol,Manual,First Owner,50000,21.63,998.0,67.0,4.6
Hyundai,i20 1.4,2018,Diesel,Manual,First Owner,30000,22.54,1396.0,88.73,8.0
Maruti,Eeco CNG,2017,CNG,Manual,First Owner,25000,21.94,1196.0,61.7,3.7
Toyota,Innova 2.5,2012,Diesel,Manual,Second Owner,102000,12.8,2494.0,102.0,8.0
Renault,Pulse RxL,2013,Diesel,Manual,First Owner,90000,23.08,1461.0,63.12,2.9
Maruti,Swift VDI,2018,Diesel,Manual,First Owner,62000,28.4,1248.0,74.0,6.71
Tata,Indigo eCS,2012,Diesel,Manual,Fourth & Above Owner,80000,19.09,1396.0,69.0,1.4
Maruti,Alto Std,2011,Petrol,Manual,Third Owner,15000,19.7,796.0,46.3,1.41
Maruti,Alto LX,2009,Petrol,Manual,Second Owner,70000,19.7,796.0,46.3,1.25
Tata,Indica Vista,2013,Diesel,Manual,Second Owner,90000,19.4,1405.0,70.0,1.5
Maruti,Wagon R,2007,Petrol,Manual,Third Owner,100000,18.9,1061.0,67.0,1.25
Hyundai,Grand i10,2018,Petrol,Manual,Second Owner,25000,18.9,1197.0,81.86,6.0
Hyundai,i20 1.4,2017,Diesel,Manual,First Owner,40000,22.54,1396.0,88.73,7.0
Hyundai,i20 1.4,2017,Diesel,Manual,First Owner,70000,22.54,1396.0,88.73,7.0
Maruti,Swift Dzire,2017,Diesel,Manual,First Owner,40000,28.4,1248.0,74.02,7.4
Tata,Indica Vista,2011,Diesel,Manual,Second Owner,200000,17.0,1405.0,71.0,1.4
Hyundai,Verna CRDi,2018,Diesel,Manual,First Owner,35000,22.0,1582.0,126.2,11.5
Skoda,Octavia Classic,2007,Diesel,Manual,First Owner,155000,18.7,1896.0,66.0,3.0
Toyota,Etios G,2011,Petrol,Manual,First Owner,110000,17.6,1496.0,88.73,3.0
Renault,Scala Diesel,2015,Diesel,Manual,First Owner,110000,21.64,1461.0,84.8,5.3
Hyundai,Grand i10,2017,Diesel,Manual,Second Owner,80000,24.0,1186.0,73.97,5.3
Hyundai,Santro Xing,2011,Petrol,Manual,Second Owner,50000,17.92,1086.0,62.1,2.1
Maruti,Alto LXi,2007,Petrol,Manual,Second Owner,90000,19.7,796.0,46.3,1.3
Maruti,Wagon R,2008,LPG,Manual,Second Owner,80000,17.3,1061.0,57.5,1.48
Volkswagen,Passat Highline,2008,Diesel,Automatic,First Owner,120000,14.3,1968.0,140.0,5.85
Hyundai,i20 1.4,2011,Diesel,Manual,Second Owner,105000,21.9,1396.0,90.0,2.7
Hyundai,i10 Magna,2013,Petrol,Manual,First Owner,40000,20.36,1197.0,78.9,3.75
Mahindra,XUV500 W6,2014,Diesel,Manual,Second Owner,141000,15.1,2179.0,140.0,7.25
Hyundai,Verna CRDi,2007,Diesel,Manual,Second Owner,150000,18.1,1493.0,110.0,1.8
Maruti,Ritz VDi,2014,Diesel,Manual,Second Owner,80000,23.2,1248.0,73.94,4.25
Ford,EcoSport 1.5,2018,Diesel,Manual,First Owner,25000,23.0,1498.0,98.96,9.0
Tata,Sumo Gold,2017,Diesel,Manual,First Owner,51000,14.07,2956.0,69.01,5.7
Tata,Indica V2,2017,Diesel,Manual,First Owner,40000,25.0,1396.0,69.0,2.9
Ford,Figo Diesel,2011,Diesel,Manual,Second Owner,40000,20.0,1399.0,68.0,2.3
Ford,Figo Diesel,2012,Diesel,Manual,First Owner,70000,20.0,1399.0,68.0,3.0
Maruti,Ritz VDi,2010,Diesel,Manual,Third Owner,110000,21.1,1248.0,73.9,2.2
Chevrolet,Cruze LTZ,2011,Diesel,Manual,Second Owner,80000,18.3,1991.0,147.9,4.1
Chevrolet,Enjoy TCDi,2013,Diesel,Manual,Second Owner,136000,18.2,1248.0,73.8,3.55
Renault,Duster RXL,2013,Diesel,Manual,First Owner,120000,19.01,1461.0,108.45,6.95
Maruti,Swift Dzire,2010,Diesel,Manual,Second Owner,120000,19.3,1248.0,73.9,3.2
Mahindra,TUV 300,2017,Diesel,Manual,First Owner,120000,18.49,1493.0,100.0,7.1
Tata,Indica V2,2004,Diesel,Manual,Second Owner,120000,16.8,1405.0,62.0,0.85
Chevrolet,Tavera Neo,2010,Diesel,Manual,Fourth & Above Owner,210000,12.2,1994.0,105.3,4.1
Volkswagen,Polo 1.5,2015,Diesel,Manual,First Owner,90000,20.14,1498.0,88.8,5.5
Maruti,Swift ZXI,2007,Petrol,Manual,Second Owner,100750,16.1,1298.0,88.2,2.15
Hyundai,Accent GLS,2006,Petrol,Manual,Second Owner,140000,14.4,1599.0,94.0,1.1
Honda,City 2017-2020,2007,Petrol,Manual,Third Owner,110000,17.7,1497.0,78.0,1.7
Tata,Nexon 1.2,2018,Petrol,Manual,Second Owner,40000,17.0,1198.0,108.5,8.5
Hyundai,i20 Asta,2010,Diesel,Manual,Second Owner,148000,23.0,1396.0,90.0,3.5
Tata,Indica Vista,2015,Diesel,Manual,Second Owner,155000,22.3,1248.0,74.0,2.5
Ford,Figo Aspire,2015,Diesel,Manual,First Owner,70000,25.83,1498.0,99.0,4.33
Toyota,Fortuner 3.0,2010,Diesel,Manual,First Owner,100000,11.5,2982.0,171.0,12.0
Hyundai,EON D,2015,Petrol,Manual,First Owner,45000,21.1,814.0,55.2,3.0
Maruti,Zen LX,1998,Petrol,Manual,Second Owner,40000,17.3,993.0,60.0,0.7
Mahindra,Bolero 2011-2019,2017,Diesel,Manual,Second Owner,90000,15.96,2523.0,62.1,7.6
Hyundai,EON Era,2014,Petrol,Manual,First Owner,20000,21.1,814.0,55.2,2.5
Hyundai,Santro Xing,2013,Petrol,Manual,Second Owner,120000,17.92,1086.0,62.1,1.87
Jaguar,XE 2016-2019,2017,Diesel,Automatic,First Owner,9000,13.6,1999.0,177.0,27.11
Lexus,ES 300h,2019,Petrol,Automatic,First Owner,20000,22.37,2487.0,214.56,51.5
Jaguar,XF 2.0,2017,Diesel,Automatic,First Owner,45000,19.33,1999.0,177.0,32.0
Tata,Safari Storme,2015,Diesel,Manual,First Owner,110000,14.1,2179.0,147.94,5.03
Volvo,XC40 D4,2019,Diesel,Automatic,First Owner,20000,18.0,1969.0,190.0,38.0
Toyota,Camry 2.5,2016,Petrol,Automatic,First Owner,68089,19.16,2494.0,157.7,20.0
Maruti,Wagon R,2013,Petrol,Manual,First Owner,58343,21.79,998.0,67.05,2.25
Maruti,Baleno Alpha,2018,Diesel,Manual,First Owner,38817,27.39,1248.0,74.0,7.4
Honda,Jazz VX,2016,Petrol,Manual,First Owner,56494,18.2,1199.0,88.7,5.5
Toyota,Innova 2.5,2013,Diesel,Manual,Second Owner,79328,12.99,2494.0,100.6,7.5
Maruti,Swift AMT,2019,Petrol,Automatic,First Owner,5621,22.0,1197.0,81.8,6.5
Toyota,Etios VX,2017,Petrol,Manual,First Owner,25538,16.78,1496.0,88.73,6.25
Maruti,Swift AMT,2018,Petrol,Automatic,First Owner,69779,22.0,1197.0,81.8,6.0
Hyundai,Grand i10,2017,Diesel,Manual,First Owner,56290,24.0,1186.0,73.97,4.5
BMW,X4 M,2019,Diesel,Automatic,First Owner,7500,16.78,1995.0,190.0,54.0
BMW,X4 M,2019,Diesel,Automatic,First Owner,8500,16.78,1995.0,190.0,55.0
Honda,Amaze V,2019,Petrol,Automatic,First Owner,7032,19.0,1199.0,88.76,7.79
Skoda,Rapid 1.6,2016,Petrol,Automatic,First Owner,11000,14.3,1598.0,103.5,6.45
Volvo,V40 D3,2018,Diesel,Automatic,First Owner,2000,16.8,1984.0,150.0,24.75
Maruti,Swift VDI,2013,Diesel,Manual,Second Owner,90000,22.9,1248.0,74.0,3.35
Maruti,Swift Dzire,2016,Petrol,Manual,Second Owner,80000,20.85,1197.0,83.14,4.88
Maruti,SX4 Zxi,2008,Petrol,Manual,Third Owner,110000,15.6,1586.0,104.68,1.11
Maruti,Ciaz VDi,2015,Diesel,Manual,First Owner,70000,26.21,1248.0,88.5,6.0
Maruti,Swift VXI,2020,Petrol,Manual,First Owner,5000,21.21,1197.0,81.8,5.7
Hyundai,Santro Xing,2007,Petrol,Manual,Second Owner,75000,17.8,1086.0,63.0,1.1
Maruti,Swift ZXI,2014,Petrol,Manual,First Owner,50000,18.6,1197.0,85.8,4.35
Hyundai,EON Era,2014,Petrol,Manual,First Owner,70000,21.1,814.0,55.2,2.3
Nissan,Terrano XL,2014,Diesel,Manual,Second Owner,90000,20.45,1461.0,83.8,4.9
Maruti,Swift Dzire,2011,Petrol,Manual,Second Owner,100000,17.5,1298.0,85.8,3.0
Chevrolet,Beat LT,2017,Petrol,Manual,First Owner,90000,17.8,1199.0,76.8,3.5
Honda,WR-V i-VTEC,2019,Petrol,Manual,First Owner,35000,17.5,1199.0,88.7,5.8
Tata,Indigo CS,2017,Diesel,Manual,First Owner,155000,25.0,1396.0,69.01,3.85
Hyundai,Santro Magna,2019,Petrol,Manual,First Owner,19500,20.3,1086.0,68.07,4.35
Toyota,Fortuner 2.8,2018,Diesel,Manual,First Owner,50000,14.24,2755.0,174.5,32.0
Hyundai,i20 Asta,2015,Petrol,Manual,First Owner,30000,18.6,1197.0,81.83,4.95
Hyundai,i20 Asta,2016,Diesel,Manual,First Owner,53000,22.54,1396.0,88.73,5.75
Tata,Indigo CS,2013,Diesel,Manual,Second Owner,120000,19.09,1405.0,69.01,2.0
Mahindra,Verito 1.5,2012,Diesel,Manual,Second Owner,120000,21.03,1461.0,65.0,1.4
Ford,Fiesta Classic,2012,Diesel,Manual,Second Owner,64000,17.8,1399.0,67.0,3.0
Chevrolet,Sail 1.2,2015,Petrol,Manual,First Owner,50000,18.2,1199.0,82.4,3.5
Tata,Indigo CS,2015,Diesel,Manual,Second Owner,80000,19.09,1405.0,69.01,2.5
Tata,Manza Club,2013,Diesel,Manual,First Owner,80000,21.02,1248.0,88.76,2.8
Hyundai,Xcent 1.2,2017,Petrol,Manual,First Owner,5000,20.14,1197.0,81.86,6.0
Hyundai,Verna 1.6,2015,Petrol,Manual,First Owner,25000,17.01,1591.0,121.4,7.0
Honda,City i,2014,Diesel,Manual,First Owner,72000,26.0,1498.0,98.6,5.6
Renault,Lodgy World,2017,Diesel,Manual,First Owner,65000,19.98,1461.0,108.5,8.8
Mahindra,Bolero DI,2005,Diesel,Manual,First Owner,80000,13.6,2523.0,63.0,2.5
Mahindra,Bolero 2011-2019,2016,Diesel,Manual,First Owner,120000,15.96,2523.0,62.1,5.5
Hyundai,Xcent 1.2,2018,Diesel,Manual,First Owner,60000,25.4,1186.0,73.97,5.3
Mahindra,XUV500 W6,2013,Diesel,Manual,Second Owner,110000,15.1,2179.0,140.0,7.5
Maruti,Alto 800,2017,Petrol,Manual,First Owner,35000,24.7,796.0,47.3,3.1
Maruti,Ertiga ZDI,2014,Diesel,Manual,First Owner,130000,20.77,1248.0,88.8,6.2
Maruti,Swift VDI,2013,Diesel,Manual,Second Owner,188000,22.9,1248.0,74.0,4.0
Tata,Indica V2,2008,Diesel,Manual,Second Owner,80000,17.2,1396.0,53.5,0.67
Ford,Figo 1.5D,2015,Diesel,Manual,First Owner,80000,25.83,1498.0,99.0,4.8
Maruti,Omni MPI,2008,Petrol,Manual,First Owner,48676,19.7,796.0,35.0,1.1
Datsun,GO Plus,2018,Petrol,Manual,First Owner,40000,20.62,1198.0,67.0,4.75
Maruti,Alto 800,2018,Petrol,Manual,Second Owner,15000,24.7,796.0,47.3,3.0
Maruti,Alto LXi,2007,Petrol,Manual,First Owner,70000,19.7,796.0,46.3,1.0
Tata,Indica Vista,2011,Diesel,Manual,Second Owner,80000,17.0,1405.0,71.0,0.7
Ford,EcoSport 1.5,2017,Diesel,Manual,First Owner,60000,22.77,1498.0,98.59,9.0
Toyota,Etios 1.4,2017,Diesel,Manual,Second Owner,120000,23.59,1364.0,67.04,6.5
Maruti,Zen LXI,2000,Petrol,Manual,Fourth & Above Owner,180000,17.3,993.0,60.0,0.5
Hyundai,Grand i10,2016,Petrol,Manual,First Owner,70000,18.9,1197.0,82.0,5.5
Renault,Duster 85PS,2013,Diesel,Manual,First Owner,250000,20.46,1461.0,83.8,4.75
Hyundai,Santro Era,2019,Petrol,Manual,First Owner,15000,20.3,1086.0,68.0,4.25
Maruti,Ciaz ZDi,2017,Diesel,Manual,First Owner,65000,28.09,1248.0,88.5,9.0
Hyundai,i20 Sportz,2015,Petrol,Manual,First Owner,90000,18.6,1197.0,81.83,5.16
Tata,Indica Vista,2011,Petrol,Manual,Second Owner,70000,16.5,1172.0,65.0,1.5
Maruti,Wagon R,2016,Petrol,Manual,First Owner,30000,20.51,998.0,67.04,4.0
Mahindra,Scorpio S4,2016,Diesel,Manual,First Owner,79500,15.4,2179.0,120.0,8.0
Hyundai,Santro Xing,2007,Petrol,Manual,Third Owner,90000,17.8,1086.0,63.0,1.65
Nissan,Terrano XL,2015,Diesel,Manual,First Owner,110000,20.45,1461.0,83.8,10.0
Maruti,Swift Dzire,2015,Diesel,Manual,First Owner,110000,26.59,1248.0,74.0,4.4
Hyundai,Verna 1.6,2011,Diesel,Manual,First Owner,153000,22.32,1582.0,126.32,3.9
Ford,Fiesta 1.4,2008,Petrol,Manual,First Owner,200185,16.6,1388.0,68.0,1.36
Maruti,Swift Dzire,2013,Diesel,Manual,First Owner,149000,23.4,1248.0,74.0,4.75
Ford,Figo 1.5D,2016,Diesel,Manual,First Owner,100000,25.83,1498.0,99.0,5.15
Tata,Venture EX,2012,Diesel,Manual,Second Owner,90000,15.42,1405.0,70.0,1.75
Maruti,SX4 ZDI,2012,Diesel,Manual,Fourth & Above Owner,80000,21.5,1248.0,88.8,3.8
Maruti,Ignis 1.2,2018,Petrol,Manual,First Owner,12000,20.89,1197.0,81.8,5.35
Hyundai,i10 Magna,2011,Petrol,Manual,Second Owner,40000,20.36,1197.0,78.9,2.15
Maruti,Zen LXI,1997,Petrol,Manual,Second Owner,100000,17.3,993.0,60.0,0.7
Hyundai,Grand i10,2017,Petrol,Manual,First Owner,27000,18.9,1197.0,81.86,4.45
Maruti,Wagon R,2015,Petrol,Manual,First Owner,120000,20.51,998.0,67.04,3.35
Mahindra,Bolero 2011-2019,2015,Diesel,Manual,First Owner,80000,15.96,2523.0,62.1,6.0
Maruti,Eeco 5,2014,Petrol,Manual,First Owner,49025,15.37,1196.0,73.0,3.0
Tata,Nano Twist,2015,Petrol,Manual,First Owner,15000,25.4,624.0,37.5,1.1
Maruti,Alto K10,2014,Petrol,Manual,Second Owner,90000,23.95,998.0,67.05,2.4
Tata,Tiago 1.2,2016,Petrol,Manual,First Owner,90000,23.84,1199.0,84.0,3.0
BMW,7 Series,2010,Diesel,Automatic,Second Owner,90000,14.49,2993.0,258.0,20.0
Tata,Indica V2,2007,Diesel,Manual,Third Owner,80000,17.2,1396.0,53.5,0.5
Chevrolet,Tavera B1-10,2009,Diesel,Manual,Second Owner,195000,14.8,2499.0,80.0,2.95
Mahindra,Scorpio 2.6,2006,Diesel,Manual,Third Owner,90000,10.5,2179.0,120.0,3.1
Maruti,800 AC,1997,Petrol,Manual,Third Owner,80000,16.1,796.0,37.0,0.3
Honda,City i,2016,Petrol,Manual,First Owner,22000,17.8,1497.0,117.3,9.25
Maruti,Vitara Brezza,2016,Diesel,Manual,First Owner,70000,24.3,1248.0,88.5,6.4
Maruti,Swift Dzire,2012,Petrol,Manual,First Owner,35000,17.5,1197.0,85.8,3.5
Maruti,Swift Dzire,2013,Petrol,Manual,First Owner,120000,19.1,1197.0,85.8,3.85
Maruti,Swift Dzire,2013,Diesel,Manual,Second Owner,100000,23.4,1248.0,74.0,4.1
Mahindra,XUV500 AT,2016,Diesel,Automatic,First Owner,40000,16.0,2179.0,140.0,13.0
Ford,Fiesta 1.6,2009,Petrol,Manual,Third Owner,60000,15.3,1596.0,101.0,2.1
Mahindra,Scorpio SLX,2007,Diesel,Manual,First Owner,110000,10.5,2179.0,120.0,3.0
Mahindra,Scorpio 2006-2009,2008,Diesel,Manual,First Owner,112000,10.5,2609.0,120.0,4.5
Ford,Figo Diesel,2011,Diesel,Manual,Second Owner,70000,20.0,1399.0,68.0,1.7
Honda,City i,2014,Diesel,Manual,First Owner,140000,25.1,1498.0,98.6,6.5
Maruti,Esteem AX,1997,Petrol,Automatic,Fourth & Above Owner,94000,15.9,1298.0,85.0,1.25
Maruti,Alto LXi,2012,Petrol,Manual,First Owner,70000,19.7,796.0,46.3,1.45
Volkswagen,Polo 2015-2019,2018,Diesel,Manual,First Owner,27000,20.14,1498.0,88.0,6.81
Honda,City i,2015,Diesel,Manual,First Owner,173000,25.1,1498.0,98.6,6.35
Maruti,Alto LXi,2010,Petrol,Manual,Second Owner,80000,19.7,796.0,46.3,1.4
Honda,City i,2016,Diesel,Manual,Third Owner,86000,26.0,1498.0,98.6,7.5
Honda,City i,2015,Diesel,Manual,Second Owner,80000,26.0,1498.0,98.6,6.11
Maruti,Alto LXi,2007,Petrol,Manual,Third Owner,120000,19.7,796.0,46.3,1.1
Maruti,Wagon R,2006,Petrol,Automatic,Second Owner,100000,16.0,1061.0,64.0,1.0
Tata,Indica Vista,2014,Diesel,Manual,First Owner,120000,22.3,1248.0,74.0,2.25
Hyundai,Verna Transform,2010,Diesel,Manual,Third Owner,190000,16.2,1493.0,110.0,2.5
Mahindra,Scorpio EX,2011,Diesel,Manual,Second Owner,120000,14.0,2523.0,75.0,3.85
Maruti,Alto LXi,2012,Petrol,Manual,First Owner,70000,19.7,796.0,46.3,1.35
Maruti,Alto LX,2006,Petrol,Manual,Second Owner,100000,19.7,796.0,46.3,0.65
Maruti,Alto K10,2016,Petrol,Manual,First Owner,120000,23.95,998.0,67.05,2.6
Maruti,Swift Dzire,2014,Diesel,Manual,Second Owner,120000,23.4,1248.0,74.0,4.65
Mahindra,KUV 100,2017,Petrol,Manual,Second Owner,20000,18.15,1198.0,82.0,4.3
Hyundai,i20 Asta,2009,Petrol,Manual,Fourth & Above Owner,81000,17.0,1197.0,80.0,2.0
Chevrolet,Beat LS,2011,Petrol,Manual,Second Owner,90000,18.6,1199.0,79.4,1.25
Maruti,800 Std,2001,Petrol,Manual,Second Owner,60000,16.1,796.0,37.0,0.45
Chevrolet,Beat LS,2012,Petrol,Manual,Second Owner,40000,18.6,1199.0,79.4,1.24
Tata,Indica GLS,2007,Petrol,Manual,Third Owner,80000,15.3,1193.0,65.3,0.8
Maruti,Ertiga VXI,2014,CNG,Manual,First Owner,35000,22.8,1373.0,80.9,5.45
Maruti,Ertiga ZDI,2019,Diesel,Manual,First Owner,20000,25.47,1248.0,88.5,10.5
Chevrolet,Sail 1.2,2015,Petrol,Manual,First Owner,50000,18.2,1199.0,82.4,2.0
Mahindra,XUV500 AT,2015,Diesel,Automatic,Second Owner,77000,16.0,2179.0,140.0,11.0
Mahindra,XUV500 W6,2014,Diesel,Manual,First Owner,50000,15.1,2179.0,140.0,7.5
Tata,Tiago 1.2,2016,Petrol,Manual,First Owner,13500,23.84,1199.0,84.0,4.25
Maruti,Alto 800,2016,Petrol,Manual,First Owner,38000,24.7,796.0,47.3,3.0
Maruti,Ertiga ZDI,2019,Diesel,Manual,First Owner,14000,25.47,1248.0,88.5,12.0
Honda,Civic 1.8,2009,Petrol,Manual,First Owner,70000,13.5,1799.0,130.0,2.4
Mahindra,KUV 100,2016,Diesel,Manual,Second Owner,55000,25.32,1198.0,77.0,4.5
Maruti,Wagon R,2006,Petrol,Manual,Fourth & Above Owner,150000,18.9,998.0,67.1,0.8
Mahindra,Bolero 2011-2019,2013,Diesel,Manual,First Owner,160000,15.96,2523.0,62.1,5.0
Chevrolet,Sail Hatchback,2013,Diesel,Manual,First Owner,50000,22.1,1248.0,76.9,2.95
Tata,Indigo CS,2008,Diesel,Manual,Third Owner,120000,19.09,1396.0,69.0,1.0
Hyundai,Verna 1.6,2013,Diesel,Manual,First Owner,76460,22.32,1582.0,126.32,7.0
Ford,Figo Diesel,2011,Diesel,Manual,Second Owner,125000,20.0,1399.0,68.0,1.8
Mahindra,Verito 1.5,2012,Diesel,Manual,Second Owner,110000,20.8,1461.0,65.0,2.25
Hyundai,EON Era,2017,Petrol,Manual,First Owner,25000,21.1,814.0,55.2,3.1
Honda,City i,2015,Diesel,Manual,First Owner,30000,26.0,1498.0,98.6,6.25
Hyundai,i10 Magna,2013,LPG,Manual,Second Owner,70000,19.2,1086.0,68.05,2.75
Hyundai,i10 Era,2013,Petrol,Manual,Second Owner,110000,19.81,1086.0,68.05,2.45
Maruti,Zen Estilo,2010,Petrol,Manual,First Owner,200000,19.0,998.0,67.1,1.6
Hyundai,EON Era,2014,Petrol,Manual,First Owner,80000,21.1,814.0,55.2,2.5
Honda,Amaze E,2014,Diesel,Manual,First Owner,76000,25.8,1498.0,98.6,4.5
Tata,Indica V2,2007,Diesel,Manual,Second Owner,150000,17.2,1396.0,53.5,0.85
Toyota,Innova Crysta,2018,Diesel,Manual,First Owner,35000,13.68,2393.0,147.8,19.38
Hyundai,i20 2015-2017,2016,Petrol,Manual,First Owner,40000,18.6,1197.0,81.83,5.5
Ford,EcoSport 1.5,2015,Diesel,Manual,First Owner,110000,22.77,1498.0,98.59,5.51
Hyundai,Xcent 1.2,2019,Petrol,Manual,First Owner,60000,20.14,1197.0,81.86,5.0
Honda,Amaze S,2018,Petrol,Manual,First Owner,15000,17.8,1198.0,86.7,5.85
Hyundai,Accent Executive,2013,Petrol,Manual,First Owner,120000,16.36,1495.0,93.7,1.72
Hyundai,Verna 1.6,2012,Diesel,Manual,Second Owner,100000,22.32,1582.0,126.32,3.6
Tata,Tiago 1.05,2017,Diesel,Manual,Second Owner,24000,27.28,1047.0,69.0,3.5
Ford,EcoSport 1.5,2018,Diesel,Manual,First Owner,53000,23.0,1498.0,98.96,7.0
Maruti,Alto LXi,2011,Petrol,Manual,Third Owner,40000,19.7,796.0,46.3,1.48
Maruti,Eeco CNG,2016,CNG,Manual,First Owner,47370,21.94,1196.0,63.0,3.3
Skoda,Octavia Ambiente,2007,Diesel,Manual,Second Owner,120000,18.7,1896.0,66.0,1.1
Maruti,Swift VDI,2015,Diesel,Manual,First Owner,100000,25.2,1248.0,73.94,4.5
Chevrolet,Captiva LT,2009,Diesel,Manual,Second Owner,80000,11.5,1991.0,147.9,2.6
Hyundai,i10 Sportz,2011,Petrol,Manual,Second Owner,91000,20.36,1197.0,78.9,2.0
Maruti,Alto K10,2019,CNG,Manual,First Owner,20000,32.26,998.0,58.3,4.3
Mahindra,Scorpio SLE,2013,Diesel,Manual,Second Owner,80000,12.05,2179.0,120.0,5.5
Maruti,Ritz LDi,2013,Diesel,Manual,First Owner,80000,23.2,1248.0,73.94,2.45
Maruti,Eeco CNG,2016,CNG,Manual,First Owner,80000,21.94,1196.0,61.7,3.2
Hyundai,Accent GLE,2008,CNG,Manual,Third Owner,110000,13.2,1495.0,94.0,1.2
Hyundai,Elantra CRDi,2013,Diesel,Manual,First Owner,120000,22.7,1582.0,126.24,6.15
Skoda,Superb Elegance,2013,Diesel,Automatic,First Owner,90000,17.2,1968.0,138.1,6.0
Volkswagen,Passat 1.8,2010,Petrol,Manual,Second Owner,120000,14.3,1798.0,160.0,3.0
Ford,Figo 1.5D,2016,Diesel,Manual,First Owner,45217,25.83,1498.0,99.0,4.0
Hyundai,Creta 1.6,2017,Diesel,Automatic,Second Owner,60000,17.01,1582.0,126.2,10.0
Hyundai,Sonata 2.4,2012,Petrol,Manual,Second Owner,70000,13.44,2359.0,198.25,5.25
Fiat,Grande Punto,2013,Diesel,Manual,First Owner,133000,20.3,1248.0,75.0,3.0
Fiat,Grande Punto,2011,Diesel,Manual,Second Owner,117000,20.3,1248.0,75.0,2.2
Mahindra,XUV500 W8,2015,Diesel,Manual,First Owner,173000,16.0,2179.0,140.0,8.5
Honda,City 1.5,2011,Petrol,Manual,First Owner,35000,17.0,1497.0,118.0,5.0
Hyundai,Accent GLE,2003,Petrol,Manual,Second Owner,70000,13.2,1495.0,94.0,0.59
Maruti,Alto LX,2011,Petrol,Manual,Third Owner,60000,19.7,796.0,46.3,1.3
Volkswagen,Polo 1.2,2016,Petrol,Manual,Second Owner,120000,16.2,1199.0,74.0,3.75
Volkswagen,Polo Diesel,2011,Diesel,Manual,First Owner,222300,22.07,1199.0,73.9,2.2
Toyota,Innova 2.5,2013,Diesel,Manual,Second Owner,100000,12.99,2494.0,100.57,6.25
Maruti,Ritz LDi,2013,Diesel,Manual,First Owner,120000,23.2,1248.0,73.94,2.95
Tata,Sumo MKII,2010,Diesel,Manual,First Owner,90000,14.0,1948.0,90.0,2.35
Hyundai,Sonata 2.4,2012,Petrol,Manual,Second Owner,330000,13.44,2359.0,198.25,5.0
Maruti,Swift VVT,2017,Petrol,Manual,First Owner,20000,22.0,1197.0,81.8,5.1
Maruti,Alto 800,2020,CNG,Manual,First Owner,16000,33.0,796.0,47.3,3.7
Hyundai,Grand i10,2016,Petrol,Manual,Second Owner,30000,18.9,1197.0,82.0,3.7
Mahindra,Quanto C8,2012,Diesel,Manual,First Owner,210000,17.21,1493.0,100.0,3.0
Hyundai,i10 Sportz,2015,Petrol,Manual,First Owner,20000,19.81,1086.0,68.05,3.5
Renault,KWID 1.0,2018,Petrol,Manual,First Owner,20000,23.01,999.0,67.0,3.95
Toyota,Innova 2.5,2015,Diesel,Manual,First Owner,100000,12.99,2494.0,100.6,8.5
Toyota,Innova 2.5,2015,Diesel,Manual,First Owner,40000,12.99,2494.0,100.6,11.5
Jaguar,XF 3.0,2016,Diesel,Automatic,First Owner,35000,14.74,2993.0,270.9,35.0
Volkswagen,Vento Diesel,2012,Diesel,Manual,Second Owner,120000,20.54,1598.0,103.6,2.8
Mahindra,TUV 300,2018,Diesel,Manual,Second Owner,50000,18.49,1493.0,100.0,7.75
Hyundai,Verna 1.6,2012,Diesel,Manual,Second Owner,100000,22.32,1582.0,126.32,4.2
Honda,City 1.5,2010,Petrol,Manual,Second Owner,91000,17.0,1497.0,118.0,3.1
Jeep,Compass 2.0,2017,Diesel,Manual,First Owner,50000,17.1,1956.0,170.0,15.5
Fiat,Linea 1.3,2015,Diesel,Manual,First Owner,67000,20.4,1248.0,91.7,3.75
Hyundai,Grand i10,2015,Petrol,Manual,First Owner,40000,18.9,1197.0,82.0,5.0
Maruti,Ritz ZDi,2013,Diesel,Manual,Second Owner,100000,23.2,1248.0,73.94,3.0
Honda,City 2017-2020,2008,Petrol,Manual,Second Owner,120000,17.7,1497.0,78.0,1.55
Maruti,Swift Dzire,2013,Diesel,Manual,First Owner,185000,23.4,1248.0,74.0,3.5
Mahindra,XUV500 AT,2016,Diesel,Automatic,Third Owner,75000,16.0,2179.0,140.0,9.5
Hyundai,Grand i10,2015,Diesel,Manual,Third Owner,80000,24.0,1120.0,70.0,3.5
Isuzu,D-Max V-Cross,2019,Diesel,Automatic,First Owner,30000,12.4,1999.0,147.9,19.0
Tata,Nexon 1.2,2020,Petrol,Manual,First Owner,5000,17.0,1198.0,108.5,5.37
Volkswagen,Polo 2015-2019,2019,Petrol,Manual,First Owner,10000,18.78,999.0,75.0,5.85
Maruti,Ertiga VDI,2012,Diesel,Manual,First Owner,140000,20.77,1248.0,88.76,3.5
Hyundai,Elite i20,2019,Petrol,Manual,First Owner,19000,18.6,1197.0,81.86,7.0
Maruti,Ertiga SHVS,2017,Diesel,Manual,First Owner,44600,24.52,1248.0,88.5,8.49
Volkswagen,Polo GT,2014,Petrol,Automatic,First Owner,28080,0.0,1197.0,103.25,5.74
Hyundai,i20 Magna,2014,Petrol,Manual,First Owner,28800,18.6,1197.0,81.83,4.85
Renault,KWID RXT,2018,Petrol,Manual,First Owner,21900,20.71,799.0,53.26,3.6
Volkswagen,Polo GT,2014,Petrol,Automatic,First Owner,28100,0.0,1197.0,103.25,5.75
Honda,City i,2014,Diesel,Manual,Second Owner,110000,26.0,1498.0,98.6,5.5
Hyundai,i20 Asta,2016,Diesel,Manual,First Owner,100000,22.54,1396.0,88.73,7.0
Maruti,Swift Dzire,2019,Diesel,Automatic,First Owner,7673,28.4,1248.0,74.02,8.25
Maruti,Wagon R,2008,Petrol,Manual,Second Owner,100000,18.9,1061.0,67.0,1.15
Tata,Manza Aqua,2009,Petrol,Manual,Second Owner,75000,15.0,1368.0,90.0,1.5
Maruti,Swift Dzire,2018,Diesel,Automatic,First Owner,50000,28.4,1248.0,74.02,8.51
Hyundai,Verna 1.4,2014,Petrol,Manual,First Owner,40000,17.43,1396.0,105.5,5.5
Maruti,Ertiga SHVS,2016,Diesel,Manual,First Owner,40000,24.52,1248.0,88.5,8.9
Hyundai,i20 1.2,2012,Petrol,Manual,Second Owner,100000,18.5,1197.0,80.0,2.65
Mahindra,Scorpio 1.99,2014,Diesel,Manual,First Owner,110000,15.4,1997.0,120.0,9.0
Chevrolet,Beat Diesel,2013,Diesel,Manual,First Owner,96272,25.44,936.0,57.6,2.1
BMW,3 Series,2015,Diesel,Automatic,First Owner,74000,18.88,1995.0,184.0,16.5
Toyota,Innova 2.5,2011,Diesel,Manual,Second Owner,168000,12.8,2494.0,102.0,7.5
Ford,Aspire Titanium,2019,Petrol,Manual,First Owner,7000,19.4,1194.0,94.93,6.75
Hyundai,i20 Active,2017,Diesel,Manual,First Owner,60000,21.19,1396.0,88.73,7.15
Tata,Indigo CS,2013,Diesel,Manual,Second Owner,60000,25.0,1396.0,69.01,2.28
Maruti,Wagon R,2015,Petrol,Manual,First Owner,22500,20.51,998.0,67.04,4.0
Maruti,Vitara Brezza,2020,Diesel,Automatic,First Owner,7400,24.3,1248.0,88.5,9.25
Maruti,Swift Dzire,2011,Petrol,Manual,Third Owner,70000,17.5,1298.0,85.8,2.75
Maruti,Wagon R,2009,Petrol,Manual,First Owner,67000,18.9,1061.0,67.0,1.75
Ford,Fusion 1.4,2009,Diesel,Manual,Third Owner,110000,17.7,1399.0,68.0,1.55
Maruti,SX4 VDI,2012,Diesel,Manual,Second Owner,175000,21.5,1248.0,88.8,3.25
Mahindra,Scorpio LX,2014,Diesel,Manual,First Owner,120000,12.05,2179.0,120.0,7.0
Tata,Indica V2,2008,Diesel,Manual,Third Owner,120000,17.5,1396.0,70.0,0.5
Mahindra,Scorpio LX,2012,Diesel,Manual,First Owner,370000,12.05,2179.0,120.0,4.5
Hyundai,Verna 1.6,2014,Diesel,Manual,First Owner,150360,22.32,1582.0,126.32,6.45
Tata,Tigor 1.05,2017,Diesel,Manual,First Owner,15000,24.7,1047.0,69.0,5.97
Renault,KWID AMT,2018,Petrol,Automatic,Second Owner,30000,24.04,999.0,67.0,4.0
Maruti,Swift Vdi,2009,Diesel,Manual,First Owner,150000,17.8,1248.0,75.0,3.0
Maruti,Swift VDI,2015,Diesel,Manual,Second Owner,100000,25.2,1248.0,74.0,5.73
Maruti,Alto K10,2011,Petrol,Manual,First Owner,70000,20.92,998.0,67.1,1.8
Tata,Nano Lx,2011,Petrol,Manual,First Owner,40000,26.0,624.0,35.0,0.7
Toyota,Innova 2.5,2008,Diesel,Manual,Third Owner,154000,12.8,2494.0,102.0,5.0
Hyundai,Accent GLS,2004,Petrol,Manual,Second Owner,110000,14.4,1599.0,94.0,1.1
Maruti,Ertiga VDI,2013,Diesel,Manual,Second Owner,120000,20.77,1248.0,88.76,4.5
Tata,Sumo Gold,2013,Diesel,Manual,First Owner,145000,15.3,2956.0,83.83,3.1
Mahindra,KUV 100,2017,Diesel,Manual,First Owner,30000,25.32,1198.0,77.0,4.0
Maruti,Swift ZDi,2014,Diesel,Manual,Second Owner,90000,22.9,1248.0,74.0,3.9
Maruti,Alto LXi,2011,Petrol,Manual,Fourth & Above Owner,110000,19.7,796.0,46.3,1.22
Mahindra,Scorpio 1.99,2016,Diesel,Manual,First Owner,70000,15.4,1997.0,120.0,7.41
Hyundai,i20 1.4,2012,Diesel,Manual,Second Owner,40000,23.0,1396.0,90.0,3.3
Mahindra,Scorpio SLE,2010,Diesel,Manual,Third Owner,166000,12.05,2179.0,120.0,3.0
Hyundai,i10 Sportz,2011,Petrol,Manual,Third Owner,100000,20.36,1197.0,78.9,2.15
Maruti,Wagon R,2009,Petrol,Manual,Third Owner,75000,18.9,1061.0,67.0,1.5
Hyundai,EON Era,2013,Petrol,Manual,First Owner,42130,21.1,814.0,55.2,2.5
Maruti,Ritz LXI,2010,Petrol,Manual,Second Owner,53000,21.1,1197.0,85.8,1.8
Maruti,Zen LXI,2006,Petrol,Manual,Second Owner,106000,17.3,993.0,60.0,1.5
Toyota,Corolla DX,2005,Petrol,Manual,Second Owner,96000,13.4,1794.0,125.0,2.75
Maruti,Baleno Sigma,2019,Petrol,Manual,First Owner,10000,21.01,1197.0,81.8,5.56
Maruti,Swift Dzire,2016,Petrol,Manual,First Owner,37000,20.85,1197.0,83.14,5.5
Mahindra,XUV500 AT,2018,Diesel,Automatic,First Owner,20000,16.0,2179.0,138.0,15.0
Toyota,Etios Liva,2017,Petrol,Manual,First Owner,35000,17.71,1197.0,78.9,5.49
Hyundai,i20 2015-2017,2016,Petrol,Manual,First Owner,50000,18.6,1197.0,81.83,6.3
Mahindra,Bolero Pik-Up,2020,Diesel,Manual,First Owner,5000,0.0,2523.0,70.0,6.79
Hyundai,Creta 1.6,2017,Diesel,Manual,Second Owner,47000,19.67,1582.0,126.2,11.25
Maruti,Baleno Alpha,2017,Diesel,Manual,First Owner,71000,27.39,1248.0,74.0,6.8
Honda,City i-DTEC,2017,Diesel,Manual,First Owner,50000,25.6,1498.0,97.9,10.5
Tata,Zest Quadrajet,2015,Diesel,Manual,First Owner,57000,23.0,1248.0,88.7,4.5
Maruti,Wagon R,2010,Petrol,Manual,First Owner,43000,18.9,998.0,67.1,2.1
Maruti,Swift Dzire,2014,Diesel,Manual,First Owner,60000,23.4,1248.0,74.0,4.7
Maruti,Swift Dzire,2014,Petrol,Manual,First Owner,60000,19.1,1197.0,85.8,4.7
Hyundai,i20 Asta,2015,Diesel,Manual,First Owner,40000,22.54,1396.0,88.73,5.5
Maruti,A-Star Vxi,2011,Petrol,Manual,First Owner,60000,19.0,998.0,66.1,2.05
Honda,City i,2015,Petrol,Automatic,First Owner,30000,18.0,1497.0,117.3,9.5
Hyundai,i20 Asta,2015,Diesel,Manual,Second Owner,160000,22.54,1396.0,88.73,5.5
Toyota,Innova 2.5,2007,Diesel,Manual,Second Owner,147500,12.8,2494.0,102.0,2.7
Volkswagen,Polo Diesel,2013,Diesel,Manual,Third Owner,90000,22.07,1199.0,73.9,2.8
Maruti,Ciaz ZDi,2015,Diesel,Manual,Second Owner,70000,28.09,1248.0,88.5,6.3
Honda,City 2017-2020,2007,Petrol,Manual,First Owner,70000,17.7,1497.0,78.0,2.2
Mahindra,Xylo D4,2014,Diesel,Manual,First Owner,120000,14.95,2489.0,93.7,3.2
Hyundai,EON Era,2013,Petrol,Manual,Second Owner,75000,21.1,814.0,55.2,2.25
Honda,City 1.5,2010,Petrol,Manual,Second Owner,85000,17.0,1497.0,118.0,3.8
Maruti,Swift Dzire,2012,Diesel,Manual,Third Owner,70000,19.3,1248.0,73.9,3.8
Volkswagen,Ameo 1.5,2017,Diesel,Manual,First Owner,29000,22.0,1498.0,108.495,6.0
Ford,Endeavour 2.5L,2014,Diesel,Manual,Second Owner,40000,13.1,2499.0,141.0,6.2
Hyundai,Verna SX,2012,Diesel,Automatic,First Owner,90000,19.08,1582.0,126.32,5.0
Mahindra,TUV 300,2015,Diesel,Automatic,First Owner,40000,18.49,1493.0,100.0,7.0
Ford,EcoSport 1.5,2015,Diesel,Manual,First Owner,138000,22.77,1498.0,98.59,5.5
Maruti,Swift VDI,2016,Diesel,Manual,First Owner,70000,25.2,1248.0,74.0,6.0
Volkswagen,Ameo 1.0,2019,Petrol,Manual,Second Owner,30000,19.44,999.0,75.0,5.5
Hyundai,Verna 1.6,2013,Diesel,Manual,Third Owner,125000,22.32,1582.0,126.3,4.75
Honda,City i,2015,Diesel,Manual,Second Owner,120000,26.0,1498.0,98.6,6.15
Maruti,Swift Dzire,2013,Diesel,Manual,Second Owner,180000,23.4,1248.0,74.0,3.85
Tata,Zest Revotron,2015,Petrol,Manual,First Owner,20000,17.57,1193.0,88.7,5.0
Renault,Duster 85PS,2012,Diesel,Manual,First Owner,80000,19.87,1461.0,83.8,4.5
Toyota,Innova 2.5,2014,Diesel,Manual,Second Owner,110000,12.99,2494.0,100.6,9.7
Hyundai,Verna 1.6,2013,Diesel,Manual,Second Owner,80000,22.32,1582.0,126.32,5.8
Toyota,Platinum Etios,2017,Diesel,Manual,First Owner,40000,23.59,1364.0,67.05,5.5
Honda,WR-V i-VTEC,2018,Petrol,Manual,First Owner,30000,17.5,1199.0,88.7,7.8
Ford,Fiesta 1.5,2014,Diesel,Manual,First Owner,80000,25.01,1498.0,89.75,5.0
Skoda,Laura Ambiente,2011,Diesel,Manual,Second Owner,140000,20.0,1968.0,108.5,2.7
Maruti,Alto K10,2017,Petrol,Manual,First Owner,25000,23.95,998.0,67.05,3.35
Maruti,Swift Dzire,2017,Diesel,Manual,First Owner,20000,28.4,1248.0,74.02,7.55
Hyundai,i20 Active,2016,Diesel,Manual,First Owner,42323,21.19,1396.0,88.76,6.51
BMW,X1 sDrive20d,2011,Diesel,Automatic,First Owner,42545,19.62,1998.0,190.0,10.75
Maruti,S-Cross 2017-2020,2016,Diesel,Manual,First Owner,32000,25.1,1248.0,88.5,6.9
Maruti,Swift Dzire,2017,Diesel,Manual,First Owner,41232,26.59,1248.0,74.0,5.89
Mahindra,Bolero B4,2015,Diesel,Manual,First Owner,40200,21.0,1498.0,74.96,4.45
Ford,Ecosport Sports,2013,Diesel,Manual,Second Owner,48000,21.7,1498.0,98.96,4.75
Honda,Amaze E,2014,Diesel,Manual,First Owner,27233,27.4,1498.0,98.63,4.65
Tata,Manza Aura,2011,Petrol,Manual,First Owner,35000,15.0,1368.0,90.0,2.25
Toyota,Innova 2.5,2005,Diesel,Manual,Second Owner,200000,12.8,2494.0,102.0,3.1
Tata,Sumo EX,2016,Diesel,Manual,First Owner,63000,15.3,2956.0,83.8,4.45
Mahindra,Bolero B4,2015,Diesel,Manual,First Owner,62000,21.0,1498.0,74.96,4.45
Tata,New Safari,2012,Diesel,Manual,First Owner,68240,13.93,2956.0,138.1,4.5
Mahindra,Scorpio 1.99,2008,Diesel,Manual,First Owner,78000,15.4,1997.0,120.0,4.5
Maruti,Wagon R,2010,Petrol,Manual,First Owner,35000,18.9,998.0,67.1,2.0
Maruti,Swift Dzire,2018,Petrol,Manual,First Owner,9000,19.1,1197.0,85.8,6.11
Hyundai,Creta 1.6,2016,Diesel,Manual,First Owner,39000,19.67,1582.0,126.2,8.2
Hyundai,Creta 1.4,2016,Diesel,Manual,First Owner,39000,21.38,1396.0,88.7,8.25
Ford,Ecosport 1.5,2015,Diesel,Manual,First Owner,92651,21.7,1498.0,98.96,5.99
Maruti,Swift LXi,2018,Petrol,Manual,First Owner,28000,16.1,1197.0,85.0,4.9
Hyundai,EON Magna,2017,Petrol,Manual,First Owner,30000,21.1,814.0,55.2,3.4
Mercedes-Benz,E-Class E350,2009,Petrol,Automatic,Third Owner,80000,10.93,3498.0,272.0,10.0
Hyundai,Creta 1.6,2018,Diesel,Manual,First Owner,46000,19.67,1582.0,126.2,12.37
Volkswagen,Polo Diesel,2013,Diesel,Manual,Second Owner,70000,22.07,1199.0,73.9,3.5
Maruti,800 Std,2000,Petrol,Manual,Fourth & Above Owner,56194,16.1,796.0,37.0,0.31
Maruti,Swift ZXI,2018,Petrol,Manual,First Owner,40000,22.0,1197.0,81.8,6.95
Maruti,Alto 800,2015,Petrol,Manual,First Owner,40000,22.74,796.0,47.3,2.7
Maruti,Ertiga SHVS,2016,Diesel,Manual,First Owner,120000,24.52,1248.0,88.5,7.9
Maruti,Swift VDI,2016,Diesel,Manual,First Owner,120000,25.2,1248.0,74.0,5.9
Maruti,Swift Dzire,2017,Petrol,Automatic,First Owner,120000,21.21,1197.0,81.8,6.35
Mahindra,Bolero 2011-2019,2015,Diesel,Manual,Second Owner,110000,15.96,2523.0,62.1,5.4
Renault,Pulse RxZ,2012,Diesel,Manual,Second Owner,67000,23.08,1461.0,63.12,2.65
Maruti,Swift Dzire,2014,Diesel,Manual,First Owner,50000,23.4,1248.0,74.0,6.0
Hyundai,Verna 1.6,2012,Diesel,Manual,Second Owner,100000,22.32,1582.0,126.3,4.1
Toyota,Etios GD,2015,Diesel,Manual,Second Owner,80000,23.59,1364.0,67.05,5.25
Ford,Figo Diesel,2011,Diesel,Manual,First Owner,50000,18.5,1399.0,68.0,1.5
Maruti,Esteem Lxi,2007,Petrol,Manual,Third Owner,70000,15.9,1298.0,85.0,0.55
Maruti,Omni 5,2011,Petrol,Manual,Second Owner,70000,14.0,796.0,35.0,1.3
Maruti,Vitara Brezza,2017,Diesel,Manual,First Owner,50000,24.3,1248.0,88.5,9.25
Renault,Lodgy 85PS,2017,Diesel,Manual,Second Owner,65000,21.04,1461.0,83.8,6.9
Maruti,Ertiga VDI,2012,Diesel,Manual,Second Owner,200000,20.77,1248.0,88.76,5.6
Maruti,Ciaz Zeta,2018,Diesel,Manual,First Owner,7500,28.09,1248.0,88.5,9.5
Renault,Lodgy 85PS,2017,Diesel,Manual,Second Owner,65000,21.04,1461.0,83.8,6.95
Maruti,Swift VXI,2013,Petrol,Manual,Second Owner,35000,18.6,1197.0,85.8,4.5
BMW,5 Series,2013,Diesel,Automatic,First Owner,60000,16.2,2993.0,235.0,20.0
Maruti,Swift VXi,2009,Petrol,Manual,First Owner,71000,16.1,1197.0,85.0,2.3
Maruti,Alto K10,2017,Petrol,Manual,First Owner,30000,23.95,998.0,67.05,3.0
Maruti,Alto LXi,2012,Petrol,Manual,Second Owner,50000,19.7,796.0,46.3,2.0
Mercedes-Benz,New C-Class,2008,Diesel,Automatic,Second Owner,80000,14.84,2143.0,170.0,7.25
Nissan,Micra XV,2011,Petrol,Manual,Second Owner,90000,18.06,1198.0,75.0,2.35
Hyundai,i20 2015-2017,2017,Petrol,Manual,First Owner,13000,18.6,1197.0,81.83,6.66
Maruti,800 AC,2000,Petrol,Manual,Third Owner,100000,16.1,796.0,37.0,0.65
Honda,WR-V i-DTEC,2018,Diesel,Manual,First Owner,30000,25.5,1498.0,98.6,8.34
Mahindra,Bolero 2011-2019,2012,Diesel,Manual,First Owner,120000,15.96,2523.0,62.1,4.3
Maruti,Swift Vdi,2010,Diesel,Manual,Second Owner,120000,17.8,1248.0,75.0,3.6
Hyundai,EON Era,2014,Petrol,Manual,First Owner,70000,21.1,814.0,55.2,2.4
Maruti,Swift VDI,2016,Diesel,Manual,First Owner,210000,25.2,1248.0,74.0,2.1
Tata,Indigo eCS,2010,Diesel,Manual,Second Owner,148000,19.09,1396.0,69.0,1.35
Mahindra,TUV 300,2017,Diesel,Manual,First Owner,54188,18.49,1493.0,100.0,7.0
Mahindra,TUV 300,2017,Diesel,Manual,First Owner,60000,18.49,1493.0,100.0,7.5
Skoda,Rapid 1.6,2012,Diesel,Manual,First Owner,90000,20.5,1598.0,103.5,4.25
Chevrolet,Beat LT,2011,Petrol,Manual,Third Owner,100000,18.6,1199.0,79.4,1.5
Hyundai,EON D,2014,Petrol,Manual,First Owner,40000,21.1,814.0,55.2,2.15
Datsun,GO T,2014,Petrol,Manual,First Owner,35000,20.63,1198.0,67.0,2.25
Renault,KWID Climber,2017,Petrol,Manual,First Owner,20000,23.01,999.0,67.0,3.3
Maruti,Omni LPG,2007,LPG,Manual,Second Owner,144000,10.9,796.0,32.8,0.54
Hyundai,Grand i10,2014,Petrol,Automatic,First Owner,54043,18.9,1197.0,81.86,3.74
Hyundai,Verna 1.6,2012,Diesel,Automatic,First Owner,66657,22.32,1582.0,126.32,5.49
Tata,Indigo CS,2016,Diesel,Manual,Second Owner,42000,19.09,1405.0,69.01,3.9
Hyundai,i20 Asta,2013,Petrol,Manual,First Owner,35582,18.5,1197.0,82.85,4.56
Volkswagen,Polo GT,2013,Petrol,Automatic,Second Owner,54327,17.2,1197.0,103.6,4.53
Volkswagen,Ameo 1.2,2016,Petrol,Manual,First Owner,7949,17.0,1198.0,73.75,5.79
Hyundai,i10 Sportz,2010,Petrol,Automatic,First Owner,59734,16.95,1197.0,78.9,2.58
Honda,City S,2012,Petrol,Manual,First Owner,49185,16.8,1497.0,116.4,4.28
Hyundai,i10 Magna,2011,Petrol,Manual,First Owner,56389,20.36,1197.0,78.9,2.62
Volkswagen,Polo Petrol,2013,Petrol,Manual,First Owner,58245,16.47,1198.0,73.9,3.89
Nissan,Micra XL,2015,Petrol,Manual,First Owner,36422,18.44,1198.0,75.0,3.46
Honda,Jazz Basic,2011,Petrol,Manual,First Owner,42535,16.7,1198.0,88.8,3.39
Hyundai,i10 Sportz,2011,Petrol,Automatic,First Owner,40736,16.95,1197.0,78.9,2.72
Maruti,Swift VXI,2012,Petrol,Manual,First Owner,56246,18.6,1197.0,85.8,3.69
Maruti,Swift LXI,2011,Petrol,Manual,First Owner,55403,18.6,1197.0,85.8,2.77
Tata,Tigor 1.2,2018,Petrol,Manual,First Owner,30000,20.3,1199.0,84.0,5.35
Maruti,Alto K10,2015,Petrol,Manual,First Owner,67000,23.95,998.0,67.05,2.65
Hyundai,Verna 1.6,2013,Petrol,Manual,First Owner,70000,17.01,1591.0,121.3,4.0
Hyundai,Grand i10,2014,Diesel,Manual,Second Owner,90000,24.0,1120.0,70.0,4.6
Hyundai,Elite i20,2019,Petrol,Manual,First Owner,7500,18.6,1197.0,81.86,6.67
Tata,New Safari,2011,Diesel,Manual,Second Owner,80000,11.57,2179.0,138.1,3.0
Tata,Indigo CR4,2012,Diesel,Manual,First Owner,186000,23.57,1396.0,70.0,2.3
Tata,Indica V2,2016,Diesel,Manual,Second Owner,110000,25.0,1396.0,69.0,2.0
Ford,Fiesta 1.4,2005,Diesel,Manual,Third Owner,120000,17.8,1399.0,68.0,1.5
Ford,Fiesta Classic,2012,Diesel,Manual,Third Owner,105358,17.8,1399.0,67.0,2.8
Hyundai,i20 Sportz,2014,Petrol,Manual,Second Owner,70000,18.6,1197.0,81.83,5.9
Hyundai,i10 Era,2010,Petrol,Manual,Second Owner,49200,19.81,1086.0,68.05,1.42
Honda,City i-VTEC,2017,Petrol,Manual,First Owner,40000,17.4,1497.0,117.6,8.5
Honda,Mobilio V,2014,Diesel,Manual,Second Owner,40000,24.2,1498.0,98.6,6.0
Mahindra,TUV 300,2017,Diesel,Manual,First Owner,40000,18.49,1493.0,100.0,7.0
Chevrolet,Beat LS,2013,Petrol,Manual,First Owner,70000,18.6,1199.0,79.4,2.0
Hyundai,Creta 1.6,2016,Diesel,Manual,First Owner,110000,19.67,1582.0,126.2,9.0
Maruti,Alto K10,2014,Petrol,Manual,First Owner,100000,23.95,998.0,67.05,2.2
Hyundai,Grand i10,2018,Petrol,Automatic,Second Owner,10000,18.9,1197.0,81.86,6.5
Toyota,Fortuner 2.8,2017,Diesel,Automatic,First Owner,70000,15.04,2755.0,174.5,31.0
Toyota,Innova Crysta,2016,Diesel,Manual,Second Owner,100600,13.68,2393.0,147.8,15.0
BMW,X3 xDrive20d,2012,Diesel,Automatic,First Owner,50000,16.09,1995.0,184.0,18.0
Mahindra,XUV500 W8,2014,Diesel,Manual,First Owner,136000,15.1,2179.0,140.0,8.0
Mercedes-Benz,GLA Class,2017,Diesel,Automatic,Second Owner,48000,17.9,2143.0,136.0,21.0
Ford,Fiesta 1.4,2010,Diesel,Manual,Third Owner,110000,17.8,1399.0,68.0,2.5
Renault,Duster 110PS,2012,Diesel,Manual,First Owner,86000,19.01,1461.0,108.45,5.5
Maruti,Alto LXi,2009,Petrol,Manual,Second Owner,141000,19.7,796.0,46.3,1.25
Honda,City 1.5,2011,Petrol,Manual,Third Owner,80000,17.0,1497.0,118.0,4.5
Mahindra,XUV500 W10,2015,Diesel,Manual,First Owner,140000,16.0,2179.0,140.0,8.5
Maruti,Swift Dzire,2014,Diesel,Manual,Second Owner,65000,23.4,1248.0,74.0,4.6
Maruti,Swift Dzire,2014,Diesel,Manual,Second Owner,110000,23.4,1248.0,74.0,4.35
Tata,Indigo LX,2008,Diesel,Manual,Second Owner,100000,17.0,1405.0,70.0,1.2
Maruti,Swift VDI,2015,Diesel,Manual,First Owner,80000,25.2,1248.0,74.0,6.0
Maruti,Wagon R,2008,Petrol,Manual,Second Owner,90000,18.9,998.0,67.1,1.35
Ford,Figo 1.2P,2016,Petrol,Manual,First Owner,44000,18.16,1196.0,86.8,5.5
Maruti,Celerio ZXI,2014,Petrol,Manual,First Owner,25000,23.1,998.0,67.04,3.85
Hyundai,Creta 1.6,2016,Petrol,Manual,First Owner,25000,15.29,1591.0,121.3,8.0
Hyundai,i20 2015-2017,2016,Diesel,Manual,First Owner,35000,22.54,1396.0,88.73,7.8
Maruti,Alto LXi,2008,Petrol,Manual,Second Owner,195000,19.7,796.0,46.3,1.0
Hyundai,i20 2015-2017,2017,Diesel,Manual,First Owner,60000,22.54,1396.0,88.73,6.5
Maruti,800 AC,2004,Petrol,Manual,First Owner,50000,16.1,796.0,37.0,0.5
Hyundai,Verna 1.6,2012,Diesel,Manual,Second Owner,100000,22.32,1582.0,126.32,4.25
Fiat,Linea 1.3,2015,Diesel,Manual,First Owner,70000,20.4,1248.0,91.7,5.0
Maruti,Swift VDI,2017,Diesel,Manual,First Owner,30000,25.2,1248.0,74.0,5.9
Maruti,Celerio ZXI,2016,Petrol,Manual,First Owner,27000,23.1,998.0,67.04,4.6
Maruti,Swift ZXI,2020,Petrol,Manual,First Owner,5000,21.21,1197.0,81.8,5.78
Maruti,Ertiga VDI,2012,Diesel,Manual,Second Owner,110000,20.77,1248.0,88.76,5.5
Honda,City Corporate,2013,Petrol,Manual,Second Owner,80000,16.8,1497.0,116.3,4.65
Mahindra,Bolero Power,2018,Diesel,Manual,First Owner,80000,16.5,1493.0,70.0,8.9
Mahindra,Verito 1.5,2014,Diesel,Manual,First Owner,110000,20.8,1461.0,65.0,2.5
Maruti,Wagon R,2018,Petrol,Automatic,First Owner,35000,20.51,998.0,67.0,4.2
Maruti,Swift Dzire,2017,Petrol,Manual,First Owner,20000,21.21,1197.0,81.8,5.5
Maruti,Alto 800,2018,Petrol,Manual,First Owner,20000,24.7,796.0,47.3,2.7
Maruti,Swift Dzire,2018,Petrol,Automatic,First Owner,7800,22.0,1197.0,81.8,7.0
Maruti,Swift VXI,2017,Petrol,Manual,First Owner,20000,20.4,1197.0,81.8,5.0
Tata,Hexa XE,2019,Diesel,Manual,First Owner,15000,17.6,2179.0,147.94,12.5
Hyundai,i20 Magna,2013,Petrol,Manual,Second Owner,31377,18.5,1197.0,82.85,3.2
Maruti,Swift Dzire,2018,Diesel,Manual,First Owner,50000,28.4,1248.0,74.02,7.0
Maruti,Wagon R,2015,Petrol,Manual,First Owner,60000,20.51,998.0,67.04,2.9
Toyota,Corolla Altis,2012,Petrol,Automatic,First Owner,100000,14.53,1794.0,138.1,5.5
Honda,Brio S,2012,Petrol,Manual,First Owner,60000,19.4,1198.0,86.8,2.65
Maruti,Baleno Alpha,2018,Petrol,Automatic,First Owner,5000,21.4,1197.0,83.1,8.3
Tata,Safari Storme,2017,Diesel,Manual,First Owner,60000,14.1,2179.0,147.94,8.0
Maruti,Alto LXi,2011,Petrol,Manual,Second Owner,25000,19.7,796.0,46.3,1.6
Renault,KWID RXT,2018,Petrol,Manual,First Owner,30000,25.17,799.0,53.3,3.35
Datsun,GO T,2017,Petrol,Manual,Second Owner,80000,20.63,1198.0,67.0,3.29
Maruti,Vitara Brezza,2017,Diesel,Manual,First Owner,75000,24.3,1248.0,88.5,7.75
Hyundai,Xcent 1.2,2020,Petrol,Manual,First Owner,32000,20.14,1197.0,81.86,5.24
Maruti,Alto 800,2015,Petrol,Manual,First Owner,40000,22.74,796.0,47.3,2.45
Hyundai,i20 1.2,2012,Petrol,Manual,Second Owner,93000,17.0,1197.0,80.0,2.75
Hyundai,i20 Active,2015,Diesel,Manual,Second Owner,50000,21.19,1396.0,88.73,6.1
Maruti,Swift Dzire,2015,Diesel,Manual,First Owner,60000,26.59,1248.0,74.0,6.15
Maruti,Ertiga ZDI,2014,Diesel,Manual,Second Owner,60000,20.77,1248.0,88.8,6.84
Maruti,Ertiga ZDI,2014,Diesel,Manual,Second Owner,64000,20.77,1248.0,88.8,6.8
Renault,Duster 85PS,2014,Diesel,Manual,First Owner,120000,20.45,1461.0,83.8,5.0
Renault,Duster 85PS,2014,Diesel,Manual,First Owner,120000,20.45,1461.0,83.8,5.2
Ford,Freestyle Trend,2018,Diesel,Manual,First Owner,60000,24.4,1498.0,98.63,6.75
Mercedes-Benz,New C-Class,2011,Diesel,Automatic,Second Owner,81500,14.84,2143.0,167.62,13.5
Mercedes-Benz,New C-Class,2011,Diesel,Automatic,First Owner,80000,15.8,2148.0,170.0,13.5
Maruti,Swift Dzire,2019,Petrol,Manual,First Owner,5000,21.21,1197.0,81.8,6.75
Ford,Ecosport 1.5,2016,Diesel,Manual,First Owner,30000,21.7,1498.0,98.96,7.25
Mahindra,XUV300 W8,2019,Diesel,Manual,First Owner,15000,20.0,1497.0,115.0,12.0
Volkswagen,Polo 2015-2019,2018,Diesel,Manual,First Owner,40000,20.14,1498.0,88.0,6.5
Mahindra,XUV300 W8,2019,Petrol,Manual,First Owner,16500,17.0,1197.0,110.0,10.9
Hyundai,Creta 1.6,2017,Diesel,Automatic,First Owner,67000,17.01,1582.0,126.2,11.0
Hyundai,i20 1.4,2017,Diesel,Manual,First Owner,48000,22.54,1396.0,88.73,6.7
Hyundai,i20 1.4,2018,Diesel,Manual,First Owner,35000,22.54,1396.0,88.73,7.8
Maruti,Ciaz 1.3,2017,Diesel,Manual,First Owner,60000,28.09,1248.0,88.5,7.2
Maruti,Swift VXI,2018,Petrol,Manual,First Owner,52000,22.0,1197.0,81.8,6.1
Volkswagen,Ameo 1.5,2017,Diesel,Manual,First Owner,29000,22.0,1498.0,108.495,6.0
Renault,Duster 85PS,2016,Diesel,Manual,First Owner,50000,19.87,1461.0,83.8,5.35
Hyundai,i10 Magna,2009,Petrol,Manual,First Owner,110000,20.36,1197.0,78.9,1.42
Maruti,Baleno Sigma,2017,Petrol,Manual,First Owner,23000,21.4,1197.0,83.1,5.15
Datsun,GO T,2016,Petrol,Manual,First Owner,40000,20.63,1198.0,67.0,3.35
Hyundai,Creta 1.4,2017,Diesel,Manual,First Owner,60000,21.38,1396.0,88.7,9.57
Maruti,Swift Dzire,2017,Diesel,Manual,First Owner,127000,28.4,1248.0,74.02,6.05
Tata,Manza Club,2013,Diesel,Manual,First Owner,140000,21.02,1248.0,88.76,3.16
Renault,Triber RXZ,2019,Petrol,Manual,First Owner,5000,20.0,999.0,72.0,6.75
Maruti,Swift Dzire,2015,Diesel,Manual,First Owner,70000,26.59,1248.0,74.0,5.2
Maruti,Swift Dzire,2011,Diesel,Manual,First Owner,60000,19.3,1248.0,73.9,2.65
Volkswagen,Polo 1.2,2016,Petrol,Manual,Second Owner,40000,16.2,1199.0,74.0,3.95
Volkswagen,Polo 1.2,2016,Petrol,Manual,Second Owner,40000,16.2,1199.0,74.0,3.85
Maruti,Wagon R,2009,Petrol,Manual,Second Owner,70000,18.9,1061.0,67.0,1.42
Hyundai,i10 Era,2009,Petrol,Manual,First Owner,35000,19.81,1086.0,68.05,1.6
Tata,Indigo CS,2012,Diesel,Manual,Third Owner,50000,19.09,1396.0,69.0,1.8
Honda,City V,2013,Petrol,Manual,First Owner,42462,16.8,1497.0,116.3,4.8
Maruti,Swift VDI,2015,Diesel,Manual,First Owner,54723,25.2,1248.0,74.0,4.7
Maruti,Ignis 1.2,2018,Petrol,Manual,First Owner,20375,20.89,1197.0,81.8,4.8
Maruti,Swift ZDI,2013,Diesel,Manual,Second Owner,43978,28.4,1248.0,74.0,4.5
Maruti,Swift Dzire,2017,Diesel,Manual,First Owner,28832,23.4,1248.0,74.0,5.2
Ford,Figo Titanium,2019,Petrol,Manual,First Owner,3177,18.5,1194.0,94.93,7.0
Hyundai,Grand i10,2015,Petrol,Manual,First Owner,39414,18.9,1197.0,81.86,4.0
Tata,Indica V2,2012,Petrol,Manual,First Owner,30078,15.3,1396.0,70.0,2.0
Hyundai,EON Magna,2012,Petrol,Manual,First Owner,44588,21.1,814.0,55.2,2.5
Maruti,Celerio ZXI,2015,Petrol,Manual,First Owner,49907,21.63,998.0,67.04,4.0
Maruti,Swift VXI,2013,Petrol,Manual,Second Owner,67082,21.21,1197.0,81.8,3.71
Hyundai,Grand i10,2016,Petrol,Manual,First Owner,40000,18.9,1197.0,82.0,4.5
Ford,EcoSport 1.5,2016,Diesel,Manual,Second Owner,112879,23.0,1498.0,98.96,5.7
Honda,Brio S,2013,Petrol,Manual,Second Owner,80000,19.4,1198.0,86.8,3.0
Hyundai,i20 1.2,2017,Petrol,Manual,First Owner,25000,18.6,1197.0,81.83,6.2
Honda,City i-VTEC,2018,Petrol,Manual,First Owner,10200,17.4,1497.0,117.6,9.49
Mahindra,Bolero 2011-2019,2018,Diesel,Manual,First Owner,60000,16.5,1493.0,70.0,7.5
Maruti,Celerio VXI,2017,Petrol,Manual,Second Owner,20000,23.1,998.0,67.04,3.5
Mahindra,XUV500 W10,2017,Diesel,Manual,First Owner,60000,16.0,2179.0,140.0,12.5
Renault,KWID 1.0,2016,Petrol,Manual,Third Owner,30000,23.01,999.0,67.0,2.7
Hyundai,EON Magna,2013,Petrol,Manual,Second Owner,40000,21.1,814.0,55.2,2.35
Maruti,Swift VXI,2016,Petrol,Manual,First Owner,60000,20.4,1197.0,81.8,5.0
Maruti,Alto LXi,2012,Petrol,Manual,First Owner,111000,19.7,796.0,46.3,2.2
Maruti,Swift Dzire,2014,Diesel,Manual,Second Owner,70000,23.4,1248.0,74.0,3.8
Maruti,Alto K10,2010,Petrol,Manual,Third Owner,100000,20.92,998.0,67.1,1.6
Maruti,Alto K10,2010,Petrol,Manual,Third Owner,100000,20.92,998.0,67.1,1.6
Hyundai,EON 1.0,2017,Petrol,Manual,First Owner,25000,20.3,998.0,68.05,3.39
Ford,Fiesta Classic,2011,Petrol,Manual,First Owner,100000,15.3,1596.0,99.6,2.3
Mahindra,KUV 100,2016,Diesel,Manual,First Owner,35000,25.32,1198.0,77.0,4.0
Hyundai,Xcent 1.2,2018,Diesel,Manual,First Owner,25000,25.4,1186.0,73.97,4.7
Maruti,800 Std,2003,Petrol,Manual,First Owner,58000,16.1,796.0,37.0,0.45
Ford,Aspire Titanium,2019,Petrol,Manual,First Owner,20000,19.4,1194.0,94.93,5.75
Datsun,RediGO SV,2019,Petrol,Manual,First Owner,1300,22.5,999.0,67.0,3.25
Maruti,800 AC,1997,Petrol,Manual,Second Owner,120000,16.1,796.0,37.0,0.5
Maruti,Wagon R,2014,Petrol,Manual,First Owner,15000,20.51,998.0,67.04,3.5
Jaguar,XE 2016-2019,2017,Diesel,Automatic,First Owner,9000,13.6,1999.0,177.0,27.11
Lexus,ES 300h,2019,Petrol,Automatic,First Owner,20000,22.37,2487.0,214.56,51.5
Jaguar,XF 2.0,2017,Diesel,Automatic,First Owner,45000,19.33,1999.0,177.0,32.0
Tata,Safari Storme,2015,Diesel,Manual,First Owner,110000,14.1,2179.0,147.94,5.03
Volvo,XC40 D4,2019,Diesel,Automatic,First Owner,20000,18.0,1969.0,190.0,38.0
Toyota,Camry 2.5,2016,Petrol,Automatic,First Owner,68089,19.16,2494.0,157.7,20.0
Maruti,Wagon R,2013,Petrol,Manual,First Owner,58343,21.79,998.0,67.05,2.25
Maruti,Baleno Alpha,2018,Diesel,Manual,First Owner,38817,27.39,1248.0,74.0,7.4
Honda,Jazz VX,2016,Petrol,Manual,First Owner,56494,18.2,1199.0,88.7,5.5
Toyota,Innova 2.5,2013,Diesel,Manual,Second Owner,79328,12.99,2494.0,100.6,7.5
Maruti,Swift AMT,2019,Petrol,Automatic,First Owner,5621,22.0,1197.0,81.8,6.5
Toyota,Etios VX,2017,Petrol,Manual,First Owner,25538,16.78,1496.0,88.73,6.25
Maruti,Swift AMT,2018,Petrol,Automatic,First Owner,69779,22.0,1197.0,81.8,6.0
Hyundai,Grand i10,2017,Diesel,Manual,First Owner,56290,24.0,1186.0,73.97,4.5
BMW,X4 M,2019,Diesel,Automatic,First Owner,7500,16.78,1995.0,190.0,54.0
BMW,X4 M,2019,Diesel,Automatic,First Owner,8500,16.78,1995.0,190.0,55.0
Honda,Amaze V,2019,Petrol,Automatic,First Owner,7032,19.0,1199.0,88.76,7.79
Skoda,Rapid 1.6,2016,Petrol,Automatic,First Owner,11000,14.3,1598.0,103.5,6.45
Volvo,V40 D3,2018,Diesel,Automatic,First Owner,2000,16.8,1984.0,150.0,24.75
Renault,KWID RXT,2016,Petrol,Manual,First Owner,25000,25.17,799.0,53.3,3.0
Nissan,Terrano XL,2014,Diesel,Manual,First Owner,150000,19.01,1461.0,108.5,5.4
Maruti,Celerio ZXI,2018,Petrol,Manual,First Owner,10000,23.1,998.0,67.04,5.8
Hyundai,Creta 1.6,2015,Diesel,Manual,First Owner,70000,19.67,1582.0,126.2,10.0
Tata,Zest Quadrajet,2017,Diesel,Manual,First Owner,80000,22.95,1248.0,74.0,4.6
Maruti,Swift VDI,2015,Diesel,Manual,First Owner,50000,25.2,1248.0,74.0,6.35
Hyundai,Verna 1.6,2014,Diesel,Manual,Third Owner,83000,22.32,1582.0,126.32,6.5
Maruti,Swift Dzire,2013,Diesel,Manual,Second Owner,116000,23.4,1248.0,74.0,5.25
Fiat,Grande Punto,2015,Petrol,Manual,Third Owner,60000,15.8,1172.0,67.1,3.5
Maruti,Swift Dzire,2008,Diesel,Manual,Third Owner,175802,19.3,1248.0,73.9,3.2
Toyota,Innova 2.5,2006,Diesel,Manual,Fourth & Above Owner,192000,12.8,2494.0,102.0,4.5
Volkswagen,Vento Petrol,2011,Petrol,Manual,First Owner,73840,15.04,1598.0,103.6,2.27
Mahindra,Bolero DI,2011,Diesel,Manual,Second Owner,162000,13.6,2523.0,63.0,3.25
Datsun,RediGO AMT,2018,Petrol,Automatic,First Owner,20000,23.0,999.0,67.0,2.75
Hyundai,Grand i10,2013,Petrol,Manual,Third Owner,75000,18.9,1197.0,82.0,3.0
Mahindra,Scorpio SLE,2011,Diesel,Manual,Third Owner,320000,12.05,2179.0,120.0,4.0
Volkswagen,Vento 1.5,2015,Diesel,Manual,Second Owner,120000,20.34,1498.0,103.2,5.5
Maruti,Swift VXI,2016,Petrol,Manual,First Owner,20000,20.4,1197.0,81.8,5.5
Skoda,Rapid Monte,2017,Diesel,Automatic,First Owner,40000,21.66,1498.0,108.6,9.0
Maruti,Alto LXi,2010,Petrol,Manual,First Owner,20000,19.7,796.0,46.3,1.65
Hyundai,EON Magna,2014,Petrol,Manual,First Owner,70000,21.1,814.0,55.2,2.1
Renault,Duster 110PS,2016,Diesel,Manual,First Owner,30000,19.64,1461.0,108.45,6.5
Mahindra,XUV500 W8,2014,Diesel,Manual,First Owner,120000,15.1,2179.0,140.0,6.8
Renault,KWID 1.0,2019,Petrol,Manual,First Owner,25000,23.01,999.0,67.0,3.9
Renault,KWID RXL,2016,Petrol,Manual,First Owner,80000,25.17,799.0,53.3,2.6
Maruti,Swift Dzire,2013,Petrol,Manual,First Owner,67000,19.1,1197.0,85.8,4.5
Hyundai,i10 Era,2008,Petrol,Manual,Second Owner,120000,19.81,1086.0,68.05,1.3
Maruti,Vitara Brezza,2019,Diesel,Manual,First Owner,9000,24.3,1248.0,88.5,8.9
Volvo,XC40 D4,2019,Diesel,Automatic,First Owner,20000,18.0,1969.0,190.0,38.0
Volkswagen,Jetta 1.6,2010,Petrol,Manual,Second Owner,80000,14.0,1595.0,102.0,2.25
Toyota,Fortuner 2.8,2018,Diesel,Automatic,First Owner,60000,15.04,2755.0,174.5,32.0
Tata,Manza Aura,2010,Diesel,Manual,First Owner,120000,21.12,1248.0,88.8,2.1
Toyota,Land Cruiser,2014,Diesel,Automatic,First Owner,60000,11.0,2982.0,170.3,35.0
Honda,City i,2014,Diesel,Manual,Second Owner,80000,25.1,1498.0,98.6,7.5
Chevrolet,Tavera Neo,2011,Diesel,Manual,Second Owner,120000,12.2,2499.0,80.0,3.5
Honda,Civic ZX,2019,Petrol,Automatic,Test Drive Car,24857,16.5,1799.0,139.46,20.0
Hyundai,EON 1.0,2017,Petrol,Manual,First Owner,26442,20.3,998.0,68.05,2.7
Maruti,Ertiga BSIV,2017,Petrol,Manual,First Owner,35000,17.5,1373.0,91.1,7.0
Maruti,Alto LXi,2010,Petrol,Manual,Second Owner,28000,19.7,796.0,46.3,1.3
Maruti,Ertiga ZDI,2015,Diesel,Manual,First Owner,80000,20.77,1248.0,88.8,6.5
Maruti,Alto LX,2005,Petrol,Manual,First Owner,39000,19.7,796.0,46.3,0.55
Maruti,Wagon R,2017,Petrol,Automatic,First Owner,20000,20.51,998.0,67.0,4.75
Nissan,Sunny Diesel,2013,Diesel,Manual,First Owner,50000,21.64,1461.0,84.8,3.25
Honda,Jazz 1.2,2017,Petrol,Automatic,First Owner,40000,19.0,1199.0,88.7,6.15
Hyundai,Grand i10,2015,Petrol,Manual,First Owner,15000,18.9,1197.0,82.0,3.9
Maruti,Swift AMT,2019,Petrol,Automatic,First Owner,15000,22.0,1197.0,81.8,6.5
Maruti,Swift VXI,2015,Petrol,Manual,First Owner,30000,20.4,1197.0,81.8,4.4
Honda,City i,2014,Diesel,Manual,First Owner,70000,26.0,1498.0,98.6,6.0
Chevrolet,Spark 1.0,2012,Petrol,Manual,First Owner,80000,16.2,995.0,62.1,1.7
Mahindra,Bolero 2011-2019,2013,Diesel,Manual,First Owner,80000,15.96,2523.0,63.0,4.99
Hyundai,i20 Asta,2012,Diesel,Manual,First Owner,120000,22.54,1396.0,88.73,5.25
Nissan,Terrano XL,2015,Diesel,Manual,First Owner,90000,20.45,1461.0,83.8,5.8
Chevrolet,Enjoy 1.3,2016,Diesel,Manual,Second Owner,110000,18.2,1248.0,73.74,4.2
Toyota,Innova 2.5,2015,Diesel,Manual,First Owner,120000,12.99,2494.0,100.6,13.0
Hyundai,Verna 1.6,2016,Diesel,Manual,First Owner,80000,23.9,1582.0,126.2,8.0
Maruti,Swift VXI,2020,Petrol,Manual,First Owner,5000,21.21,1197.0,81.8,6.0
Honda,Brio 1.2,2017,Petrol,Manual,First Owner,50000,18.5,1198.0,86.8,4.0
Maruti,Swift Dzire,2017,Diesel,Manual,First Owner,65000,26.59,1248.0,74.0,7.0
Maruti,Baleno Alpha,2017,Diesel,Manual,First Owner,35000,27.39,1248.0,74.0,8.0
Honda,Jazz 1.5,2015,Diesel,Manual,First Owner,90000,27.3,1498.0,98.6,6.0
Maruti,Swift VDI,2016,Diesel,Manual,First Owner,100000,25.2,1248.0,74.0,5.8
Renault,KWID RXT,2016,Petrol,Manual,First Owner,15000,25.17,799.0,53.3,3.5
Ford,Figo Diesel,2011,Diesel,Manual,First Owner,147000,20.0,1399.0,68.0,2.05
Mahindra,XUV500 W10,2017,Diesel,Manual,First Owner,20000,16.0,2179.0,140.0,13.5
Hyundai,i20 Asta,2009,Diesel,Manual,Second Owner,120000,23.0,1396.0,90.0,3.1
Toyota,Innova 2.5,2011,Diesel,Manual,Second Owner,250000,12.8,2494.0,102.0,7.0
Ford,Figo 1.5D,2016,Diesel,Manual,Second Owner,69000,25.83,1498.0,99.0,4.6
Maruti,Ciaz ZDi,2017,Diesel,Manual,First Owner,80000,28.09,1248.0,88.5,8.6
Hyundai,i10 LPG,2012,LPG,Manual,Third Owner,97000,19.0,1086.0,68.1,2.75
Renault,KWID RXT,2016,Petrol,Manual,First Owner,15000,25.17,799.0,53.3,3.9
Tata,Hexa XT,2018,Diesel,Manual,First Owner,50000,17.6,2179.0,153.86,15.25
Maruti,Alto LX,2005,Petrol,Manual,Second Owner,50800,19.7,796.0,46.3,1.1
Maruti,Celerio ZXI,2017,Petrol,Manual,First Owner,10000,23.1,998.0,67.04,4.85
BMW,6 Series,2018,Diesel,Automatic,First Owner,30000,17.09,2993.0,261.4,58.3
Maruti,Alto LXi,2012,Petrol,Manual,Second Owner,60000,19.7,796.0,46.3,1.85
Hyundai,Xcent 1.1,2018,Diesel,Manual,First Owner,40142,24.4,1120.0,71.0,6.65
Hyundai,i20 1.2,2019,Petrol,Manual,First Owner,9400,18.6,1197.0,81.83,7.21
Mahindra,KUV 100,2016,Diesel,Manual,First Owner,62000,25.32,1198.0,77.0,3.9
Tata,Manza Aura,2011,Diesel,Manual,First Owner,90000,18.8,1248.0,90.0,1.9
Mahindra,Thar CRDe,2019,Diesel,Manual,First Owner,12584,16.55,2498.0,105.0,9.75
Datsun,GO A,2016,Petrol,Manual,First Owner,49000,19.02,1198.0,67.05,2.75
Maruti,Alto 800,2016,Petrol,Manual,First Owner,32000,24.7,796.0,47.3,3.15
Hyundai,Elite i20,2019,Petrol,Manual,First Owner,4300,18.6,1197.0,81.86,6.85
Maruti,Swift VXI,2019,Petrol,Manual,First Owner,14548,21.21,1197.0,81.8,5.95
Ford,EcoSport 1.5,2018,Diesel,Manual,Second Owner,44772,23.0,1498.0,98.96,9.0
Maruti,Ertiga ZDI,2018,Diesel,Manual,First Owner,48500,25.47,1248.0,88.5,9.5
Maruti,Alto 800,2016,Petrol,Manual,First Owner,38000,24.7,796.0,47.3,2.75
Hyundai,i20 2015-2017,2017,Petrol,Manual,First Owner,28782,18.6,1197.0,81.83,5.7
Hyundai,i20 Asta,2018,Petrol,Manual,First Owner,28451,18.6,1197.0,81.83,7.0
Maruti,Vitara Brezza,2018,Diesel,Manual,First Owner,36500,24.3,1248.0,88.5,9.1
Maruti,Swift Dzire,2018,Diesel,Manual,First Owner,44885,26.59,1248.0,74.0,7.51
Hyundai,EON Era,2014,Petrol,Manual,First Owner,35000,21.1,814.0,55.2,2.25
Tata,Indica Vista,2009,Diesel,Manual,Second Owner,110000,17.0,1405.0,71.0,1.35
Maruti,Ertiga ZDI,2017,Diesel,Manual,First Owner,79000,25.47,1248.0,88.5,8.25
Toyota,Fortuner 4x2,2015,Diesel,Automatic,Second Owner,91000,12.55,2982.0,168.5,16.5
Maruti,Vitara Brezza,2018,Diesel,Manual,First Owner,50000,24.3,1248.0,88.5,8.75
Maruti,Ciaz ZDi,2016,Diesel,Manual,Second Owner,81000,28.09,1248.0,88.5,6.5
Jeep,Compass 1.4,2019,Petrol,Automatic,First Owner,22000,16.0,1368.0,160.0,14.5
Hyundai,Creta 1.6,2017,Diesel,Manual,First Owner,41000,20.5,1582.0,126.2,9.75
Maruti,Ertiga SHVS,2019,Diesel,Manual,First Owner,50000,24.52,1248.0,88.5,9.25
Maruti,Ertiga ZDI,2016,Diesel,Manual,First Owner,66000,20.77,1248.0,88.8,7.25
Maruti,Ertiga VDI,2013,Diesel,Manual,First Owner,65000,20.77,1248.0,88.76,5.5
Hyundai,i20 Diesel,2014,Diesel,Manual,First Owner,76000,22.54,1396.0,88.73,5.5
Toyota,Innova 2.5,2013,Diesel,Manual,First Owner,95000,12.8,2494.0,102.0,7.5
Honda,City 1.5,2013,Petrol,Manual,Second Owner,55000,17.0,1497.0,118.0,4.75
Datsun,GO Plus,2017,Petrol,Manual,First Owner,65000,19.02,1198.0,67.05,3.25
Maruti,Ertiga VDI,2017,Diesel,Manual,First Owner,76000,25.47,1248.0,88.5,7.25
Maruti,Ertiga VXI,2018,Petrol,Manual,Second Owner,47000,16.02,1373.0,93.7,7.75
Maruti,Swift Dzire,2017,Diesel,Manual,First Owner,70000,23.4,1248.0,74.0,6.25
Maruti,Swift ZDi,2014,Diesel,Manual,First Owner,89000,22.9,1248.0,74.0,4.7
Toyota,Innova Crysta,2017,Diesel,Manual,First Owner,98000,13.68,2393.0,147.51,17.5
Toyota,Innova Crysta,2016,Diesel,Manual,First Owner,90000,13.68,2393.0,147.51,16.5
Hyundai,Creta 1.4,2018,Diesel,Manual,First Owner,70000,21.38,1396.0,88.7,10.5
Maruti,Swift VDI,2013,Diesel,Manual,First Owner,57000,22.9,1248.0,74.0,3.8
Maruti,Swift Dzire,2017,Diesel,Manual,First Owner,70000,26.59,1248.0,74.0,6.5
Hyundai,EON Era,2016,Petrol,Manual,First Owner,49200,21.1,814.0,55.2,2.75
Honda,Civic 1.8,2009,Petrol,Manual,Second Owner,125000,13.5,1799.0,130.0,2.2
Hyundai,i10 Era,2008,Petrol,Manual,Second Owner,60000,19.81,1086.0,68.05,2.0
Maruti,Eeco 5,2015,Petrol,Manual,Second Owner,120000,15.37,1196.0,73.0,3.15
Maruti,Alto LXI,2004,Petrol,Manual,Third Owner,110000,19.7,796.0,46.3,0.9
Maruti,Wagon R,2007,Petrol,Manual,Second Owner,70000,18.9,1061.0,67.0,1.2
Maruti,Wagon R,2006,Petrol,Manual,Second Owner,168000,18.9,998.0,67.1,0.9
Mahindra,XUV500 W10,2018,Diesel,Manual,First Owner,30000,16.0,2179.0,140.0,15.0
Hyundai,Grand i10,2015,Diesel,Manual,First Owner,60000,24.0,1120.0,70.0,3.7
Maruti,Swift VDI,2016,Diesel,Manual,First Owner,131111,25.2,1248.0,74.0,5.95
Mahindra,Renault Logan,2007,Diesel,Manual,Second Owner,120000,19.2,1461.0,65.0,1.5
Maruti,Swift Dzire,2012,Diesel,Manual,Second Owner,58400,19.3,1248.0,73.9,4.0
Maruti,Alto K10,2016,Petrol,Manual,Second Owner,23400,23.95,998.0,67.1,3.1
Maruti,Celerio VXI,2018,Petrol,Manual,First Owner,50000,23.1,998.0,67.04,3.85
Mahindra,XUV500 W8,2014,Diesel,Manual,First Owner,90000,15.1,2179.0,140.0,7.5
Hyundai,Santro Sportz,2019,Petrol,Automatic,First Owner,3010,20.3,1086.0,68.0,5.21
Tata,Manza Aqua,2010,Diesel,Manual,First Owner,80000,21.12,1248.0,88.8,1.8
Ford,Fiesta EXi,2011,Diesel,Manual,Second Owner,155000,17.8,1399.0,68.0,2.2
Maruti,800 AC,1998,Petrol,Manual,Second Owner,70000,16.1,796.0,37.0,0.4
Hyundai,Grand i10,2018,Petrol,Manual,First Owner,4000,18.9,1197.0,81.86,5.4
Maruti,Alto LXi,2007,Petrol,Manual,Second Owner,35000,19.7,796.0,46.3,1.4
Maruti,Zen VXI,2003,Petrol,Manual,First Owner,121000,17.3,993.0,60.0,2.0
Ford,EcoSport 1.5,2015,Diesel,Manual,Second Owner,110000,22.77,1498.0,98.59,6.5
Ford,Fiesta 1.4,2010,Diesel,Manual,Second Owner,170000,17.8,1399.0,68.0,2.3
Maruti,Swift Vdi,2010,Diesel,Manual,Third Owner,175000,17.8,1248.0,75.0,3.05
Mahindra,XUV500 W10,2018,Diesel,Manual,First Owner,30000,16.0,1997.0,140.0,14.0
Ford,Fiesta 1.4,2008,Diesel,Manual,First Owner,163000,17.8,1399.0,68.0,2.0
Ford,Fiesta 1.4,2008,Diesel,Manual,First Owner,163000,17.8,1399.0,68.0,2.0
Mahindra,Xylo D2,2010,Diesel,Manual,First Owner,77088,14.0,2489.0,95.0,4.65
Nissan,Micra Diesel,2011,Diesel,Manual,Third Owner,110000,23.08,1461.0,63.1,2.1
Mahindra,Bolero 2011-2019,2016,Diesel,Manual,First Owner,136511,15.96,2523.0,62.1,5.7
Maruti,Ertiga ZXI,2015,Petrol,Manual,First Owner,80000,16.02,1373.0,93.7,5.7
Maruti,Ertiga ZXI,2015,Petrol,Manual,First Owner,60000,16.02,1373.0,93.7,6.5
Maruti,Swift Dzire,2016,Petrol,Manual,First Owner,36000,20.85,1197.0,83.14,6.2
Maruti,Wagon R,2012,Petrol,Manual,Second Owner,65000,18.9,998.0,67.1,2.5
BMW,X1 sDrive20d,2011,Diesel,Automatic,First Owner,50000,17.05,1995.0,184.0,10.0
Maruti,Wagon R,2012,LPG,Manual,First Owner,60000,26.2,998.0,58.2,3.0
Fiat,Grande Punto,2013,Diesel,Manual,First Owner,82500,20.3,1248.0,75.0,3.0
Ford,EcoSport 1.5,2018,Diesel,Manual,Second Owner,30000,23.0,1498.0,98.96,8.1
Chevrolet,Cruze LTZ,2011,Diesel,Manual,Third Owner,100000,18.3,1991.0,147.9,2.7
Maruti,Swift Dzire,2015,Diesel,Manual,Second Owner,70000,26.59,1248.0,74.0,4.7
Tata,Zest Quadrajet,2017,Diesel,Manual,First Owner,85000,20.65,1248.0,88.7,4.0
Maruti,Wagon R,2014,Petrol,Manual,Second Owner,60000,20.51,998.0,67.04,3.0
Maruti,Alto 800,2015,Petrol,Manual,Third Owner,20000,22.74,796.0,47.3,1.7
Renault,Duster 110PS,2014,Diesel,Manual,First Owner,80000,19.01,1461.0,108.45,4.56
Mahindra,Xylo D2,2009,Diesel,Manual,Second Owner,100000,13.0,2489.0,95.0,1.21
Maruti,Vitara Brezza,2016,Diesel,Manual,Second Owner,80000,24.3,1248.0,88.5,6.5
Tata,Bolt Revotron,2017,Petrol,Manual,First Owner,35000,17.57,1193.0,88.7,3.5
Chevrolet,Beat Diesel,2013,Diesel,Manual,First Owner,139000,25.44,936.0,57.6,1.25
Maruti,Alto AX,2005,Petrol,Automatic,Second Owner,90000,19.7,796.0,46.3,0.8
Honda,City 2017-2020,2008,Petrol,Manual,First Owner,100000,17.7,1497.0,78.0,2.5
Volkswagen,Vento Diesel,2011,Diesel,Manual,First Owner,90000,20.54,1598.0,103.6,2.25
Mahindra,Bolero SLX,2007,Diesel,Manual,Second Owner,105000,13.6,2523.0,63.0,2.15
Hyundai,Xcent 1.2,2017,Diesel,Manual,Second Owner,40000,25.4,1186.0,73.97,4.5
Hyundai,Xcent 1.2,2017,Petrol,Manual,First Owner,90000,20.14,1197.0,81.86,5.1
Maruti,Alto 800,2015,Petrol,Manual,Second Owner,36710,22.74,796.0,47.3,2.45
Mahindra,Supro LX,2018,Diesel,Manual,First Owner,50000,23.5,909.0,45.0,4.0
Maruti,SX4 S,2016,Diesel,Manual,First Owner,28180,23.65,1248.0,88.5,6.2
Maruti,SX4 S,2017,Diesel,Manual,First Owner,44000,23.65,1248.0,88.5,6.5
Tata,Harrier XZ,2019,Diesel,Manual,First Owner,15000,17.0,1956.0,138.1,17.0
Datsun,GO Plus,2019,Petrol,Manual,First Owner,4000,19.72,1198.0,67.0,5.9
Maruti,Ritz VDi,2014,Diesel,Manual,First Owner,30000,23.2,1248.0,73.94,3.7
Maruti,Swift VXI,2013,Petrol,Manual,First Owner,15000,18.6,1197.0,85.8,3.5
Maruti,Baleno Alpha,2017,Petrol,Manual,First Owner,20000,21.4,1197.0,83.1,5.8
Hyundai,Grand i10,2018,Petrol,Manual,First Owner,56000,18.9,1197.0,81.86,4.5
Hyundai,i20 Active,2017,Petrol,Manual,First Owner,19000,17.19,1197.0,81.86,6.0
Ford,Endeavour 2.2,2016,Diesel,Automatic,First Owner,30000,12.62,2198.0,158.0,24.0
Hyundai,i20 1.2,2017,Petrol,Manual,First Owner,70000,18.6,1197.0,81.83,4.5
Tata,Indigo CS,2009,Diesel,Manual,First Owner,30000,19.09,1396.0,69.0,1.5
Maruti,Eeco 5,2019,Petrol,Manual,First Owner,15000,15.37,1196.0,73.0,4.0
Maruti,Alto 800,2013,Petrol,Manual,First Owner,85000,22.74,796.0,47.3,1.85
Maruti,Swift AMT,2018,Petrol,Automatic,First Owner,50000,22.0,1197.0,81.8,6.25
Hyundai,i20 Active,2019,Petrol,Manual,First Owner,20000,17.19,1197.0,81.86,7.0
Maruti,Wagon R,2017,Petrol,Manual,First Owner,25000,20.51,998.0,67.04,3.9
Tata,Nexon 1.2,2018,Petrol,Manual,First Owner,25000,17.0,1198.0,108.5,6.25
Maruti,Swift Dzire,2014,Petrol,Manual,First Owner,50000,19.1,1197.0,85.8,4.0
Hyundai,i20 1.4,2011,Diesel,Manual,Fourth & Above Owner,150000,23.0,1396.0,90.0,3.8
Toyota,Corolla Altis,2009,Petrol,Automatic,First Owner,90000,14.53,1794.0,138.1,4.0
Tata,Zest Revotron,2019,Petrol,Manual,First Owner,100000,17.57,1193.0,88.7,6.2
Ford,Fiesta Classic,2008,Diesel,Manual,Second Owner,180000,17.8,1399.0,67.0,1.9
Maruti,Alto 800,2013,Petrol,Manual,Second Owner,50000,22.74,796.0,47.3,2.1
Maruti,Ritz VDi,2012,Diesel,Manual,Third Owner,80000,23.2,1248.0,73.94,2.7
Maruti,Zen Std,1999,Petrol,Manual,Third Owner,100000,17.3,993.0,60.0,0.45
Hyundai,EON D,2014,Petrol,Manual,Second Owner,93000,21.1,814.0,55.2,2.2
Mahindra,Bolero 2011-2019,2014,Diesel,Manual,First Owner,11500,15.96,2523.0,63.0,5.5
Hyundai,i20 Asta,2013,Petrol,Manual,First Owner,120000,18.5,1197.0,82.85,3.7
Mahindra,Xylo D2,2015,Diesel,Manual,First Owner,50000,14.95,2489.0,93.7,6.5
Honda,City V,2012,Petrol,Manual,First Owner,120000,16.8,1497.0,116.3,5.5
Ford,Fiesta 1.4,2010,Diesel,Manual,Second Owner,100000,17.8,1399.0,68.0,2.25
Maruti,800 Std,2004,Petrol,Manual,Second Owner,57000,16.1,796.0,37.0,0.4
Hyundai,EON Era,2016,Petrol,Manual,First Owner,60000,21.1,814.0,55.2,2.8
Ford,Figo Aspire,2017,Petrol,Automatic,First Owner,44077,17.01,1499.0,110.5,5.7
Maruti,Alto 800,2017,Petrol,Manual,Second Owner,90000,24.7,796.0,47.3,2.9
Hyundai,i20 Active,2018,Diesel,Manual,Second Owner,50000,21.19,1396.0,88.73,7.2
Ford,EcoSport 1.5,2017,Diesel,Manual,First Owner,60000,22.77,1498.0,98.59,8.0
Hyundai,i10 Era,2012,Petrol,Manual,Third Owner,20000,19.81,1086.0,68.05,2.65
Maruti,Alto LX,2010,Petrol,Manual,Third Owner,90000,19.7,796.0,46.3,1.35
Ford,Figo 1.5D,2016,Diesel,Manual,Second Owner,70000,25.83,1498.0,99.0,3.5
Chevrolet,Enjoy 1.3,2016,Diesel,Manual,First Owner,80000,18.2,1248.0,73.74,4.9
Hyundai,Verna 1.6,2012,Diesel,Manual,Second Owner,72000,22.32,1582.0,126.32,4.5
Mahindra,Scorpio 1.99,2016,Diesel,Manual,First Owner,50000,15.4,1997.0,120.0,9.5
Maruti,Swift Dzire,2012,Petrol,Manual,Second Owner,90000,17.5,1298.0,85.8,3.55
Hyundai,Elite i20,2019,Petrol,Manual,First Owner,17000,18.6,1197.0,81.86,7.0
Mahindra,Scorpio VLX,2012,Diesel,Manual,First Owner,70000,12.05,2179.0,120.0,4.6
Volkswagen,Polo Diesel,2012,Diesel,Manual,Second Owner,74000,22.07,1199.0,73.9,3.5
Maruti,Alto LX,2006,Petrol,Manual,Second Owner,60000,19.7,796.0,46.3,0.85
Maruti,Alto 800,2016,Petrol,Manual,First Owner,15000,22.74,796.0,47.3,2.9
Honda,WR-V i-DTEC,2019,Diesel,Manual,First Owner,72000,25.5,1498.0,98.6,10.0
Tata,Indica V2,2008,Petrol,Manual,Second Owner,25000,16.84,1193.0,64.4,0.85
Maruti,Alto LXI,2003,Petrol,Manual,First Owner,114000,19.7,796.0,46.3,0.65
Honda,City 1.5,2005,Petrol,Manual,First Owner,120000,13.0,1493.0,100.0,0.75
Skoda,Octavia Ambiente,2003,Diesel,Manual,Second Owner,250000,18.7,1896.0,66.0,1.0
Tata,Indica Vista,2009,Diesel,Manual,First Owner,55768,17.0,1405.0,71.0,1.7
Hyundai,Grand i10,2017,Petrol,Automatic,First Owner,40000,18.9,1197.0,81.86,5.25
Maruti,Wagon R,2020,Petrol,Manual,Second Owner,70000,21.79,998.0,67.05,2.65
Tata,Tigor 1.2,2018,Petrol,Manual,First Owner,50000,20.3,1199.0,84.0,4.6
Maruti,Alto K10,2017,Petrol,Manual,First Owner,20000,23.95,998.0,67.05,2.5
Maruti,Swift Dzire,2013,Diesel,Manual,Second Owner,70000,23.4,1248.0,74.0,3.95
Hyundai,Grand i10,2014,Petrol,Manual,First Owner,60000,18.9,1197.0,82.0,3.75
Tata,Indica Vista,2009,Diesel,Manual,First Owner,120000,17.0,1405.0,71.0,1.2
Maruti,Ritz VDi,2011,Diesel,Manual,Second Owner,110000,21.1,1248.0,73.9,2.9
Tata,Tiago 1.2,2017,Petrol,Manual,First Owner,60000,23.84,1199.0,84.0,4.1
Chevrolet,Spark 1.0,2009,Petrol,Manual,First Owner,30000,16.5,995.0,63.0,2.0
Skoda,Rapid 1.5,2018,Diesel,Manual,First Owner,35000,21.13,1498.0,108.6,9.0
Maruti,800 Std,2003,Petrol,Manual,Third Owner,50000,16.1,796.0,37.0,0.5
Renault,Duster 110PS,2012,Diesel,Manual,First Owner,100000,19.01,1461.0,108.45,4.5
Mahindra,XUV500 W8,2012,Diesel,Manual,Third Owner,80000,15.1,2179.0,140.0,6.5
Volkswagen,CrossPolo 1.5,2014,Diesel,Manual,Second Owner,84000,20.14,1498.0,88.5,3.0
Ford,Fiesta 1.5,2014,Diesel,Manual,First Owner,60000,25.01,1498.0,89.75,4.25
Maruti,Zen VXI,1998,Petrol,Manual,Second Owner,50000,17.3,993.0,60.0,0.55
Hyundai,i10 Magna,2011,Petrol,Manual,Second Owner,60000,20.36,1197.0,78.9,2.0
Mahindra,XUV500 W10,2015,Diesel,Manual,First Owner,100000,16.0,2179.0,140.0,9.75
Mahindra,Bolero 2011-2019,2013,Diesel,Manual,First Owner,70000,15.96,2523.0,62.1,4.5
Mahindra,Bolero 2011-2019,2014,Diesel,Manual,Second Owner,82500,15.96,2523.0,62.1,6.0
Mahindra,Bolero 2011-2019,2014,Diesel,Manual,First Owner,76000,15.96,2523.0,62.1,5.5
Tata,Indica Vista,2011,Diesel,Manual,First Owner,87000,18.0,1248.0,75.0,1.8
Mahindra,Xylo E4,2010,Diesel,Manual,First Owner,120000,14.0,2498.0,112.0,3.0
Tata,Zest Revotron,2016,Petrol,Manual,Second Owner,70000,17.57,1193.0,88.7,3.5
Maruti,Swift Dzire,2014,Diesel,Manual,First Owner,90000,23.4,1248.0,74.0,4.65
Tata,Manza Aura,2010,Diesel,Manual,Second Owner,188000,21.12,1248.0,88.8,2.0
Chevrolet,Enjoy TCDi,2014,Diesel,Manual,Second Owner,120000,18.2,1248.0,73.8,3.5
Honda,City i,2015,Petrol,Manual,First Owner,80000,17.4,1497.0,117.3,6.5
Hyundai,i10 Magna,2010,Petrol,Manual,Second Owner,123278,20.36,1197.0,78.9,1.5
Honda,City i,2014,Diesel,Manual,Second Owner,100000,26.0,1498.0,98.6,5.6
Hyundai,i20 Active,2015,Diesel,Manual,First Owner,90000,21.19,1396.0,88.73,6.25
Ford,Figo Diesel,2012,Diesel,Manual,First Owner,110000,20.0,1399.0,68.0,2.2
Ford,Figo Diesel,2013,Diesel,Manual,First Owner,110000,20.0,1399.0,68.1,2.5
Tata,Zest Quadrajet,2018,Diesel,Manual,First Owner,70000,20.65,1248.0,88.7,5.75
Mahindra,XUV500 W8,2015,Diesel,Manual,First Owner,65000,15.1,2179.0,140.0,10.5
Jaguar,XF 2.2,2015,Diesel,Automatic,Second Owner,70000,16.36,2179.0,187.7,30.0
Tata,New Safari,2012,Diesel,Manual,Third Owner,90000,11.57,2179.0,138.1,2.0
Maruti,Alto 800,2016,Petrol,Manual,First Owner,50000,22.74,796.0,47.3,2.62
Hyundai,EON Era,2018,Petrol,Manual,First Owner,33000,21.1,814.0,55.2,2.99
Maruti,Alto 800,2015,Petrol,Manual,First Owner,26500,22.74,796.0,47.3,2.5
Hyundai,Santro Xing,2011,Petrol,Manual,Fourth & Above Owner,60000,17.92,1086.0,62.1,1.4
Maruti,Swift Dzire,2013,Diesel,Manual,Third Owner,70000,23.4,1248.0,74.0,3.6
Datsun,GO A,2015,Petrol,Manual,First Owner,80000,20.63,1198.0,67.06,2.1
Hyundai,i20 1.4,2017,Diesel,Manual,First Owner,60000,22.54,1396.0,88.73,6.0
Skoda,Fabia 1.2L,2011,Diesel,Manual,First Owner,100000,19.5,1199.0,75.0,2.1
Volkswagen,Vento Diesel,2011,Diesel,Manual,Second Owner,80000,20.54,1598.0,103.6,3.0
Hyundai,Grand i10,2016,Petrol,Manual,First Owner,35000,18.9,1197.0,82.0,4.5
Ford,Endeavour 3.2,2018,Diesel,Automatic,First Owner,35000,10.91,3198.0,197.0,32.0
Hyundai,Grand i10,2019,Petrol,Manual,First Owner,10000,18.9,1197.0,81.86,5.5
Tata,Indica Vista,2011,Diesel,Manual,First Owner,80000,18.0,1248.0,75.0,1.0
Hyundai,EON Era,2012,Petrol,Manual,Second Owner,50000,21.1,814.0,55.2,1.85
Maruti,Wagon R,2006,Petrol,Manual,Second Owner,90000,17.3,1061.0,64.0,0.8
Maruti,Alto 800,2017,Petrol,Manual,First Owner,80000,24.7,796.0,47.3,2.95
Renault,KWID Climber,2017,Petrol,Manual,First Owner,25000,23.01,999.0,67.0,3.6
Maruti,Alto K10,2014,Petrol,Manual,First Owner,70000,20.92,998.0,67.1,2.1
Hyundai,Elite i20,2019,Petrol,Automatic,First Owner,80000,17.4,1197.0,81.86,5.85
Volkswagen,Polo Select,2016,Diesel,Manual,First Owner,50000,20.14,1498.0,88.7,5.6
Honda,City i,2015,Diesel,Manual,First Owner,70000,26.0,1498.0,98.6,6.0
Datsun,GO T,2017,Petrol,Manual,First Owner,60000,20.63,1198.0,67.0,3.3
Hyundai,Verna VTVT,2019,Petrol,Manual,First Owner,15000,17.0,1591.0,121.3,9.9
Toyota,Etios Diesel,2012,Diesel,Manual,First Owner,90000,23.59,1364.0,67.1,3.0
Tata,Nexon 1.2,2018,Petrol,Manual,First Owner,28000,17.0,1198.0,108.5,6.5
Hyundai,Elite i20,2019,Petrol,Automatic,First Owner,20000,17.4,1197.0,81.86,6.95
Hyundai,Grand i10,2014,Diesel,Manual,First Owner,60000,24.0,1120.0,70.0,3.0
Maruti,Alto 800,2015,Petrol,Manual,First Owner,22000,22.74,796.0,47.3,2.7
Tata,New Safari,2010,Diesel,Manual,Second Owner,70000,11.57,2179.0,138.1,1.85
Chevrolet,Sail Hatchback,2013,Diesel,Manual,First Owner,80000,22.1,1248.0,76.9,2.0
Maruti,Wagon R,2019,CNG,Manual,First Owner,35000,26.6,998.0,58.16,4.6
Tata,Nexon 1.5,2018,Diesel,Manual,First Owner,60000,21.5,1497.0,108.5,8.6
Tata,Tiago 1.2,2018,Petrol,Manual,First Owner,20000,23.84,1199.0,84.0,4.0
Maruti,Ritz VDi,2013,Diesel,Manual,Second Owner,142000,23.2,1248.0,73.94,2.4
Maruti,Swift Dzire,2015,Diesel,Manual,First Owner,72000,26.59,1248.0,74.0,5.7
Ford,EcoSport 1.5,2018,Diesel,Manual,First Owner,90000,23.0,1498.0,98.96,8.5
Ford,Figo Diesel,2011,Diesel,Manual,Third Owner,80000,20.0,1399.0,68.0,1.55
Hyundai,i20 1.4,2011,Diesel,Manual,First Owner,125000,23.0,1396.0,90.0,2.7
Maruti,Ciaz ZXi,2015,Petrol,Manual,First Owner,33000,20.73,1373.0,91.1,6.1
Hyundai,Creta 1.6,2015,Diesel,Manual,First Owner,50000,19.67,1582.0,126.2,10.0
Mahindra,Scorpio LX,2012,Diesel,Manual,Second Owner,120000,12.05,2179.0,120.0,4.5
Hyundai,Xcent 1.2,2018,Diesel,Manual,First Owner,35000,25.4,1186.0,73.97,5.0
Honda,Amaze S,2018,Diesel,Manual,First Owner,43000,27.4,1498.0,98.63,7.0
Maruti,Alto LXi,2007,Petrol,Manual,First Owner,60000,19.7,796.0,46.3,1.35
Mahindra,Scorpio LX,2012,Diesel,Manual,Second Owner,148000,12.05,2179.0,120.0,4.3
Hyundai,Verna 1.6,2014,Diesel,Manual,Second Owner,70000,22.32,1582.0,126.32,6.25
Nissan,Sunny XL,2011,Petrol,Manual,First Owner,96000,16.95,1498.0,97.7,2.8
Mahindra,Scorpio 1.99,2015,Diesel,Manual,First Owner,70000,15.4,1997.0,120.0,8.0
Maruti,Ritz VDi,2012,Diesel,Manual,Second Owner,70000,23.2,1248.0,73.94,2.2
Maruti,Ignis 1.2,2017,Petrol,Manual,First Owner,18484,20.89,1197.0,81.8,6.2
Tata,Safari DICOR,2011,Diesel,Manual,First Owner,70000,13.93,2179.0,138.03,3.0
Maruti,Alto LX,2010,Petrol,Manual,Second Owner,25000,19.7,796.0,46.3,1.8
Volkswagen,Polo Diesel,2013,Diesel,Manual,Third Owner,120000,22.07,1199.0,73.9,2.5
Maruti,Swift Dzire,2017,Petrol,Manual,First Owner,55000,20.85,1197.0,83.14,4.8
Ford,EcoSport 1.5,2019,Petrol,Manual,Second Owner,10000,17.0,1497.0,121.31,8.85
Mahindra,KUV 100,2020,Diesel,Manual,First Owner,60000,25.32,1198.0,77.0,5.5
Maruti,Swift Dzire,2018,Diesel,Manual,First Owner,30000,28.4,1248.0,74.02,8.0
Hyundai,Santro Xing,2013,Petrol,Manual,First Owner,65000,17.92,1086.0,62.1,1.8
Hyundai,i20 Sportz,2012,Diesel,Manual,Second Owner,50000,21.9,1396.0,88.76,3.8
Tata,Tiago NRG,2019,Petrol,Automatic,First Owner,2560,24.0,1199.0,83.81,5.2
Maruti,Alto LX,2004,Petrol,Manual,First Owner,60000,19.7,796.0,46.3,0.9
Maruti,Wagon R,2016,Petrol,Manual,Second Owner,80000,20.51,998.0,67.04,3.3
Maruti,800 DX,1999,Petrol,Manual,Second Owner,50000,16.1,796.0,37.0,0.4
Chevrolet,Enjoy TCDi,2015,Diesel,Manual,First Owner,120000,18.2,1248.0,73.8,3.7
Honda,City V,2009,Petrol,Manual,Second Owner,120000,16.8,1497.0,116.3,2.9
Hyundai,EON Magna,2013,Petrol,Manual,Second Owner,47000,21.1,814.0,55.2,2.15
Tata,Hexa XT,2017,Diesel,Manual,First Owner,45000,17.6,2179.0,153.86,12.82
Toyota,Innova 2.5,2012,Diesel,Manual,First Owner,90000,12.8,2494.0,102.0,6.1
Hyundai,i20 Asta,2013,Diesel,Manual,Second Owner,110000,21.27,1396.0,88.76,3.8
Mahindra,Scorpio 1.99,2017,Diesel,Manual,First Owner,95000,15.4,1997.0,120.0,12.5
Hyundai,Verna 1.6,2012,Diesel,Manual,Second Owner,103655,22.32,1582.0,126.3,4.0
Hyundai,i20 Petrol,2018,Petrol,Automatic,Second Owner,25000,17.4,1197.0,81.86,7.0
Renault,Duster 110PS,2014,Diesel,Manual,First Owner,80000,19.01,1461.0,108.45,6.5
Tata,Nano Twist,2014,Petrol,Manual,Second Owner,50000,25.4,624.0,37.5,0.95
Mahindra,XUV500 W10,2015,Diesel,Manual,First Owner,56975,16.0,2179.0,140.0,11.47
Hyundai,Santro Xing,2010,Petrol,Manual,First Owner,110000,0.0,1086.0,62.0,1.5
Maruti,Alto LX,2008,Petrol,Manual,Third Owner,80000,19.7,796.0,46.3,1.2
Ford,Fiesta EXi,2010,Diesel,Manual,Second Owner,187000,17.8,1399.0,68.0,1.8
Ford,Fiesta Classic,2013,Diesel,Manual,First Owner,69000,18.6,1388.0,67.0,3.25
Ford,EcoSport 1.5,2015,Diesel,Manual,First Owner,206000,22.77,1498.0,98.59,5.5
Ford,EcoSport 1.5,2018,Diesel,Manual,First Owner,27000,22.77,1498.0,98.59,9.5
Ford,Ecosport 1.5,2014,Diesel,Manual,Second Owner,132000,22.7,1498.0,89.84,5.0
Ford,Aspire Titanium,2017,Diesel,Manual,First Owner,75000,26.1,1498.0,99.23,7.25
Ford,Figo Aspire,2015,Petrol,Manual,Second Owner,18000,18.5,1194.0,94.93,5.0
Mahindra,Verito 1.5,2011,Diesel,Manual,First Owner,218000,21.0,1461.0,64.1,1.8
Hyundai,i20 2015-2017,2016,Diesel,Manual,First Owner,10000,22.54,1396.0,88.73,6.5
Maruti,Swift VDi,2010,Diesel,Manual,First Owner,80000,17.8,1248.0,75.0,2.85
Mahindra,Verito 1.5,2011,Diesel,Manual,First Owner,215000,21.0,1461.0,64.1,2.1
Ford,Fiesta Classic,2012,Diesel,Manual,First Owner,137000,17.8,1399.0,67.0,2.0
Volkswagen,Vento Diesel,2011,Diesel,Manual,Second Owner,65000,20.54,1598.0,103.6,2.95
Honda,City 2017-2020,2007,Petrol,Manual,Third Owner,120000,17.7,1497.0,78.0,1.6
Maruti,Celerio VXI,2017,Petrol,Automatic,First Owner,10000,23.1,998.0,67.04,4.5
Datsun,GO Plus,2016,Petrol,Manual,First Owner,20000,20.62,1198.0,67.0,3.85
Ford,Fiesta Classic,2011,Diesel,Manual,Second Owner,93500,18.6,1388.0,67.0,3.5
Jaguar,XE 2016-2019,2017,Diesel,Automatic,First Owner,9000,13.6,1999.0,177.0,27.11
Lexus,ES 300h,2019,Petrol,Automatic,First Owner,20000,22.37,2487.0,214.56,51.5
Jaguar,XF 2.0,2017,Diesel,Automatic,First Owner,45000,19.33,1999.0,177.0,32.0
Tata,Safari Storme,2015,Diesel,Manual,First Owner,110000,14.1,2179.0,147.94,5.03
Volvo,XC40 D4,2019,Diesel,Automatic,First Owner,20000,18.0,1969.0,190.0,38.0
Toyota,Camry 2.5,2016,Petrol,Automatic,First Owner,68089,19.16,2494.0,157.7,20.0
Maruti,Wagon R,2013,Petrol,Manual,First Owner,58343,21.79,998.0,67.05,2.25
Maruti,Baleno Alpha,2018,Diesel,Manual,First Owner,38817,27.39,1248.0,74.0,7.4
Honda,Jazz VX,2016,Petrol,Manual,First Owner,56494,18.2,1199.0,88.7,5.5
Toyota,Innova 2.5,2013,Diesel,Manual,Second Owner,79328,12.99,2494.0,100.6,7.5
Maruti,Swift AMT,2019,Petrol,Automatic,First Owner,5621,22.0,1197.0,81.8,6.5
Toyota,Etios VX,2017,Petrol,Manual,First Owner,25538,16.78,1496.0,88.73,6.25
Maruti,Swift AMT,2018,Petrol,Automatic,First Owner,69779,22.0,1197.0,81.8,6.0
Hyundai,Grand i10,2017,Diesel,Manual,First Owner,56290,24.0,1186.0,73.97,4.5
BMW,X4 M,2019,Diesel,Automatic,First Owner,7500,16.78,1995.0,190.0,54.0
BMW,X4 M,2019,Diesel,Automatic,First Owner,8500,16.78,1995.0,190.0,55.0
Honda,Amaze V,2019,Petrol,Automatic,First Owner,7032,19.0,1199.0,88.76,7.79
Skoda,Rapid 1.6,2016,Petrol,Automatic,First Owner,11000,14.3,1598.0,103.5,6.45
Volvo,V40 D3,2018,Diesel,Automatic,First Owner,2000,16.8,1984.0,150.0,24.75
Jaguar,XE 2016-2019,2017,Diesel,Automatic,First Owner,9000,13.6,1999.0,177.0,27.11
Lexus,ES 300h,2019,Petrol,Automatic,First Owner,20000,22.37,2487.0,214.56,51.5
Jaguar,XF 2.0,2017,Diesel,Automatic,First Owner,45000,19.33,1999.0,177.0,32.0
Tata,Safari Storme,2015,Diesel,Manual,First Owner,110000,14.1,2179.0,147.94,5.03
Volvo,XC40 D4,2019,Diesel,Automatic,First Owner,20000,18.0,1969.0,190.0,38.0
Toyota,Camry 2.5,2016,Petrol,Automatic,First Owner,68089,19.16,2494.0,157.7,20.0
Maruti,Wagon R,2013,Petrol,Manual,First Owner,58343,21.79,998.0,67.05,2.25
Maruti,Baleno Alpha,2018,Diesel,Manual,First Owner,38817,27.39,1248.0,74.0,7.4
Honda,Jazz VX,2016,Petrol,Manual,First Owner,56494,18.2,1199.0,88.7,5.5
Toyota,Innova 2.5,2013,Diesel,Manual,Second Owner,79328,12.99,2494.0,100.6,7.5
Maruti,Swift AMT,2019,Petrol,Automatic,First Owner,5621,22.0,1197.0,81.8,6.5
Toyota,Etios VX,2017,Petrol,Manual,First Owner,25538,16.78,1496.0,88.73,6.25
Maruti,Swift AMT,2018,Petrol,Automatic,First Owner,69779,22.0,1197.0,81.8,6.0
Hyundai,Grand i10,2017,Diesel,Manual,First Owner,56290,24.0,1186.0,73.97,4.5
BMW,X4 M,2019,Diesel,Automatic,First Owner,7500,16.78,1995.0,190.0,54.0
BMW,X4 M,2019,Diesel,Automatic,First Owner,8500,16.78,1995.0,190.0,55.0
Honda,Amaze V,2019,Petrol,Automatic,First Owner,7032,19.0,1199.0,88.76,7.79
Skoda,Rapid 1.6,2016,Petrol,Automatic,First Owner,11000,14.3,1598.0,103.5,6.45
Volvo,V40 D3,2018,Diesel,Automatic,First Owner,2000,16.8,1984.0,150.0,24.75
Maruti,Swift Dzire,2019,Diesel,Manual,First Owner,70000,28.4,1248.0,74.02,5.58
Hyundai,Santro Xing,2010,Petrol,Manual,Third Owner,56000,17.92,1086.0,62.1,1.65
Hyundai,i20 Sportz,2012,Diesel,Manual,Second Owner,80000,21.9,1396.0,88.76,3.0
Hyundai,Santro Magna,2019,Petrol,Manual,First Owner,5000,20.3,1086.0,68.0,5.0
Mahindra,XUV500 W8,2012,Diesel,Manual,First Owner,100000,15.1,2179.0,140.0,9.0
BMW,X5 3.0d,2008,Diesel,Automatic,Third Owner,60000,11.0,2993.0,235.0,8.3
Skoda,Rapid 1.5,2014,Diesel,Manual,Second Owner,65000,21.14,1498.0,103.52,6.4
Mahindra,Scorpio S10,2015,Diesel,Manual,Third Owner,70000,15.4,2179.0,120.0,9.0
Chevrolet,Enjoy TCDi,2013,Diesel,Manual,First Owner,60000,18.2,1248.0,73.8,4.5
Maruti,Ciaz 1.3,2018,Diesel,Manual,First Owner,82000,28.09,1248.0,88.5,8.25
Tata,Aria Pleasure,2013,Diesel,Manual,Second Owner,80000,13.7,2179.0,138.1,5.0
Mahindra,KUV 100,2017,Petrol,Manual,Second Owner,5000,18.15,1198.0,82.0,3.25
Renault,Duster 110PS,2014,Diesel,Manual,First Owner,133000,19.01,1461.0,108.45,4.5
Honda,WR-V i-VTEC,2017,Petrol,Manual,Second Owner,25000,17.5,1199.0,88.7,6.75
Tata,Zest Revotron,2017,Petrol,Manual,First Owner,15000,17.57,1193.0,88.7,4.15
Hyundai,Creta 1.4,2017,Diesel,Manual,First Owner,40000,21.38,1396.0,88.7,11.0
Volkswagen,Ameo 1.2,2016,Petrol,Manual,First Owner,35000,17.0,1198.0,73.75,5.0
Mahindra,Bolero 2011-2019,2014,Diesel,Manual,Second Owner,70000,15.96,2523.0,62.1,5.1
Mahindra,Scorpio 2006-2009,2007,Diesel,Manual,Fourth & Above Owner,152000,10.5,2609.0,120.0,2.0
Maruti,800 AC,2007,Petrol,Manual,Second Owner,100000,16.1,796.0,37.0,0.6
Hyundai,Verna 1.6,2013,Diesel,Manual,Second Owner,80000,22.32,1582.0,126.3,5.0
Tata,Indica V2,2009,Diesel,Manual,Second Owner,100000,17.2,1396.0,53.5,0.45
Renault,KWID RXT,2017,Petrol,Manual,First Owner,50000,25.17,799.0,53.3,2.7
Hyundai,i20 Active,2017,Petrol,Manual,First Owner,40000,17.19,1197.0,81.86,5.5
Renault,KWID 1.0,2016,Petrol,Manual,First Owner,60000,23.01,999.0,67.0,2.35
Hyundai,i20 1.2,2018,Petrol,Manual,First Owner,40000,18.6,1197.0,81.83,6.0
Honda,Jazz 1.5,2015,Diesel,Manual,First Owner,60000,27.3,1498.0,98.6,5.25
Maruti,Swift VDI,2012,Diesel,Manual,First Owner,90000,22.9,1248.0,74.0,3.25
Maruti,Swift Dzire,2014,Diesel,Manual,First Owner,90000,23.4,1248.0,74.0,4.2
Maruti,Alto K10,2014,Petrol,Manual,Second Owner,60000,20.92,998.0,67.1,2.3
Maruti,Swift Dzire,2013,Diesel,Manual,Fourth & Above Owner,80000,23.4,1248.0,74.0,3.75
Mahindra,Scorpio VLX,2012,Diesel,Manual,First Owner,120000,12.05,2179.0,120.0,7.5
Tata,Tiago 1.2,2018,Petrol,Manual,First Owner,40000,23.84,1199.0,84.0,4.0
Mahindra,XUV500 W6,2013,Diesel,Manual,First Owner,91000,15.1,2179.0,140.0,6.0
Hyundai,Santro Xing,2008,Petrol,Manual,Third Owner,80000,17.8,1086.0,63.0,1.1
Maruti,800 AC,2007,Petrol,Manual,First Owner,73257,16.1,796.0,37.0,0.45
Mahindra,Bolero Pik-Up,2019,Diesel,Manual,First Owner,80000,0.0,2523.0,70.0,7.22
Tata,Tiago 2019-2020,2020,Petrol,Manual,First Owner,15000,23.84,1199.0,83.83,5.0
Hyundai,Verna CRDi,2007,Diesel,Manual,Second Owner,110000,18.1,1493.0,110.0,2.5
Skoda,Rapid 1.5,2018,Diesel,Manual,First Owner,40000,21.13,1498.0,108.6,9.5
Nissan,Sunny Diesel,2013,Diesel,Manual,First Owner,212000,21.64,1461.0,84.8,3.75
Maruti,Swift Dzire,2018,Diesel,Manual,First Owner,30000,28.4,1248.0,74.02,7.8
Hyundai,Santro Asta,2018,Petrol,Manual,First Owner,30000,20.3,1086.0,68.0,5.75
Hyundai,i20 1.2,2017,Petrol,Manual,Second Owner,30000,18.6,1197.0,81.83,5.63
Tata,Tiago 1.2,2017,Petrol,Manual,First Owner,15000,23.84,1199.0,84.0,4.5
Toyota,Innova Crysta,2020,Diesel,Automatic,First Owner,1000,13.68,2393.0,147.51,23.0
Maruti,800 AC,1999,Petrol,Manual,First Owner,26320,16.1,796.0,37.0,0.8
Hyundai,i20 Asta,2010,Diesel,Manual,Second Owner,135000,23.0,1396.0,90.0,3.2
Honda,Civic 1.8,2008,Petrol,Manual,Third Owner,100000,13.5,1799.0,130.0,3.75
Maruti,Eeco 5,2017,Petrol,Manual,First Owner,120000,15.37,1196.0,73.0,4.0
Mahindra,Xylo E8,2011,Diesel,Manual,First Owner,230000,14.0,2498.0,112.0,6.0
Renault,KWID 1.0,2016,Petrol,Manual,Second Owner,60000,23.01,999.0,67.0,3.15
BMW,3 Series,2012,Diesel,Automatic,Second Owner,80000,16.07,1995.0,181.0,11.0
Maruti,Swift Dzire,2010,Diesel,Manual,Second Owner,190000,19.3,1248.0,73.9,3.5
Maruti,Eeco 5,2016,Petrol,Manual,First Owner,120000,15.37,1196.0,73.0,3.75
Toyota,Innova 2.5,2013,Diesel,Manual,Second Owner,217000,12.99,2494.0,100.6,10.5
Maruti,Celerio VXI,2015,Petrol,Manual,First Owner,29000,23.1,998.0,67.04,3.5
Maruti,Wagon R,2010,Petrol,Manual,Third Owner,120000,18.9,1061.0,67.0,1.2
Mahindra,XUV500 W6,2015,Diesel,Manual,First Owner,90000,16.0,2179.0,140.0,8.2
Hyundai,i20 1.2,2018,Petrol,Manual,First Owner,30000,18.6,1197.0,81.83,7.0
Maruti,Celerio ZXI,2018,Petrol,Automatic,Second Owner,30000,23.1,998.0,67.04,4.52
Hyundai,Grand i10,2016,Petrol,Manual,Third Owner,56000,18.9,1197.0,82.0,5.0
Toyota,Innova 2.5,2015,Diesel,Manual,First Owner,90000,12.99,2494.0,100.6,12.5
Mahindra,TUV 300,2015,Diesel,Manual,First Owner,120000,18.49,1493.0,100.0,5.0
Maruti,Swift VDI,2015,Diesel,Manual,First Owner,60000,25.2,1248.0,74.0,4.9
Maruti,Swift Dzire,2008,Diesel,Manual,Second Owner,147000,19.3,1248.0,73.9,2.0
Maruti,Wagon R,2012,Petrol,Manual,First Owner,35000,18.9,998.0,67.1,2.4
Hyundai,i20 1.2,2018,Petrol,Manual,First Owner,19500,18.6,1197.0,81.83,6.55
Hyundai,i20 Active,2018,Petrol,Manual,First Owner,38426,17.19,1197.0,81.86,6.2
Maruti,Swift VXI,2015,Petrol,Manual,Second Owner,35000,20.4,1197.0,83.11,4.5
Maruti,Wagon R,2014,Petrol,Manual,Second Owner,35000,20.51,998.0,67.04,3.1
Maruti,Alto LXi,2007,Petrol,Manual,Third Owner,50000,19.7,796.0,46.3,1.5
Chevrolet,Beat Diesel,2012,Diesel,Manual,First Owner,120000,25.44,936.0,57.6,1.8
Tata,Indica Vista,2011,Diesel,Manual,First Owner,120000,19.4,1405.0,70.0,1.5
Ford,Figo Diesel,2011,Diesel,Manual,Second Owner,112000,20.0,1399.0,68.0,1.6
Mahindra,Scorpio EX,2013,Diesel,Manual,Third Owner,70000,14.0,2523.0,75.0,6.0
Skoda,Rapid 1.6,2012,Diesel,Manual,First Owner,145000,20.5,1598.0,103.5,3.8
Tata,Indigo LX,2007,Diesel,Manual,First Owner,135000,17.0,1405.0,70.0,1.2
Tata,Indigo TDI,2012,Diesel,Manual,First Owner,146000,19.61,1405.0,70.0,1.35
Hyundai,Grand i10,2018,Petrol,Manual,First Owner,10000,18.9,1197.0,81.86,6.1
Volkswagen,Polo 1.5,2020,Diesel,Manual,First Owner,50000,20.14,1498.0,88.5,2.6
Hyundai,Xcent 1.2,2017,Petrol,Manual,First Owner,25000,20.14,1197.0,81.86,5.0
Renault,KWID 1.0,2016,Petrol,Manual,First Owner,20000,23.01,999.0,67.0,2.2
Honda,Civic 1.8,2006,Petrol,Manual,Second Owner,70000,13.5,1799.0,130.0,1.21
Tata,Indigo CS,2017,Diesel,Manual,First Owner,50000,25.0,1396.0,69.01,3.5
Audi,Q3 35,2018,Diesel,Automatic,Second Owner,25000,15.17,1968.0,181.0,22.0
Hyundai,i20 1.4,2011,Diesel,Manual,Second Owner,100000,23.0,1396.0,90.0,2.8
Tata,Nexon 1.2,2020,Petrol,Manual,First Owner,20000,17.0,1198.0,108.5,9.2
Hyundai,i20 1.4,2011,Diesel,Manual,First Owner,155000,23.0,1396.0,90.0,3.2
Ford,Figo Diesel,2012,Diesel,Manual,Fourth & Above Owner,70000,20.0,1399.0,68.0,1.4
Maruti,SX4 VDI,2012,Diesel,Manual,Second Owner,25000,21.5,1248.0,88.8,3.1
Maruti,800 EX,2006,Petrol,Manual,Second Owner,120000,16.1,796.0,37.0,0.65
Chevrolet,Enjoy TCDi,2013,Diesel,Manual,First Owner,90000,18.2,1248.0,73.8,3.0
Jaguar,XE 2016-2019,2017,Diesel,Automatic,First Owner,9000,13.6,1999.0,177.0,27.11
Lexus,ES 300h,2019,Petrol,Automatic,First Owner,20000,22.37,2487.0,214.56,51.5
Jaguar,XF 2.0,2017,Diesel,Automatic,First Owner,45000,19.33,1999.0,177.0,32.0
Tata,Safari Storme,2015,Diesel,Manual,First Owner,110000,14.1,2179.0,147.94,5.03
Volvo,XC40 D4,2019,Diesel,Automatic,First Owner,20000,18.0,1969.0,190.0,38.0
Toyota,Camry 2.5,2016,Petrol,Automatic,First Owner,68089,19.16,2494.0,157.7,20.0
Maruti,Wagon R,2013,Petrol,Manual,First Owner,58343,21.79,998.0,67.05,2.25
Maruti,Baleno Alpha,2018,Diesel,Manual,First Owner,38817,27.39,1248.0,74.0,7.4
Honda,Jazz VX,2016,Petrol,Manual,First Owner,56494,18.2,1199.0,88.7,5.5
Toyota,Innova 2.5,2013,Diesel,Manual,Second Owner,79328,12.99,2494.0,100.6,7.5
Maruti,Swift AMT,2019,Petrol,Automatic,First Owner,5621,22.0,1197.0,81.8,6.5
Toyota,Etios VX,2017,Petrol,Manual,First Owner,25538,16.78,1496.0,88.73,6.25
Maruti,Swift AMT,2018,Petrol,Automatic,First Owner,69779,22.0,1197.0,81.8,6.0
Hyundai,Grand i10,2017,Diesel,Manual,First Owner,56290,24.0,1186.0,73.97,4.5
BMW,X4 M,2019,Diesel,Automatic,First Owner,7500,16.78,1995.0,190.0,54.0
BMW,X4 M,2019,Diesel,Automatic,First Owner,8500,16.78,1995.0,190.0,55.0
Honda,Amaze V,2019,Petrol,Automatic,First Owner,7032,19.0,1199.0,88.76,7.79
Skoda,Rapid 1.6,2016,Petrol,Automatic,First Owner,11000,14.3,1598.0,103.5,6.45
Volvo,V40 D3,2018,Diesel,Automatic,First Owner,2000,16.8,1984.0,150.0,24.75
Mahindra,XUV500 W8,2011,Diesel,Manual,Second Owner,110000,15.1,2179.0,140.0,5.75
Tata,Xenon XT,2014,Diesel,Manual,Second Owner,110000,13.49,2179.0,138.03,4.4
Maruti,Swift VDI,2012,Diesel,Manual,Second Owner,100000,22.9,1248.0,74.0,3.8
Tata,Manza Aura,2010,Petrol,Manual,Fourth & Above Owner,116700,15.0,1368.0,90.0,1.4
Tata,Zest Quadrajet,2015,Diesel,Manual,First Owner,25000,22.95,1248.0,74.0,4.75
Mahindra,Xylo D2,2011,Diesel,Manual,Third Owner,200000,13.0,2489.0,95.0,2.0
Maruti,Swift Ldi,2010,Diesel,Manual,First Owner,176062,17.8,1248.0,75.0,4.0
Toyota,Innova 2.5,2008,Diesel,Manual,Third Owner,250000,12.8,2494.0,102.0,4.25
Honda,Amaze Anniversary,2015,Diesel,Manual,First Owner,82000,25.8,1498.0,98.6,5.1
Hyundai,i10 Era,2010,Petrol,Manual,First Owner,80000,19.81,1086.0,68.05,2.75
Chevrolet,Enjoy 1.3,2017,Diesel,Manual,Second Owner,40000,18.2,1248.0,73.74,6.5
Jeep,Compass 2.0,2019,Diesel,Manual,First Owner,14000,17.1,1956.0,170.0,18.5
Renault,Duster 4x4,2014,Diesel,Manual,First Owner,129000,19.72,1461.0,108.45,6.5
Fiat,Punto EVO,2016,Diesel,Manual,Second Owner,60000,20.5,1248.0,91.7,3.6
Volkswagen,Ameo 1.5,2018,Diesel,Automatic,First Owner,82000,21.73,1498.0,108.62,6.5
Land,Rover Range,2013,Diesel,Automatic,Third Owner,77500,12.7,2179.0,187.7,20.0
Chevrolet,Enjoy 1.3,2017,Diesel,Manual,Second Owner,50000,18.2,1248.0,73.74,6.75
Maruti,800 AC,2006,Petrol,Manual,Third Owner,40000,16.1,796.0,37.0,0.5
Maruti,Wagon R,2017,Petrol,Manual,First Owner,39500,20.52,1197.0,81.8,4.45
Hyundai,Elite i20,2018,Diesel,Manual,First Owner,40000,22.54,1396.0,88.76,7.5
Maruti,Swift VDI,2012,Diesel,Manual,Second Owner,56000,22.9,1248.0,74.0,4.25
Hyundai,i20 1.4,2017,Diesel,Manual,First Owner,54000,22.54,1396.0,88.73,8.5
Maruti,Wagon R,2016,Petrol,Manual,Second Owner,20000,20.51,998.0,67.04,4.0
Tata,Indica V2,2014,Diesel,Manual,Second Owner,55896,25.0,1396.0,69.0,2.0
Honda,Amaze SX,2016,Diesel,Manual,First Owner,35000,25.8,1498.0,98.6,5.5
Honda,Brio V,2012,Petrol,Manual,Second Owner,97000,19.4,1198.0,86.8,2.5
Maruti,Alto 800,2014,Petrol,Manual,Second Owner,120000,22.74,796.0,47.3,2.06
Hyundai,EON Magna,2014,Petrol,Manual,First Owner,50000,21.1,814.0,55.2,2.9
Tata,Nano Lx,2010,Petrol,Manual,Fourth & Above Owner,30400,26.0,624.0,35.0,0.45
Mahindra,XUV300 W8,2019,Diesel,Manual,First Owner,15000,20.0,1497.0,115.0,12.0
Nissan,Sunny Diesel,2012,Diesel,Manual,Third Owner,110000,21.64,1461.0,84.8,2.2
Mercedes-Benz,New C-Class,2008,Diesel,Automatic,Second Owner,120000,14.84,2143.0,170.0,5.15
Maruti,Alto LX,2010,Petrol,Manual,First Owner,100000,19.7,796.0,46.3,1.7
Maruti,Swift Vdi,2010,Diesel,Manual,Second Owner,120000,17.8,1248.0,75.0,2.6
Volkswagen,Vento Diesel,2012,Diesel,Manual,Second Owner,130000,20.54,1598.0,103.6,3.15
Maruti,Alto K10,2011,Petrol,Manual,Second Owner,76000,20.92,998.0,67.1,2.25
Volkswagen,Jetta 2.0L,2012,Diesel,Manual,Third Owner,110000,19.33,1968.0,138.1,4.2
Mahindra,Scorpio VLX,2011,Diesel,Manual,First Owner,96000,12.05,2179.0,120.0,5.25
Maruti,Swift AMT,2018,Diesel,Automatic,First Owner,90000,28.4,1248.0,74.0,6.7
Nissan,Sunny Diesel,2012,Diesel,Manual,Third Owner,110000,21.64,1461.0,84.8,2.2
Ford,Figo Diesel,2013,Diesel,Manual,First Owner,25000,20.0,1399.0,68.1,2.5
Maruti,Swift Dzire,2009,Diesel,Manual,Second Owner,90000,19.3,1248.0,73.9,2.3
Maruti,Swift Dzire,2009,Diesel,Manual,Second Owner,164000,19.3,1248.0,73.9,2.3
Honda,Amaze EX,2013,Petrol,Manual,Second Owner,120000,18.0,1198.0,86.7,3.0
Maruti,A-Star Vxi,2010,Petrol,Manual,Second Owner,66000,19.0,998.0,66.1,1.65
Tata,New Safari,2010,Diesel,Manual,First Owner,250000,13.93,2179.0,138.0,2.95
Hyundai,Verna 1.6,2011,Diesel,Manual,Second Owner,157000,22.32,1582.0,126.3,3.6
Hyundai,Verna 1.6,2011,Diesel,Manual,Second Owner,157000,22.32,1582.0,126.3,3.8
Renault,KWID 1.0,2017,Petrol,Manual,First Owner,35000,23.01,999.0,67.0,3.0
Mahindra,Scorpio 2.6,2008,Diesel,Manual,Second Owner,100000,12.7,2609.0,116.6,3.2
Datsun,GO Plus,2016,Petrol,Manual,Second Owner,70000,19.44,1198.0,67.0,3.25
Tata,Manza Aqua,2010,Diesel,Manual,Second Owner,30000,21.12,1248.0,88.8,1.6
Mahindra,Bolero Power,2018,Diesel,Manual,First Owner,40000,16.5,1493.0,70.0,6.3
Maruti,Swift VXI,2020,Petrol,Manual,First Owner,5000,21.21,1197.0,81.8,6.0
Maruti,Alto 800,2014,Petrol,Manual,Second Owner,30000,22.74,796.0,47.3,2.3
Maruti,Swift ZDi,2014,Diesel,Manual,Second Owner,70000,22.9,1248.0,74.0,4.4
Chevrolet,Spark 1.0,2007,Petrol,Manual,Second Owner,60000,18.0,995.0,62.0,0.9
Maruti,Ciaz VDI,2017,Diesel,Manual,First Owner,60000,28.09,1248.0,88.5,7.5
Honda,City V,2012,Petrol,Manual,Second Owner,80000,16.8,1497.0,116.3,3.3
Maruti,Ciaz ZDi,2016,Diesel,Manual,Second Owner,70000,28.09,1248.0,88.5,7.15
Skoda,Fabia 1.2,2013,Diesel,Manual,Second Owner,150000,20.86,1199.0,75.0,2.5
Maruti,Zen Estilo,2007,Petrol,Manual,Second Owner,150000,18.2,1061.0,64.0,1.2
Ford,Ikon 1.6,2004,Petrol,Manual,Third Owner,25000,14.2,1597.0,92.0,1.0
Skoda,Rapid 1.5,2017,Diesel,Automatic,Second Owner,35000,21.72,1498.0,108.6,8.5
Hyundai,Xcent 1.2,2018,Diesel,Manual,First Owner,48000,25.4,1186.0,73.97,4.5
Volkswagen,Polo Diesel,2012,Diesel,Manual,First Owner,200000,22.07,1199.0,73.9,2.4
Maruti,Swift Dzire,2015,Diesel,Manual,First Owner,135000,26.59,1248.0,74.0,6.0
Chevrolet,Enjoy 1.3,2016,Diesel,Manual,Second Owner,110000,18.2,1248.0,73.74,2.8
Hyundai,Verna 1.6,2012,Diesel,Manual,Second Owner,146000,22.32,1582.0,126.32,4.65
Maruti,Alto 800,2018,Petrol,Manual,First Owner,44000,24.7,796.0,47.3,3.5
Hyundai,i10 Magna,2013,Petrol,Manual,First Owner,70000,20.36,1197.0,78.9,3.25
Tata,Indica V2,2004,Diesel,Manual,First Owner,271000,16.8,1405.0,62.0,0.5
Maruti,Alto LXi,2006,Petrol,Manual,Third Owner,120000,19.7,796.0,46.3,1.1
Tata,Indigo eCS,2013,Diesel,Manual,First Owner,80000,23.03,1396.0,69.0,2.2
Mahindra,Bolero 2011-2019,2015,Diesel,Manual,First Owner,60000,15.96,2523.0,62.1,5.15
Maruti,Ciaz 1.4,2018,Petrol,Manual,First Owner,40000,20.73,1373.0,91.1,7.5
Hyundai,EON Sportz,2018,Petrol,Manual,First Owner,25000,21.1,814.0,55.2,3.5
Hyundai,Grand i10,2019,Petrol,Manual,First Owner,15000,18.9,1197.0,81.86,4.89
Maruti,Alto 800,2017,Petrol,Manual,First Owner,27000,24.7,796.0,47.3,3.0
Maruti,Baleno Alpha,2017,Diesel,Manual,Second Owner,35000,27.39,1248.0,74.0,6.5
Maruti,A-Star Vxi,2014,Petrol,Manual,First Owner,40000,19.0,998.0,66.1,2.5
Maruti,Alto 800,2014,Petrol,Manual,Third Owner,40000,22.74,796.0,47.3,2.0
Mahindra,Scorpio S10,2015,Diesel,Manual,First Owner,75262,15.4,2179.0,120.0,9.5
Tata,Indigo eCS,2012,Diesel,Manual,First Owner,120000,23.03,1396.0,69.0,2.0
Hyundai,EON 1.0,2016,Petrol,Manual,First Owner,60000,20.3,998.0,68.05,2.76
Hyundai,EON Magna,2014,Petrol,Manual,First Owner,40000,21.1,814.0,55.2,2.5
Maruti,Alto LX,2008,Petrol,Manual,Second Owner,80000,19.7,796.0,46.3,0.95
Tata,Indigo CR4,2011,Diesel,Manual,Second Owner,70000,23.57,1396.0,70.0,2.0
Hyundai,Verna 1.6,2012,Diesel,Manual,Second Owner,100000,22.32,1582.0,126.32,4.5
Mahindra,XUV500 W6,2013,Diesel,Manual,First Owner,18000,15.1,2179.0,140.0,9.0
Tata,Indigo CS,2010,Diesel,Manual,First Owner,175000,19.09,1396.0,69.0,2.0
Hyundai,i10 Sportz,2010,Petrol,Manual,Second Owner,70000,20.36,1197.0,78.9,2.0
Mahindra,Bolero 2011-2019,2011,Diesel,Manual,Second Owner,91863,15.96,2523.0,62.1,3.7
Tata,Indigo CS,2008,Petrol,Manual,First Owner,100000,15.2,1193.0,65.0,2.5
Renault,KWID RXT,2016,Petrol,Manual,First Owner,10000,25.17,799.0,53.3,2.9
Maruti,Ertiga SHVS,2018,Diesel,Manual,First Owner,35000,24.52,1248.0,88.5,9.0
Ford,Figo Diesel,2013,Diesel,Manual,Second Owner,120000,20.0,1399.0,68.1,3.25
Hyundai,Grand i10,2016,Petrol,Manual,First Owner,30000,18.9,1197.0,82.0,4.25
Renault,KWID RXT,2016,Petrol,Manual,First Owner,60000,25.17,799.0,53.3,3.15
Maruti,Alto K10,2014,Petrol,Manual,First Owner,70000,23.95,998.0,67.05,3.0
Hyundai,i10 Sportz,2013,Petrol,Manual,Second Owner,70000,20.36,1197.0,78.9,3.25
Hyundai,Creta 1.4,2016,Diesel,Manual,First Owner,130000,21.38,1396.0,88.7,9.0
Hyundai,Creta 1.4,2016,Diesel,Manual,First Owner,133000,21.38,1396.0,88.7,9.5
Volkswagen,Vento Diesel,2010,Diesel,Manual,Third Owner,120000,20.54,1598.0,103.6,3.2
Volkswagen,Ameo 1.0,2019,Petrol,Manual,First Owner,20000,19.44,999.0,75.0,5.0
Ford,Figo Petrol,2012,Petrol,Manual,First Owner,25000,15.6,1196.0,70.0,2.9
Tata,Nano Lx,2012,Petrol,Manual,First Owner,90000,25.4,624.0,37.48,0.6
Maruti,A-Star Vxi,2009,Petrol,Manual,Third Owner,140000,19.0,998.0,66.1,1.2
Honda,City i-DTEC,2017,Diesel,Manual,First Owner,103000,25.6,1498.0,97.9,8.5
Toyota,Innova Crysta,2017,Diesel,Manual,First Owner,23000,13.68,2393.0,147.8,17.5
Honda,City i,2015,Diesel,Manual,First Owner,128000,26.0,1498.0,98.6,6.0
Volkswagen,Polo 1.5,2015,Diesel,Manual,First Owner,33000,20.14,1498.0,88.8,6.2
Maruti,Alto LXi,2009,Petrol,Manual,Second Owner,70000,19.7,796.0,46.3,1.5
Hyundai,Santro Xing,2011,Petrol,Manual,Fourth & Above Owner,40000,0.0,1086.0,62.0,1.5
Tata,Indigo Grand,2008,Petrol,Manual,Fourth & Above Owner,40000,12.85,1396.0,99.6,1.35
Tata,Indica Vista,2011,Diesel,Manual,First Owner,80000,17.0,1405.0,71.0,2.0
Maruti,Ciaz ZDi,2015,Diesel,Manual,First Owner,70000,26.21,1248.0,88.5,7.3
Toyota,Innova 2.5,2013,Diesel,Manual,First Owner,100000,12.99,2494.0,100.6,8.0
Mahindra,Xylo E8,2009,Diesel,Manual,Second Owner,90000,14.0,2498.0,112.0,3.0
Ford,Figo Diesel,2012,Diesel,Manual,Second Owner,112000,20.0,1399.0,68.0,1.9
Honda,Civic 1.8,2011,Petrol,Manual,First Owner,50000,15.5,1799.0,132.0,3.5
Hyundai,Xcent 1.1,2015,Diesel,Manual,Second Owner,62000,24.4,1120.0,71.0,5.1
Maruti,Ertiga LDI,2012,Diesel,Manual,First Owner,90000,20.77,1248.0,88.76,4.0
Toyota,Innova 2.5,2013,Diesel,Manual,First Owner,80000,12.99,2494.0,100.0,8.0
Tata,Manza Club,2013,Diesel,Manual,First Owner,50000,21.02,1248.0,88.8,2.5
Hyundai,Creta 1.6,2016,Diesel,Manual,Second Owner,47552,19.67,1582.0,126.2,9.3
Maruti,Vitara Brezza,2016,Diesel,Manual,Second Owner,40000,24.3,1248.0,88.5,7.2
Ford,Figo Petrol,2011,Petrol,Manual,First Owner,15000,15.6,1196.0,70.0,2.25
Ford,EcoSport 1.5,2019,Diesel,Manual,First Owner,20000,23.0,1498.0,98.96,9.5
Hyundai,i20 Active,2018,Petrol,Manual,First Owner,52000,17.19,1197.0,81.86,5.3
Hyundai,i20 Magna,2016,Petrol,Manual,First Owner,70000,18.6,1197.0,81.83,4.7
Mahindra,Bolero Power,2017,Diesel,Manual,First Owner,110000,15.96,2523.0,63.0,6.5
Tata,Safari Storme,2014,Diesel,Manual,Second Owner,77500,14.0,2179.0,138.1,5.4
Maruti,Swift VDI,2015,Diesel,Manual,Second Owner,100000,25.2,1248.0,74.0,4.6
Renault,KWID RXL,2019,Petrol,Manual,First Owner,14700,25.17,799.0,53.3,3.25
Maruti,Omni MPI,2016,Petrol,Manual,First Owner,40000,16.8,796.0,34.2,2.4
Mahindra,KUV 100,2017,Petrol,Manual,Second Owner,32000,18.15,1198.0,82.0,4.0
Maruti,Alto LXI,2004,Petrol,Manual,Second Owner,70000,19.7,796.0,46.3,0.7
Maruti,Swift Dzire,2009,Petrol,Manual,First Owner,80000,17.5,1298.0,85.8,2.5
Toyota,Innova 2.5,2014,Diesel,Manual,Second Owner,80000,12.99,2494.0,100.6,9.1
Maruti,Swift Dzire,2018,Diesel,Manual,First Owner,25000,28.4,1248.0,74.02,7.2
Maruti,Swift Dzire,2015,Diesel,Manual,First Owner,50000,26.59,1248.0,74.0,5.9
Chevrolet,Tavera Neo,2015,Diesel,Manual,First Owner,120000,13.58,2499.0,72.4,4.34
Mahindra,Bolero DI,2006,Diesel,Manual,First Owner,170000,13.6,2523.0,63.0,1.45
Mahindra,KUV 100,2018,Petrol,Manual,First Owner,19700,18.15,1198.0,82.0,4.45
Hyundai,Santro Xing,2011,LPG,Manual,First Owner,70000,13.45,1086.0,62.1,1.91
Ford,Figo Aspire,2018,Diesel,Manual,Fourth & Above Owner,50000,25.83,1498.0,99.0,3.72
Maruti,Wagon R,2005,Petrol,Manual,Second Owner,90000,18.9,998.0,67.1,0.65
Ford,Figo Diesel,2015,Diesel,Manual,First Owner,140000,20.0,1399.0,68.05,3.0
Mahindra,Scorpio 2.6,2003,Diesel,Manual,Third Owner,120000,12.7,2609.0,116.6,1.25
Tata,Tigor 1.2,2017,Petrol,Manual,First Owner,40000,20.3,1199.0,84.0,5.2
Maruti,Alto 800,2014,Petrol,Manual,Third Owner,70000,22.74,796.0,47.3,1.9
Datsun,RediGO 1.0,2018,Petrol,Manual,First Owner,7000,22.5,999.0,67.0,3.1
Toyota,Innova 2.5,2012,Diesel,Manual,First Owner,90000,12.8,2494.0,102.0,7.5
Mahindra,TUV 300,2016,Diesel,Automatic,First Owner,110000,18.49,1493.0,100.0,7.5
Maruti,Alto K10,2019,Petrol,Manual,First Owner,15000,23.95,998.0,67.05,3.5
Maruti,Alto 800,2020,Petrol,Manual,First Owner,5000,22.05,796.0,47.3,3.6
Renault,KWID RXE,2017,Petrol,Manual,First Owner,5000,25.17,799.0,53.3,2.85
Maruti,Alto 800,2013,Petrol,Manual,Second Owner,70000,22.74,796.0,47.3,1.6
Datsun,GO Plus,2015,Petrol,Manual,Second Owner,60000,19.44,1198.0,67.0,2.3
Maruti,Alto LXi,2007,Petrol,Manual,Third Owner,120000,19.7,796.0,46.3,0.85
Datsun,RediGO 1.0,2018,Petrol,Manual,First Owner,7000,22.5,999.0,67.0,3.0
Mahindra,Scorpio 2009-2014,2014,Diesel,Manual,First Owner,120000,12.05,2179.0,120.0,6.75
Mahindra,Scorpio 2009-2014,2014,Diesel,Manual,First Owner,145241,12.05,2179.0,120.0,7.0
Mahindra,Scorpio 2.6,2008,Diesel,Manual,First Owner,110000,12.7,2609.0,116.6,4.0
Renault,KWID RXT,2016,Petrol,Manual,Third Owner,30000,25.17,799.0,53.3,2.55
Mahindra,Scorpio S10,2015,Diesel,Manual,Second Owner,80000,15.4,2179.0,120.0,10.5
Maruti,Swift Dzire,2013,Diesel,Manual,First Owner,100000,23.4,1248.0,74.0,3.9
Toyota,Etios Liva,2015,Diesel,Manual,First Owner,80000,23.59,1364.0,67.04,4.5
Toyota,Innova Crysta,2016,Diesel,Automatic,Second Owner,40000,11.36,2755.0,171.5,16.3
Maruti,Vitara Brezza,2017,Diesel,Manual,First Owner,50000,24.3,1248.0,88.5,7.25
Tata,Safari Storme,2013,Diesel,Manual,Second Owner,95500,14.0,2179.0,138.1,4.66
Ford,Figo 1.2P,2017,Petrol,Manual,Second Owner,40000,18.16,1196.0,86.8,3.7
Maruti,Zen Estilo,2007,Petrol,Manual,Third Owner,70000,18.2,1061.0,64.0,1.5
Maruti,Celerio ZXI,2017,Petrol,Manual,First Owner,15000,23.1,998.0,67.04,4.83
Hyundai,Grand i10,2016,Petrol,Manual,First Owner,10000,18.9,1197.0,82.0,4.7
Maruti,Vitara Brezza,2018,Diesel,Manual,First Owner,25000,24.3,1248.0,88.5,9.5
Hyundai,Verna 1.6,2013,Petrol,Manual,Third Owner,50000,17.01,1591.0,121.3,4.5
Toyota,Etios VX,2011,Petrol,Manual,First Owner,70000,17.6,1496.0,88.7,3.45
Maruti,A-Star Vxi,2009,Petrol,Manual,First Owner,60000,19.0,998.0,66.1,3.0
Maruti,Zen Estilo,2007,Petrol,Manual,Second Owner,74800,18.2,998.0,67.1,1.6
Maruti,800 AC,2004,Petrol,Manual,Second Owner,80000,16.1,796.0,37.0,1.2
Tata,Zest Revotron,2020,Petrol,Manual,First Owner,40000,17.57,1193.0,88.7,5.0
Mahindra,XUV500 W9,2018,Diesel,Manual,First Owner,40000,16.0,2179.0,138.0,13.5
Hyundai,Grand i10,2017,Diesel,Manual,First Owner,50000,24.0,1186.0,73.97,4.55
Hyundai,EON Era,2013,Petrol,Manual,Second Owner,45000,21.1,814.0,55.2,1.65
Maruti,Swift VXI,2016,Petrol,Manual,First Owner,23700,20.4,1197.0,81.8,4.7
Maruti,Swift VXI,2016,Petrol,Manual,First Owner,23700,20.4,1197.0,81.8,4.7
Jeep,Compass 1.4,2019,Petrol,Manual,First Owner,10000,16.0,1368.0,160.0,15.2
Maruti,Alto K10,2014,Petrol,Manual,First Owner,53473,23.95,998.0,67.05,2.3
Mahindra,Bolero 2011-2019,2011,Diesel,Manual,Second Owner,100000,15.96,2523.0,63.0,2.5
Mahindra,XUV500 W10,2016,Diesel,Manual,First Owner,25000,16.0,2179.0,140.0,13.5
Hyundai,Santro Xing,2013,Petrol,Manual,First Owner,80000,17.92,1086.0,62.1,2.2
Hyundai,Xcent 1.1,2015,Diesel,Manual,First Owner,120000,24.4,1120.0,71.0,3.6
Maruti,Alto K10,2018,Petrol,Manual,First Owner,40000,23.95,998.0,67.05,3.5
Hyundai,Verna 1.6,2012,Diesel,Manual,First Owner,70000,22.32,1582.0,126.32,5.0
Chevrolet,Beat Diesel,2013,Diesel,Manual,Third Owner,90000,25.44,936.0,57.6,1.45
Chevrolet,Sail Hatchback,2014,Petrol,Manual,First Owner,51000,18.2,1199.0,82.5,3.0
Hyundai,Accent GLE,2009,Petrol,Manual,Second Owner,87000,13.2,1495.0,94.0,1.8
Maruti,Swift Dzire,2013,Diesel,Manual,First Owner,40000,23.4,1248.0,74.0,5.3
Renault,Duster 110PS,2014,Diesel,Manual,Second Owner,90000,19.01,1461.0,108.45,6.2
Toyota,Etios G,2015,Petrol,Manual,Third Owner,110000,16.78,1496.0,88.73,3.6
Hyundai,Santro Xing,2010,Petrol,Manual,Second Owner,86000,17.92,1086.0,62.1,2.45
Ford,Ikon 1.6,2003,Petrol,Manual,Third Owner,80000,14.2,1597.0,92.0,1.3
Maruti,Esteem LX,1999,Petrol,Manual,Fourth & Above Owner,65000,15.9,1298.0,85.0,0.7
Maruti,Esteem LX,1999,Petrol,Manual,Fourth & Above Owner,70000,15.9,1298.0,85.0,0.7
Ford,Fiesta 1.5,2014,Diesel,Manual,Second Owner,140000,25.01,1498.0,89.75,6.5
Maruti,Swift VXI,2019,Petrol,Manual,First Owner,18000,21.21,1197.0,81.8,6.1
Maruti,Alto K10,2015,Petrol,Manual,First Owner,24000,23.95,998.0,67.05,3.0
Hyundai,Grand i10,2014,Diesel,Manual,First Owner,60000,24.0,1120.0,70.0,4.25
Hyundai,Verna 1.6,2012,Diesel,Manual,Third Owner,150000,22.32,1582.0,126.32,4.5
Hyundai,Verna 1.6,2011,Diesel,Manual,First Owner,108000,22.32,1582.0,126.3,4.5
Hyundai,i10 Sportz,2011,Petrol,Automatic,Third Owner,60000,16.95,1197.0,78.9,3.4
Maruti,Ertiga LDI,2013,Diesel,Manual,First Owner,90000,20.77,1248.0,88.76,6.5
Tata,Indigo CS,2009,Diesel,Manual,First Owner,70000,19.09,1396.0,69.0,1.6
Tata,Indica Vista,2014,Diesel,Manual,First Owner,120000,19.1,1405.0,70.0,2.5
Chevrolet,Beat Diesel,2012,Diesel,Manual,Third Owner,100000,25.44,936.0,57.6,2.25
Tata,Indica V2,2007,Diesel,Manual,Second Owner,75958,17.88,1396.0,52.8,0.55
Maruti,800 AC,1996,Petrol,Manual,Third Owner,70000,16.1,796.0,37.0,0.42
Hyundai,Tucson CRDi,2006,Diesel,Manual,Fourth & Above Owner,128000,12.6,1991.0,112.0,2.82
Tata,Indica V2,2007,Diesel,Manual,Third Owner,110000,16.8,1405.0,62.0,0.8
Maruti,Swift Dzire,2016,Petrol,Manual,First Owner,40000,20.85,1197.0,83.14,5.0
Ford,Figo Aspire,2016,Diesel,Manual,First Owner,70000,25.83,1498.0,99.0,5.0
Maruti,Swift VDI,2011,Diesel,Manual,First Owner,60000,22.9,1248.0,74.0,4.0
Mahindra,Bolero 2011-2019,2013,Diesel,Manual,First Owner,90000,15.96,2523.0,62.1,5.5
Tata,New Safari,2007,Diesel,Manual,Second Owner,70000,13.93,2179.0,138.1,2.0
Hyundai,i10 Sportz,2012,Petrol,Manual,First Owner,65000,20.36,1197.0,78.9,2.8
Maruti,Swift Dzire,2014,Diesel,Manual,First Owner,88000,23.4,1248.0,74.0,5.8
Tata,Manza Aura,2009,Diesel,Manual,Third Owner,80000,18.8,1248.0,90.0,1.0
Mahindra,Scorpio EX,2014,Diesel,Manual,First Owner,60000,14.0,2523.0,75.0,5.5
Mahindra,TUV 300,2017,Diesel,Manual,First Owner,38000,18.49,1493.0,100.0,7.0
Tata,Manza Aqua,2010,Petrol,Manual,Third Owner,80000,15.0,1368.0,90.0,1.5
Hyundai,EON Magna,2014,Petrol,Manual,Second Owner,60000,21.1,814.0,55.2,1.9
Mahindra,Bolero 2011-2019,2013,Diesel,Manual,First Owner,110000,15.96,2523.0,62.1,5.0
Maruti,Swift VDI,2017,Diesel,Manual,First Owner,110000,25.2,1248.0,74.0,6.4
Skoda,Fabia 1.2L,2011,Diesel,Manual,First Owner,145000,20.86,1199.0,75.0,3.4
Hyundai,Elite i20,2019,Diesel,Manual,First Owner,43000,22.54,1396.0,88.76,8.11
Maruti,Ritz LDi,2016,Diesel,Manual,First Owner,120000,23.2,1248.0,73.94,4.1
Maruti,Swift Lxi,2007,Petrol,Manual,Second Owner,136000,16.1,1298.0,88.2,2.2
Tata,Indica V2,2013,Diesel,Manual,Second Owner,120000,17.88,1405.0,48.21,1.7
Hyundai,Elite i20,2018,Petrol,Manual,First Owner,25000,18.6,1197.0,81.86,7.0
Mahindra,Scorpio S10,2015,Diesel,Manual,Second Owner,80000,15.4,2179.0,120.0,9.5
Hyundai,Accent GLS,2003,Petrol,Manual,Second Owner,40000,14.4,1599.0,94.0,0.8
Jaguar,XE 2016-2019,2017,Diesel,Automatic,First Owner,9000,13.6,1999.0,177.0,27.11
Lexus,ES 300h,2019,Petrol,Automatic,First Owner,20000,22.37,2487.0,214.56,51.5
Jaguar,XF 2.0,2017,Diesel,Automatic,First Owner,45000,19.33,1999.0,177.0,32.0
Tata,Safari Storme,2015,Diesel,Manual,First Owner,110000,14.1,2179.0,147.94,5.03
Volvo,XC40 D4,2019,Diesel,Automatic,First Owner,20000,18.0,1969.0,190.0,38.0
Toyota,Camry 2.5,2016,Petrol,Automatic,First Owner,68089,19.16,2494.0,157.7,20.0
Maruti,Wagon R,2013,Petrol,Manual,First Owner,58343,21.79,998.0,67.05,2.25
Maruti,Baleno Alpha,2018,Diesel,Manual,First Owner,38817,27.39,1248.0,74.0,7.4
Honda,Jazz VX,2016,Petrol,Manual,First Owner,56494,18.2,1199.0,88.7,5.5
Toyota,Innova 2.5,2013,Diesel,Manual,Second Owner,79328,12.99,2494.0,100.6,7.5
Maruti,Swift AMT,2019,Petrol,Automatic,First Owner,5621,22.0,1197.0,81.8,6.5
Toyota,Etios VX,2017,Petrol,Manual,First Owner,25538,16.78,1496.0,88.73,6.25
Maruti,Swift AMT,2018,Petrol,Automatic,First Owner,69779,22.0,1197.0,81.8,6.0
Hyundai,Grand i10,2017,Diesel,Manual,First Owner,56290,24.0,1186.0,73.97,4.5
BMW,X4 M,2019,Diesel,Automatic,First Owner,7500,16.78,1995.0,190.0,54.0
BMW,X4 M,2019,Diesel,Automatic,First Owner,8500,16.78,1995.0,190.0,55.0
Honda,Amaze V,2019,Petrol,Automatic,First Owner,7032,19.0,1199.0,88.76,7.79
Skoda,Rapid 1.6,2016,Petrol,Automatic,First Owner,11000,14.3,1598.0,103.5,6.45
Volvo,V40 D3,2018,Diesel,Automatic,First Owner,2000,16.8,1984.0,150.0,24.75
Maruti,Swift Dzire,2014,Diesel,Manual,Second Owner,120000,23.4,1248.0,74.0,4.2
Maruti,S-Cross 2017-2020,2018,Diesel,Manual,First Owner,35000,25.1,1248.0,88.5,8.99
Datsun,GO T,2019,Petrol,Manual,First Owner,35000,19.83,1198.0,67.0,4.6
Hyundai,Verna CRDi,2008,Diesel,Manual,Second Owner,120000,18.1,1493.0,110.0,1.5
Renault,KWID 1.0,2017,Petrol,Manual,First Owner,25000,23.01,999.0,67.0,3.5
Toyota,Etios GD,2015,Diesel,Manual,Second Owner,100000,23.59,1364.0,67.05,5.1
Mahindra,Bolero 2011-2019,2013,Diesel,Manual,Third Owner,120000,15.96,2523.0,62.1,5.0
Tata,Zest Revotron,2017,Petrol,Manual,First Owner,35000,17.57,1193.0,88.7,3.7
Maruti,Alto K10,2013,Petrol,Manual,Second Owner,44000,20.92,998.0,67.1,2.4
Hyundai,i20 Asta,2015,Diesel,Manual,Second Owner,100000,22.54,1396.0,88.73,5.3
Mahindra,Scorpio S10,2015,Diesel,Manual,Second Owner,133000,15.4,2179.0,120.0,10.0
Toyota,Innova Crysta,2018,Diesel,Manual,Second Owner,35000,13.68,2393.0,147.8,16.0
Hyundai,i10 Sportz,2014,Petrol,Manual,First Owner,64000,20.36,1197.0,78.9,3.5
Mahindra,XUV500 AT,2015,Diesel,Automatic,First Owner,70000,16.0,2179.0,140.0,11.0
Hyundai,i20 1.2,2011,Petrol,Manual,First Owner,70000,18.5,1197.0,80.0,2.2
Hyundai,Grand i10,2015,Petrol,Manual,First Owner,100000,18.9,1197.0,82.0,3.5
Maruti,Swift LDI,2013,Diesel,Manual,Second Owner,90000,22.9,1248.0,74.0,3.7
Maruti,Swift Dzire,2014,Petrol,Manual,First Owner,50000,17.5,1298.0,85.8,2.2
Chevrolet,Sail Hatchback,2013,Diesel,Manual,First Owner,80000,22.1,1248.0,76.9,2.0
Mahindra,KUV 100,2017,Diesel,Manual,First Owner,50000,25.32,1198.0,77.0,4.0
Fiat,Grande Punto,2009,Petrol,Manual,First Owner,55000,14.6,1368.0,88.7,1.5
Toyota,Innova Crysta,2020,Petrol,Automatic,First Owner,40000,10.75,2694.0,163.7,15.0
Maruti,Omni 5,2011,Petrol,Manual,Second Owner,70000,14.0,796.0,35.0,1.3
Maruti,Alto 800,2013,Petrol,Manual,Second Owner,80000,22.74,796.0,47.3,1.85
Hyundai,Santro Xing,2010,Petrol,Manual,Second Owner,80000,0.0,1086.0,62.1,1.1
Mahindra,Bolero 2011-2019,2012,Diesel,Manual,First Owner,120000,15.96,2523.0,62.1,4.5
Hyundai,Grand i10,2018,Petrol,Manual,Second Owner,20000,18.9,1197.0,81.86,5.0
Ford,EcoSport 1.5,2017,Petrol,Manual,First Owner,31596,17.0,1497.0,121.36,5.7
Mahindra,XUV500 W6,2013,Diesel,Manual,First Owner,85710,15.1,2179.0,140.0,6.5
Toyota,Fortuner 3.0,2012,Diesel,Manual,First Owner,129627,11.5,2982.0,171.0,16.8
Datsun,RediGO T,2018,Petrol,Manual,First Owner,10000,22.7,799.0,53.64,2.5
Hyundai,i10 Sportz,2014,Petrol,Manual,First Owner,15000,20.36,1197.0,78.9,3.2
Maruti,Wagon R,2017,Petrol,Automatic,First Owner,35000,20.51,998.0,67.0,4.4
Hyundai,i20 Sportz,2013,Petrol,Manual,Second Owner,49000,18.5,1197.0,82.85,3.15
Tata,Manza Aura,2010,Diesel,Manual,First Owner,158000,18.8,1248.0,90.0,2.03
Hyundai,EON Era,2012,Petrol,Manual,Second Owner,30000,21.1,814.0,55.2,1.79
Hyundai,i10 Magna,2008,Petrol,Manual,Second Owner,60000,20.36,1197.0,78.9,1.4
Maruti,Zen Estilo,2008,Petrol,Manual,Second Owner,40000,18.2,1061.0,64.0,1.5
Mahindra,Bolero SLX,2011,Diesel,Manual,Second Owner,60000,13.6,2523.0,63.0,4.4
Ford,Figo Diesel,2011,Diesel,Manual,Second Owner,55130,20.0,1399.0,68.0,2.5
Maruti,Wagon R,2014,Petrol,Manual,First Owner,22000,20.51,998.0,67.04,3.3
Ford,Figo Petrol,2010,Petrol,Manual,First Owner,48000,15.6,1196.0,70.0,2.5
Hyundai,i20 Magna,2012,Petrol,Manual,First Owner,45000,18.5,1197.0,82.85,3.35
Mahindra,XUV500 W4,2016,Diesel,Manual,First Owner,22522,16.0,2179.0,140.0,10.25
Hyundai,i20 1.2,2012,Petrol,Manual,Third Owner,51856,18.5,1197.0,80.0,3.2
Maruti,Ciaz RS,2015,Petrol,Manual,First Owner,29434,20.73,1373.0,91.1,5.5
Honda,WR-V i-DTEC,2018,Diesel,Manual,First Owner,25000,25.5,1498.0,98.6,8.0
Tata,Tiago 1.2,2017,Petrol,Manual,Second Owner,28000,23.84,1199.0,84.0,3.8
Renault,Duster 85PS,2013,Diesel,Manual,Second Owner,44500,20.46,1461.0,83.8,4.0
Maruti,Wagon R,2016,Petrol,Manual,First Owner,34500,20.51,998.0,67.04,3.75
Honda,City i-VTEC,2017,Petrol,Automatic,First Owner,20000,18.0,1497.0,117.6,11.0
Hyundai,i20 1.2,2018,Petrol,Manual,First Owner,15000,18.6,1197.0,81.83,6.5
Nissan,Micra XV,2014,Petrol,Automatic,First Owner,26000,19.34,1198.0,76.0,3.61
Hyundai,EON D,2012,Petrol,Manual,First Owner,20000,21.1,814.0,55.2,1.4
Hyundai,Xcent 1.2,2019,Petrol,Manual,First Owner,3000,20.14,1197.0,81.86,5.5
Honda,Amaze VX,2019,Petrol,Manual,First Owner,20000,19.5,1199.0,88.76,6.7
Maruti,Vitara Brezza,2017,Diesel,Manual,First Owner,25000,24.3,1248.0,88.5,8.8
Ford,EcoSport 1.5,2018,Diesel,Manual,First Owner,35000,23.0,1498.0,98.96,9.5
Chevrolet,Cruze LTZ,2010,Diesel,Manual,First Owner,60000,18.3,1991.0,147.9,3.0
Honda,City i-VTEC,2017,Petrol,Automatic,First Owner,6825,18.0,1497.0,117.6,11.5
Chevrolet,Cruze LTZ,2015,Diesel,Automatic,First Owner,155000,14.81,1998.0,163.7,4.5
Maruti,Eeco CNG,2018,CNG,Manual,First Owner,50000,21.94,1196.0,61.7,3.75
Maruti,Ertiga BSIV,2016,Petrol,Manual,First Owner,13500,17.5,1373.0,91.1,6.0
Toyota,Innova 2.5,2008,Diesel,Manual,First Owner,260000,12.8,2494.0,102.0,7.0
Hyundai,Xcent 1.2,2018,Diesel,Manual,First Owner,65000,25.4,1186.0,73.97,6.0
Mahindra,Xylo H9,2014,Diesel,Manual,Second Owner,95000,14.02,2179.0,118.3,6.3
Maruti,Ciaz ZXi,2016,Petrol,Manual,Second Owner,40000,20.73,1373.0,91.1,5.9
Hyundai,Santro Era,2019,Petrol,Manual,First Owner,30000,20.3,1086.0,68.0,4.2
Mitsubishi,Pajero Sport,2016,Diesel,Manual,First Owner,120000,13.5,2477.0,175.56,19.5
Tata,New Safari,2013,Diesel,Manual,First Owner,112011,13.93,2179.0,138.1,5.41
Toyota,Innova 2.5,2015,Diesel,Manual,First Owner,125000,12.99,2494.0,100.6,9.0
Toyota,Innova 2.5,2015,Diesel,Manual,First Owner,125000,12.99,2494.0,100.6,9.0
Tata,Manza Aura,2009,Diesel,Manual,First Owner,43000,18.8,1248.0,90.0,2.5
Mahindra,Bolero 2011-2019,2019,Diesel,Manual,First Owner,53534,15.96,2523.0,62.1,6.7
Tata,Tigor 2017-2020,2019,Petrol,Manual,First Owner,20000,20.3,1199.0,83.81,5.3
Chevrolet,Beat Diesel,2012,Diesel,Manual,Second Owner,70000,25.44,936.0,57.6,1.5
Mahindra,XUV500 W8,2013,Diesel,Manual,Third Owner,70000,15.1,2179.0,140.0,5.5
Mahindra,Scorpio 1.99,2015,Diesel,Manual,First Owner,150000,15.4,1997.0,120.0,6.5
Tata,Indica Vista,2012,Diesel,Manual,Second Owner,100000,19.4,1405.0,70.0,1.8
Mahindra,Thar 4X4,2015,Diesel,Manual,First Owner,50000,16.55,2498.0,105.0,5.85
Hyundai,i20 Magna,2013,Petrol,Manual,Second Owner,120000,18.5,1197.0,82.85,3.45
Maruti,Swift VDI,2013,Diesel,Manual,Third Owner,110000,22.9,1248.0,74.0,3.5
Honda,BRV i-VTEC,2016,Petrol,Manual,First Owner,140000,15.4,1497.0,117.3,7.25
Tata,Venture EX,2012,Diesel,Manual,First Owner,120000,15.42,1405.0,70.0,2.5
Maruti,800 AC,2002,Petrol,Manual,Second Owner,70000,16.1,796.0,37.0,0.45
Toyota,Innova 2.5,2007,Diesel,Manual,Fourth & Above Owner,248119,12.8,2494.0,102.0,4.1
Renault,KWID 1.0,2017,Petrol,Manual,Second Owner,16500,23.01,999.0,67.0,3.25
Maruti,Alto K10,2016,Petrol,Manual,First Owner,9900,23.95,998.0,67.05,3.5
Maruti,Alto LXi,2012,Petrol,Manual,Third Owner,80000,19.7,796.0,46.3,1.8
Fiat,Linea Emotion,2010,Petrol,Manual,Second Owner,100000,16.0,1368.0,90.0,1.5
Maruti,Dzire ZXI,2020,Petrol,Manual,First Owner,20000,23.26,1197.0,88.5,7.0
Maruti,Ciaz ZDi,2016,Diesel,Manual,First Owner,90000,28.09,1248.0,88.5,7.95
Mahindra,Thar CRDe,2019,Diesel,Manual,First Owner,15000,16.55,2498.0,105.0,9.5
Volkswagen,Vento 1.5,2018,Diesel,Automatic,First Owner,75000,21.5,1498.0,108.5,8.85
Maruti,Ritz LDi,2011,Diesel,Manual,First Owner,140000,21.1,1248.0,73.9,1.6
Hyundai,i20 1.4,2012,Diesel,Manual,Second Owner,120000,23.0,1396.0,90.0,3.0
Volkswagen,Vento 1.5,2018,Diesel,Automatic,First Owner,75000,21.5,1498.0,108.5,9.5
Maruti,Ertiga VDI,2015,Diesel,Manual,First Owner,90000,20.77,1248.0,88.76,5.49
Audi,A3 35,2018,Diesel,Automatic,First Owner,20000,20.38,1968.0,143.0,30.0
Toyota,Innova 2.5,2015,Diesel,Manual,First Owner,61000,12.99,2494.0,100.6,12.0
Renault,Fluence Diesel,2012,Diesel,Manual,Second Owner,100000,21.8,1461.0,78.0,5.7
Mahindra,Thar CRDe,2017,Diesel,Manual,Second Owner,60000,16.55,2498.0,105.0,8.0
Hyundai,Verna CRDi,2009,Diesel,Manual,First Owner,100000,18.1,1493.0,110.0,3.75
Mahindra,Bolero SLX,2009,Diesel,Manual,Third Owner,170000,13.6,2523.0,63.0,3.0
Toyota,Etios G,2013,Petrol,Manual,Second Owner,100000,16.78,1496.0,88.73,3.5
Mahindra,Bolero SLX,2011,Diesel,Manual,Second Owner,120000,13.6,2523.0,63.0,4.0
Volkswagen,Polo 1.5,2015,Diesel,Manual,First Owner,50000,20.14,1498.0,88.8,4.35
Maruti,Alto 800,2015,Petrol,Manual,First Owner,25000,22.74,796.0,47.3,2.6
Maruti,Swift VDI,2013,Diesel,Manual,First Owner,24019,22.9,1248.0,74.0,4.5
Hyundai,Verna 1.6,2013,Diesel,Manual,Second Owner,80000,22.32,1582.0,126.32,4.6
Maruti,Ritz VDi,2011,Diesel,Manual,Second Owner,100000,21.1,1248.0,73.9,2.1
Maruti,Swift Dzire,2015,Petrol,Manual,Second Owner,93000,20.85,1197.0,83.14,5.4
Maruti,Ertiga SHVS,2017,Diesel,Manual,First Owner,50000,24.52,1248.0,88.5,7.1
Maruti,Alto 800,2018,Petrol,Manual,First Owner,22000,24.7,796.0,47.3,2.85
Hyundai,Creta 1.4,2019,Diesel,Manual,First Owner,19600,22.1,1396.0,88.7,9.9
Tata,Indigo CS,2017,Petrol,Manual,First Owner,104000,15.64,1193.0,64.1,3.62
Ford,EcoSport 1.5,2017,Diesel,Manual,First Owner,33000,23.0,1498.0,98.96,8.8
Mahindra,TUV 300,2017,Diesel,Manual,First Owner,60000,18.49,1493.0,100.0,7.0
Mahindra,Bolero 2011-2019,2016,Diesel,Manual,First Owner,60000,15.96,2523.0,63.0,6.0
Nissan,Terrano XL,2015,Petrol,Manual,First Owner,40000,13.24,1598.0,102.5,7.0
Tata,Tiago 1.05,2016,Diesel,Manual,First Owner,60000,27.28,1047.0,69.0,4.0
Hyundai,Accent Executive,2010,LPG,Manual,First Owner,80000,13.2,1495.0,93.7,1.65
Toyota,Innova 2.5,2007,Diesel,Manual,Second Owner,376412,12.8,2494.0,102.0,3.5
Maruti,Ertiga VXI,2014,Petrol,Manual,Third Owner,80000,16.02,1373.0,93.7,4.25
Hyundai,Santro Xing,2012,Petrol,Manual,First Owner,70000,17.92,1086.0,62.1,1.8
Maruti,Alto K10,2012,Petrol,Manual,Third Owner,90000,20.92,998.0,67.1,1.7
Mahindra,Bolero 2011-2019,2014,Diesel,Manual,First Owner,183000,15.96,2523.0,63.0,3.7
Maruti,Vitara Brezza,2018,Diesel,Manual,First Owner,27000,24.3,1248.0,88.5,8.0
Ford,EcoSport 1.5,2017,Diesel,Manual,First Owner,35000,23.0,1498.0,98.96,9.0
Maruti,Swift VDI,2013,Diesel,Manual,First Owner,120000,22.9,1248.0,74.0,3.9
Maruti,Swift Dzire,2014,Diesel,Manual,Second Owner,80000,23.4,1248.0,74.0,4.45
Maruti,Swift Dzire,2014,Diesel,Manual,Fourth & Above Owner,70000,23.4,1248.0,74.0,4.6
Maruti,Wagon R,2013,LPG,Manual,First Owner,55000,14.4,998.0,61.7,2.75
Maruti,Ritz VDi,2009,Diesel,Manual,Second Owner,120000,21.1,1248.0,73.9,2.0
Maruti,Swift Dzire,2012,Petrol,Manual,Second Owner,72000,17.5,1197.0,85.8,3.5
Tata,New Safari,2007,Diesel,Manual,Second Owner,120000,12.0,2092.0,127.0,0.95
Toyota,Etios GD,2014,Diesel,Manual,First Owner,250000,23.59,1364.0,67.04,5.5
Chevrolet,Tavera Neo,2016,Diesel,Manual,First Owner,100000,13.58,2499.0,72.4,9.0
Tata,Sumo Gold,2013,Diesel,Manual,Second Owner,120000,15.3,2956.0,83.83,3.5
Nissan,Micra XV,2015,Petrol,Automatic,First Owner,50000,19.34,1198.0,76.0,3.25
Hyundai,Grand i10,2014,Petrol,Manual,First Owner,32000,18.9,1197.0,82.0,4.56
Maruti,Alto STD,2008,Petrol,Manual,First Owner,60000,19.7,796.0,46.3,1.29
Maruti,Alto 800,2017,Petrol,Manual,First Owner,40000,24.7,796.0,47.3,2.54
Ford,Ecosport 1.5,2014,Diesel,Manual,First Owner,48000,21.7,1498.0,98.96,5.7
Nissan,Terrano XL,2018,Diesel,Manual,First Owner,30000,19.87,1461.0,83.14,8.4
Tata,New Safari,2010,Diesel,Manual,Second Owner,100000,13.93,2179.0,138.1,2.35
Mahindra,TUV 300,2016,Diesel,Manual,First Owner,50000,18.49,1493.0,100.0,7.0
Hyundai,Grand i10,2018,Petrol,Manual,First Owner,5000,18.9,1197.0,81.86,5.28
Jeep,Compass 2.0,2017,Diesel,Manual,First Owner,12000,17.1,1956.0,170.0,15.0
Mahindra,Bolero 2011-2019,2016,Diesel,Manual,First Owner,72000,15.96,2523.0,63.0,5.6
Mahindra,Bolero 2011-2019,2016,Diesel,Manual,First Owner,70000,15.96,2523.0,63.0,6.0
Chevrolet,Aveo U-VA,2007,Petrol,Manual,Second Owner,50000,15.26,1150.0,74.9,1.02
Mahindra,XUV500 W8,2014,Diesel,Manual,Second Owner,70000,15.1,2179.0,140.0,7.5
Chevrolet,Aveo U-VA,2010,Petrol,Manual,Third Owner,70000,14.7,1150.0,76.0,1.48
Maruti,Baleno Alpha,2015,Petrol,Manual,First Owner,50000,21.4,1197.0,83.1,6.5
Volkswagen,Polo Petrol,2012,Petrol,Manual,First Owner,40000,16.47,1198.0,73.9,3.1
Hyundai,Xcent 1.2,2014,Petrol,Manual,First Owner,30000,19.1,1197.0,82.0,4.8
Maruti,Alto 800,2018,Petrol,Manual,First Owner,15000,24.7,796.0,47.3,3.2
Honda,City i,2015,Petrol,Manual,First Owner,40000,17.4,1497.0,117.3,7.5
Nissan,Micra Active,2017,Petrol,Manual,First Owner,40000,19.49,1198.0,67.04,3.7
Maruti,Swift ZXI,2013,Petrol,Manual,Fourth & Above Owner,60000,18.6,1197.0,85.8,3.2
Maruti,Swift ZXI,2013,Petrol,Manual,First Owner,67000,18.6,1197.0,85.8,4.2
Maruti,Swift Dzire,2010,Petrol,Manual,Second Owner,60000,17.5,1298.0,85.8,2.4
Datsun,RediGO 1.0,2017,Petrol,Manual,First Owner,60000,22.5,999.0,67.0,2.2
Tata,Tiago 1.2,2016,Petrol,Manual,First Owner,30000,23.84,1199.0,84.0,3.5
Honda,Amaze VX,2018,Diesel,Manual,First Owner,40000,25.8,1498.0,98.6,6.75
Toyota,Etios Cross,2016,Petrol,Manual,Second Owner,50000,18.16,1197.0,78.8,4.35
Honda,CR-V 2.0L,2006,Petrol,Automatic,Third Owner,200000,13.1,1997.0,141.1,1.25
Mahindra,KUV 100,2016,Petrol,Manual,Second Owner,14000,18.15,1198.0,82.0,4.0
Chevrolet,Tavera Neo,2015,Diesel,Manual,First Owner,70000,13.58,2499.0,72.4,4.25
Maruti,Ritz Genus,2010,Diesel,Manual,Second Owner,94000,21.1,1248.0,75.0,3.11
Chevrolet,Tavera Neo,2015,Diesel,Manual,First Owner,197000,13.58,2499.0,72.4,5.1
Ford,Figo 1.5D,2015,Diesel,Manual,Second Owner,79000,25.83,1498.0,99.0,5.3
Skoda,Octavia Rider,2008,Diesel,Manual,Second Owner,120000,18.7,1896.0,66.0,2.1
Mahindra,Marazzo M2,2019,Diesel,Manual,First Owner,30000,17.3,1497.0,121.0,9.77
Maruti,Wagon R,2018,Petrol,Manual,First Owner,20000,20.51,998.0,67.04,4.4
Maruti,Wagon R,2018,Petrol,Manual,First Owner,17000,20.51,998.0,67.04,4.4
Hyundai,i20 1.2,2018,Petrol,Manual,First Owner,20000,18.6,1197.0,81.83,6.55
Renault,KWID RXT,2016,Petrol,Manual,First Owner,60000,25.17,799.0,53.3,2.95
Hyundai,i20 1.2,2018,Petrol,Manual,First Owner,20000,18.6,1197.0,81.83,6.55
Hyundai,Getz 1.1,2007,Petrol,Manual,Third Owner,70000,15.0,1086.0,66.6,0.65
Tata,Hexa XT,2017,Diesel,Manual,First Owner,150000,17.6,2179.0,153.86,12.0
Tata,Hexa XM,2017,Diesel,Manual,First Owner,35000,17.6,2179.0,153.86,12.51
Tata,Indigo CS,2010,Diesel,Manual,First Owner,60000,23.03,1396.0,69.0,2.0
Hyundai,i20 Active,2016,Diesel,Manual,First Owner,40000,21.19,1396.0,88.73,7.5
Maruti,Wagon R,2018,CNG,Manual,First Owner,60000,26.6,998.0,58.16,4.0
Honda,Amaze E,2017,Petrol,Manual,First Owner,57000,17.8,1198.0,86.7,4.75
Tata,Indigo VS,2012,Diesel,Manual,Second Owner,120000,17.8,1405.0,70.0,1.1
Renault,KWID 1.0,2017,Petrol,Manual,First Owner,30000,23.01,999.0,67.0,3.5
Maruti,Swift Dzire,2016,Diesel,Manual,First Owner,175000,23.4,1248.0,74.0,4.5
Tata,Indigo LX,2010,Diesel,Manual,First Owner,90000,17.0,1405.0,70.0,1.5
Tata,Indica V2,2009,Diesel,Manual,Second Owner,110000,17.2,1396.0,53.5,0.8
Hyundai,i20 Magna,2015,Petrol,Manual,Second Owner,35000,18.6,1197.0,81.83,4.3
Toyota,Innova Crysta,2017,Diesel,Manual,First Owner,81000,13.68,2393.0,147.8,14.5
Chevrolet,Cruze LTZ,2011,Diesel,Manual,First Owner,100000,18.3,1991.0,147.9,3.6
Tata,Hexa XTA,2017,Diesel,Automatic,First Owner,60000,17.6,2179.0,153.86,14.45
Honda,City i,2016,Diesel,Manual,First Owner,60000,26.0,1498.0,98.6,6.7
Mercedes-Benz,GLA Class,2016,Petrol,Automatic,First Owner,70000,13.7,1991.0,183.0,20.0
Honda,Amaze S,2015,Diesel,Manual,First Owner,50000,25.8,1498.0,98.6,4.4
Hyundai,i20 1.4,2012,Diesel,Manual,First Owner,90000,23.0,1396.0,90.0,2.55
Datsun,GO Plus,2018,Petrol,Manual,First Owner,65000,19.02,1198.0,67.05,5.3
Mahindra,XUV500 W4,2016,Diesel,Manual,Second Owner,40000,16.0,1997.0,140.0,8.9
Volkswagen,Polo Diesel,2013,Diesel,Manual,Second Owner,80000,22.07,1199.0,73.9,2.8
Maruti,Swift Dzire,2017,Petrol,Automatic,First Owner,35000,21.21,1197.0,81.8,7.25
Mahindra,TUV 300,2016,Diesel,Manual,First Owner,30000,18.49,1493.0,100.0,7.0
Maruti,Zen Estilo,2007,Petrol,Manual,First Owner,70000,18.2,998.0,67.1,0.9
Hyundai,i10 Magna,2015,Petrol,Manual,Second Owner,100000,19.81,1086.0,68.05,2.87
Hyundai,Creta 1.6,2018,Petrol,Automatic,First Owner,55000,14.8,1591.0,121.3,13.8
Toyota,Innova 2.5,2013,Diesel,Manual,Second Owner,80000,12.99,2494.0,100.6,7.5
Hyundai,Verna 1.4,2016,Petrol,Manual,First Owner,40000,17.43,1396.0,105.5,6.5
Maruti,Wagon R,2013,Petrol,Manual,Second Owner,108916,20.51,998.0,67.04,2.4
Hyundai,EON Magna,2013,Petrol,Manual,Second Owner,40000,21.1,814.0,55.2,2.9
Hyundai,EON Era,2014,Petrol,Manual,First Owner,80000,21.1,814.0,55.2,2.3
Honda,City i,2016,Diesel,Manual,Second Owner,50000,26.0,1498.0,98.6,10.0
Hyundai,Santro Xing,2012,Petrol,Manual,Second Owner,90000,17.92,1086.0,62.1,2.0
Maruti,Alto LX,2004,Petrol,Manual,Fourth & Above Owner,70000,19.7,796.0,46.3,0.9
Hyundai,i20 1.4,2012,Diesel,Manual,First Owner,90000,23.0,1396.0,90.0,3.3
Maruti,Ritz VDi,2009,Diesel,Manual,First Owner,70000,21.1,1248.0,73.9,2.0
Mahindra,KUV 100,2018,Diesel,Manual,First Owner,31000,25.32,1198.0,77.0,4.2
Maruti,Swift Dzire,2009,Diesel,Manual,Second Owner,120000,19.3,1248.0,73.9,2.6
Hyundai,i20 Sportz,2016,Petrol,Manual,First Owner,40000,18.6,1197.0,81.83,5.9
Maruti,Swift VDI,2015,Diesel,Manual,First Owner,180000,25.2,1248.0,74.0,5.45
Maruti,Wagon R,2011,Petrol,Manual,Second Owner,90000,18.9,998.0,67.1,2.1
Honda,City 2017-2020,2008,Petrol,Manual,Second Owner,110000,17.7,1497.0,78.0,1.85
Maruti,Wagon R,2006,Petrol,Manual,Second Owner,59000,18.9,998.0,67.1,1.25
Hyundai,EON Magna,2014,Petrol,Manual,Second Owner,60000,21.1,814.0,55.2,2.8
Maruti,Wagon R,2005,Petrol,Manual,Second Owner,70000,18.9,998.0,67.1,0.98
Tata,Indica Vista,2009,Diesel,Manual,First Owner,190000,17.0,1405.0,71.0,1.0
Mahindra,Verito Vibe,2013,Diesel,Manual,First Owner,180000,20.8,1461.0,64.1,2.5
Toyota,Fortuner 3.0,2010,Diesel,Manual,Second Owner,150000,11.5,2982.0,171.0,7.5
Chevrolet,Optra Magnum,2007,Diesel,Manual,Second Owner,130000,16.52,1991.0,123.7,1.6
Hyundai,Verna 1.6,2013,Diesel,Automatic,Second Owner,120000,22.32,1582.0,126.3,5.1
Tata,Indica V2,2009,Diesel,Manual,Second Owner,80000,17.88,1396.0,52.8,0.95
Hyundai,Verna 1.6,2014,Diesel,Manual,Second Owner,80000,22.32,1582.0,126.32,5.25
Datsun,RediGO 1.0,2017,Petrol,Manual,First Owner,20000,22.5,999.0,67.0,2.78
Maruti,800 AC,1997,Petrol,Manual,Second Owner,60000,16.1,796.0,37.0,0.5
Volkswagen,Polo Diesel,2011,Diesel,Manual,Third Owner,120000,22.07,1199.0,73.9,2.55
Maruti,Swift Dzire,2019,Petrol,Manual,First Owner,10000,21.21,1197.0,81.8,6.75
Maruti,Swift Dzire,2016,Diesel,Manual,Second Owner,147000,26.59,1248.0,74.0,6.0
Maruti,S-Cross 2017-2020,2018,Diesel,Manual,First Owner,51000,25.1,1248.0,88.5,9.5
Honda,City 2017-2020,2007,Petrol,Manual,Third Owner,60000,17.7,1497.0,78.0,2.3
Toyota,Innova 2.5,2009,Diesel,Manual,First Owner,220000,12.8,2494.0,102.0,6.0
Maruti,Alto 800,2017,Petrol,Manual,First Owner,20000,24.7,796.0,47.3,3.3
Maruti,Alto K10,2017,Petrol,Manual,First Owner,40000,23.95,998.0,67.05,3.5
Volkswagen,Polo 1.2,2016,Petrol,Manual,First Owner,35000,16.2,1199.0,74.0,5.6
Maruti,Wagon R,2017,Petrol,Manual,First Owner,30000,20.51,998.0,67.04,4.4
Maruti,A-Star Vxi,2011,Petrol,Manual,Second Owner,90000,19.0,998.0,66.1,2.2
Maruti,Swift Dzire,2017,Diesel,Manual,Second Owner,110000,28.4,1248.0,74.02,7.5
Mahindra,XUV500 W6,2015,Diesel,Manual,First Owner,140000,15.1,2179.0,140.0,8.0
Tata,Indica V2,2007,Diesel,Manual,Second Owner,104000,17.2,1396.0,53.5,0.59
Maruti,Baleno Zeta,2018,Petrol,Automatic,First Owner,9000,21.4,1197.0,83.1,7.4
Maruti,Ignis 1.2,2019,Petrol,Automatic,Second Owner,19000,20.89,1197.0,81.8,5.7
Maruti,Wagon R,2017,Petrol,Automatic,First Owner,20000,20.51,998.0,67.0,4.3
Maruti,Vitara Brezza,2016,Diesel,Manual,First Owner,70000,24.3,1248.0,88.5,8.0
Hyundai,Grand i10,2015,Diesel,Manual,First Owner,53000,24.0,1120.0,70.0,4.5
Maruti,Swift Dzire,2013,Diesel,Manual,Second Owner,105000,23.4,1248.0,74.0,4.2
Mahindra,Thar DI,2015,Diesel,Manual,First Owner,16000,18.06,2523.0,63.0,7.5
Maruti,Baleno RS,2019,Petrol,Manual,First Owner,7200,21.1,998.0,100.5,7.8
Volkswagen,Polo Diesel,2011,Diesel,Manual,Second Owner,77000,22.07,1199.0,73.9,3.2
Mahindra,KUV 100,2017,Diesel,Manual,First Owner,40000,25.32,1198.0,77.0,6.9
Maruti,Swift Dzire,2012,Diesel,Manual,Second Owner,70000,19.3,1248.0,73.9,3.75
Ford,Figo 1.2P,2017,Petrol,Manual,First Owner,50000,18.12,1196.0,86.8,6.2
Hyundai,Santro Xing,2015,LPG,Manual,First Owner,85000,13.45,1086.0,62.1,3.0
Maruti,Eeco 7,2016,Petrol,Manual,Second Owner,58000,15.37,1196.0,73.0,3.7
Mahindra,Thar 4X4,2013,Diesel,Manual,First Owner,85000,16.55,2498.0,105.0,7.7
Hyundai,Xcent 1.2,2014,Petrol,Manual,First Owner,65000,19.1,1197.0,81.86,5.0
Mahindra,KUV 100,2017,Diesel,Manual,First Owner,120000,25.32,1198.0,77.0,4.5
Hyundai,Santro Xing,2013,Petrol,Manual,Second Owner,50000,17.92,1086.0,62.1,1.95
Maruti,Wagon R,2018,Petrol,Automatic,First Owner,30000,20.51,998.0,67.0,4.72
Maruti,Alto K10,2014,Petrol,Manual,Second Owner,58000,23.95,998.0,67.05,2.5
Chevrolet,Beat Diesel,2011,Diesel,Manual,Second Owner,70000,25.44,936.0,57.6,1.65
Tata,Zest Quadrajet,2018,Diesel,Manual,Second Owner,110000,20.65,1248.0,88.7,5.25
Maruti,Wagon R,2003,Petrol,Manual,Third Owner,65000,18.9,998.0,67.1,1.45
Tata,Indica Vista,2013,Diesel,Manual,First Owner,100000,22.3,1248.0,88.8,3.25
Mahindra,Bolero Power,2017,Diesel,Manual,Second Owner,60000,16.5,1493.0,70.0,6.6
Ford,Classic 1.4,2014,Diesel,Manual,Second Owner,90000,19.68,1399.0,67.0,3.1
Mahindra,Bolero SLX,2008,Diesel,Manual,First Owner,200000,13.6,2523.0,63.0,2.5
Ford,Classic 1.4,2014,Diesel,Manual,Second Owner,100000,19.68,1399.0,67.0,3.3
Ford,Figo Diesel,2012,Diesel,Manual,Second Owner,80000,20.0,1399.0,68.0,2.5
Mahindra,NuvoSport N8,2017,Diesel,Automatic,First Owner,60000,17.45,1493.0,100.0,6.5
Maruti,Alto K10,2016,Petrol,Manual,First Owner,40000,23.95,998.0,67.05,3.05
Maruti,Ciaz VDi,2015,Diesel,Manual,First Owner,50000,26.21,1248.0,88.5,6.0
Maruti,Wagon R,2015,Petrol,Manual,First Owner,110000,20.51,998.0,67.04,2.8
Tata,Indigo CR4,2011,Diesel,Manual,Second Owner,50000,23.57,1396.0,70.0,1.53
Mahindra,TUV 300,2018,Diesel,Manual,First Owner,30000,18.49,1493.0,100.0,7.0
Renault,KWID RXL,2017,Petrol,Manual,First Owner,40000,25.17,799.0,53.3,3.25
Maruti,Alto K10,2016,Petrol,Manual,First Owner,40000,23.95,998.0,67.05,3.05
Maruti,800 AC,2006,Petrol,Manual,Second Owner,70000,16.1,796.0,37.0,1.55
Maruti,Alto K10,2012,Petrol,Manual,Third Owner,80000,20.92,998.0,67.1,2.35
Maruti,Swift VXI,2016,Petrol,Manual,First Owner,15000,20.4,1197.0,81.8,5.0
Mahindra,Bolero DI,2004,Diesel,Manual,Second Owner,150000,13.6,2523.0,63.0,1.2
Skoda,Rapid 1.5,2016,Diesel,Automatic,First Owner,88000,21.66,1498.0,103.52,6.75
Toyota,Innova 2.5,2014,Diesel,Manual,First Owner,80000,12.99,2494.0,100.6,9.5
Mahindra,XUV500 W5,2018,Diesel,Manual,First Owner,59865,15.1,2179.0,152.87,10.51
Volkswagen,Polo 2015-2019,2016,Diesel,Manual,First Owner,60000,21.49,1498.0,108.5,5.91
Hyundai,i20 Asta,2015,Diesel,Manual,First Owner,72000,22.54,1396.0,88.73,5.85
Honda,City i-VTEC,2017,Petrol,Automatic,First Owner,68140,18.0,1497.0,117.6,10.25
Maruti,Swift VDI,2014,Diesel,Manual,First Owner,53190,28.4,1248.0,74.0,4.5
Hyundai,i20 2015-2017,2014,Diesel,Manual,First Owner,70100,22.54,1396.0,88.73,4.85
Honda,Jazz 1.5,2018,Diesel,Manual,First Owner,47725,27.3,1498.0,98.6,6.5
Maruti,Swift Dzire,2014,Diesel,Manual,Second Owner,70195,28.4,1248.0,74.02,4.35
Ford,Figo Diesel,2011,Diesel,Manual,Second Owner,77395,20.0,1399.0,68.0,1.95
Mahindra,Marazzo M2,2019,Diesel,Manual,First Owner,17000,17.3,1497.0,121.0,10.0
Hyundai,Elantra CRDi,2013,Diesel,Automatic,First Owner,64000,14.62,1498.0,113.42,6.5
Chevrolet,Beat Diesel,2014,Diesel,Manual,First Owner,74321,25.44,936.0,56.3,1.9
Maruti,Swift Dzire,2013,Diesel,Manual,Second Owner,80235,28.4,1248.0,74.02,4.1
Hyundai,Creta 1.6,2016,Diesel,Automatic,First Owner,77150,17.01,1582.0,126.2,10.5
Volkswagen,Vento 1.5,2015,Diesel,Automatic,First Owner,69000,22.15,1498.0,108.6,6.51
Maruti,SX4 S,2015,Diesel,Manual,First Owner,57000,23.65,1248.0,88.5,6.5
Skoda,Rapid 1.5,2017,Diesel,Manual,First Owner,89000,21.14,1498.0,103.6,7.5
Volkswagen,Passat Highline,2012,Diesel,Automatic,First Owner,61100,14.3,1968.0,140.0,7.99
Skoda,Octavia Ambiente,2010,Diesel,Manual,First Owner,116000,18.7,1896.0,66.0,3.55
Hyundai,Verna 1.6,2015,Diesel,Manual,First Owner,80000,23.9,1582.0,126.32,6.0
Maruti,Swift VDI,2018,Diesel,Manual,First Owner,26000,28.4,1248.0,74.0,6.85
Maruti,Swift LDI,2018,Diesel,Manual,First Owner,100000,28.4,1248.0,74.0,5.1
Maruti,Alto Green,2012,CNG,Manual,Second Owner,82300,26.83,796.0,38.4,1.5
Maruti,Swift Dzire,2017,Diesel,Manual,First Owner,82050,19.3,1248.0,73.9,6.5
Mahindra,XUV500 W8,2012,Diesel,Manual,Second Owner,120000,15.1,2179.0,140.0,6.75
Renault,KWID AMT,2018,Petrol,Automatic,First Owner,30000,24.04,999.0,67.0,3.19
Honda,Amaze S,2019,Petrol,Manual,First Owner,6000,19.5,1199.0,88.76,6.4
Hyundai,i20 1.2,2017,Petrol,Manual,First Owner,30000,18.6,1197.0,81.83,6.5
Maruti,Ertiga VDI,2015,Diesel,Manual,First Owner,70000,20.77,1248.0,88.76,6.5
Maruti,Alto Green,2010,CNG,Manual,Second Owner,70000,26.83,796.0,38.4,1.55
Maruti,Ertiga VDI,2015,Diesel,Manual,First Owner,70000,20.77,1248.0,88.76,6.5
Maruti,Swift Ldi,2008,Diesel,Manual,First Owner,120000,17.8,1248.0,75.0,1.75
Hyundai,Grand i10,2014,Diesel,Manual,Third Owner,76000,24.0,1120.0,70.0,3.75
Hyundai,Grand i10,2014,Diesel,Manual,Second Owner,80000,24.0,1120.0,70.0,4.3
Tata,Indica V2,2008,Diesel,Manual,Second Owner,110000,17.2,1396.0,53.5,0.65
Hyundai,Accent GLS,2009,Petrol,Manual,Third Owner,70000,13.2,1495.0,94.0,1.5
Hyundai,i20 Active,2019,Petrol,Manual,First Owner,13000,17.19,1197.0,81.86,6.2
Ford,Classic 1.6,2013,Petrol,Manual,Second Owner,60000,14.09,1596.0,99.6,2.5
Maruti,Ritz VDi,2011,Diesel,Manual,First Owner,165000,21.1,1248.0,73.9,2.75
Chevrolet,Tavera Neo,2013,Diesel,Manual,Second Owner,120000,13.58,2499.0,72.4,4.54
Mahindra,TUV 300,2017,Diesel,Manual,Second Owner,30000,18.49,1493.0,100.0,6.0
Volkswagen,Vento Diesel,2011,Diesel,Manual,Second Owner,100000,20.54,1598.0,103.6,4.0
Mahindra,Renault Logan,2007,Diesel,Manual,Second Owner,187000,19.2,1461.0,65.0,1.8
Maruti,Vitara Brezza,2016,Diesel,Manual,First Owner,70000,24.3,1248.0,88.5,7.5
Maruti,Swift VXI,2016,Petrol,Manual,First Owner,40000,20.4,1197.0,81.8,5.0
Audi,Q3 2.0,2017,Diesel,Automatic,First Owner,22000,15.73,1968.0,174.33,28.25
Honda,Civic ZX,2020,Diesel,Manual,First Owner,5500,26.8,1597.0,118.0,21.25
BMW,X1 sDrive20d,2018,Diesel,Automatic,First Owner,18000,19.62,1998.0,190.0,33.5
Honda,Jazz VX,2019,Petrol,Automatic,First Owner,1500,18.2,1199.0,88.7,8.4
Honda,Mobilio RS,2015,Diesel,Manual,First Owner,46000,24.5,1498.0,98.6,10.0
Maruti,Baleno Alpha,2017,Diesel,Manual,First Owner,24400,27.39,1248.0,74.0,7.4
Volkswagen,Vento 1.5,2018,Diesel,Automatic,First Owner,29899,22.15,1498.0,108.6,12.9
Toyota,Innova Crysta,2018,Diesel,Automatic,First Owner,20000,11.36,2755.0,171.5,18.0
Hyundai,Grand i10,2020,Petrol,Manual,First Owner,2000,20.7,1197.0,81.86,7.75
Renault,Lodgy 85PS,2017,Diesel,Manual,First Owner,34000,21.04,1461.0,83.8,6.95
Hyundai,Elite i20,2018,Petrol,Automatic,First Owner,31000,17.4,1197.0,81.86,7.3
Chevrolet,Trailblazer LTZ,2016,Diesel,Automatic,Second Owner,46000,11.45,2776.0,197.2,12.95
Isuzu,MU 7,2016,Diesel,Automatic,First Owner,121000,12.08,2999.0,161.0,11.6
Mercedes-Benz,GLC 220d,2017,Diesel,Automatic,First Owner,60000,0.0,1950.0,194.0,33.0
Hyundai,Santro Asta,2018,Petrol,Manual,First Owner,7000,20.3,1086.0,68.0,5.4
Maruti,Celerio ZXI,2016,Petrol,Automatic,First Owner,10000,23.1,998.0,67.04,4.35
Mercedes-Benz,GL-Class 220d,2018,Diesel,Automatic,First Owner,6000,17.9,2143.0,170.0,46.0
Force,Gurkha Hard,2018,Diesel,Manual,First Owner,20000,17.0,2596.0,80.8,9.1
Hyundai,Creta 1.6,2015,Diesel,Manual,First Owner,59235,19.67,1582.0,126.2,8.5
BMW,X4 M,2019,Diesel,Automatic,First Owner,21000,16.78,1995.0,190.0,58.0
Honda,Amaze S,2014,Diesel,Manual,First Owner,48000,25.8,1498.0,98.6,5.2
Mahindra,Xylo D4,2018,Diesel,Manual,First Owner,114000,14.95,2489.0,93.7,6.5
Maruti,Swift Dzire,2011,Diesel,Manual,Second Owner,120000,19.3,1248.0,73.9,4.3
Hyundai,i20 Magna,2013,Diesel,Manual,First Owner,144000,21.9,1396.0,88.8,3.6
Hyundai,i20 Magna,2013,Diesel,Manual,First Owner,144000,21.9,1396.0,88.8,3.5
Maruti,Vitara Brezza,2016,Diesel,Manual,First Owner,190000,24.3,1248.0,88.5,7.91
Toyota,Innova 2.5,2015,Diesel,Manual,Second Owner,190000,12.99,2494.0,100.6,9.5
Maruti,Swift VDI,2019,Diesel,Manual,First Owner,20000,28.4,1248.0,74.0,6.9
Hyundai,Verna CRDi,2017,Diesel,Manual,Second Owner,40000,22.0,1582.0,126.2,8.6
Maruti,Swift Dzire,2012,Diesel,Manual,First Owner,100000,19.3,1248.0,73.9,3.71
Tata,Indica V2,2008,Diesel,Manual,Second Owner,60000,16.8,1405.0,68.0,0.45
Ford,Fiesta 1.4,2006,Diesel,Manual,First Owner,201000,17.8,1399.0,68.0,0.55
Volkswagen,Vento Diesel,2011,Diesel,Manual,First Owner,110000,20.54,1598.0,103.6,2.4
Maruti,Swift VDI,2014,Diesel,Manual,Second Owner,77215,25.2,1248.0,74.0,4.95
Honda,Jazz 1.2,2015,Petrol,Manual,First Owner,48228,18.7,1199.0,88.7,6.71
Maruti,Swift VDI,2017,Diesel,Manual,First Owner,58559,25.2,1248.0,74.0,6.93
Honda,City i,2016,Diesel,Manual,First Owner,50856,26.0,1498.0,98.6,8.03
Honda,City i,2017,Petrol,Manual,First Owner,18300,17.8,1497.0,117.3,8.9
Maruti,Swift LDI,2015,Diesel,Manual,First Owner,59292,28.4,1248.0,74.0,4.95
Maruti,Celerio ZXI,2018,Petrol,Automatic,First Owner,10000,23.1,998.0,67.04,5.45
Maruti,Baleno Zeta,2018,Petrol,Automatic,First Owner,21147,21.4,1197.0,83.1,7.75
Honda,City i-DTEC,2017,Diesel,Manual,First Owner,69000,25.6,1498.0,97.9,9.25
Mahindra,Marazzo M8,2019,Diesel,Manual,First Owner,10000,17.3,1497.0,121.0,14.5
Maruti,Swift AMT,2018,Diesel,Automatic,First Owner,16000,28.4,1248.0,74.0,7.9
Toyota,Innova Crysta,2017,Diesel,Manual,First Owner,36000,13.68,2393.0,147.8,17.9
Maruti,Baleno Delta,2017,Petrol,Manual,First Owner,37000,21.01,1197.0,81.8,6.2
Maruti,Celerio VDi,2016,Diesel,Manual,First Owner,61173,27.62,793.0,47.0,3.75
Audi,A4 35,2016,Diesel,Automatic,First Owner,30000,18.25,1968.0,187.74,24.5
Mahindra,XUV500 W8,2014,Diesel,Manual,First Owner,75000,15.1,2179.0,140.0,8.5
Maruti,Baleno Alpha,2017,Petrol,Automatic,First Owner,51000,19.56,1197.0,81.8,7.5
Maruti,Baleno Alpha,2018,Petrol,Manual,First Owner,17000,21.01,1197.0,81.8,7.75
Maruti,Swift Vdi,2008,Diesel,Manual,Second Owner,100000,17.8,1248.0,75.0,2.6
Audi,A6 2.0,2013,Diesel,Automatic,Second Owner,35000,17.68,1968.0,174.33,20.0
Hyundai,EON Sportz,2017,Petrol,Manual,First Owner,10000,21.1,814.0,55.2,3.0
Mahindra,XUV500 AT,2016,Diesel,Automatic,Third Owner,91567,16.0,2179.0,140.0,13.0
Maruti,Celerio VXI,2017,Petrol,Manual,First Owner,50000,23.1,998.0,67.04,3.8
Hyundai,Grand i10,2017,Petrol,Manual,First Owner,60000,18.9,1197.0,81.86,4.8
Maruti,Alto 800,2016,Petrol,Manual,Second Owner,35000,22.74,796.0,47.3,2.4
Hyundai,Verna 1.4,2014,Petrol,Manual,First Owner,33400,17.43,1396.0,105.5,5.0
Maruti,Swift LXI,2015,Petrol,Manual,First Owner,36000,20.4,1197.0,83.11,4.2
Ford,Figo Diesel,2011,Diesel,Manual,Second Owner,180000,20.0,1399.0,68.0,1.3
Maruti,Alto K10,2012,Petrol,Manual,First Owner,80000,20.92,998.0,67.1,1.1
Maruti,Alto LX,2007,Petrol,Manual,Second Owner,120000,19.7,796.0,46.3,1.2
Maruti,Swift Dzire,2017,Diesel,Automatic,First Owner,80000,28.4,1248.0,74.02,7.0
Maruti,Swift Dzire,2018,Diesel,Manual,First Owner,120000,28.4,1248.0,74.02,5.5
Tata,Indigo CS,2014,Diesel,Manual,Second Owner,110000,19.09,1405.0,69.01,1.9
Toyota,Etios Liva,2018,Diesel,Manual,First Owner,70000,23.59,1364.0,67.04,6.65
Mahindra,Xylo D4,2014,Diesel,Manual,Second Owner,120000,14.95,2489.0,93.7,4.45
Hyundai,i20 Magna,2012,Diesel,Manual,Second Owner,92686,21.9,1396.0,88.76,3.4
Hyundai,Sonata 2.0L,2009,Diesel,Manual,First Owner,180000,13.6,1991.0,142.0,3.3
Tata,Manza Club,2012,Diesel,Manual,First Owner,80000,21.02,1248.0,88.76,2.7
Mahindra,XUV500 AT,2015,Diesel,Automatic,First Owner,70000,16.0,2179.0,140.0,10.45
Maruti,Swift Ldi,2009,Diesel,Manual,First Owner,117000,17.8,1248.0,75.0,2.79
Ford,Aspire Trend,2018,Petrol,Manual,First Owner,15000,20.4,1194.0,94.93,6.2
Skoda,Octavia L,2007,Diesel,Manual,Second Owner,100000,16.6,1896.0,122.4,2.5
Hyundai,Verna 1.6,2012,Petrol,Automatic,First Owner,83000,15.74,1591.0,121.3,4.75
Chevrolet,Cruze LTZ,2016,Diesel,Automatic,First Owner,67600,14.81,1998.0,163.7,7.5
Mitsubishi,Pajero Sport,2015,Diesel,Manual,Second Owner,160000,13.5,2477.0,178.0,12.5
Hyundai,EON Era,2014,Petrol,Manual,Second Owner,80000,21.1,814.0,55.2,2.5
Honda,Amaze VX,2013,Diesel,Manual,First Owner,100000,25.8,1498.0,98.6,4.45
Volkswagen,Jetta 2.0,2010,Diesel,Manual,First Owner,100000,15.0,1896.0,105.0,4.0
Hyundai,i20 1.4,2010,Diesel,Manual,Second Owner,90000,23.0,1396.0,90.0,3.5
Skoda,Rapid Ultima,2012,Diesel,Manual,First Owner,140000,20.5,1598.0,103.5,2.95
Maruti,Swift Dzire,2018,Petrol,Manual,First Owner,25000,21.21,1197.0,81.8,6.0
Toyota,Innova Crysta,2018,Diesel,Manual,First Owner,20000,13.68,2393.0,147.8,16.5
Maruti,800 AC,2012,Petrol,Manual,First Owner,30000,16.1,796.0,37.0,1.0
Ford,Aspire Trend,2018,Petrol,Manual,First Owner,13000,20.4,1194.0,94.93,6.9
Hyundai,i20 1.2,2018,Petrol,Manual,First Owner,42000,18.6,1197.0,81.83,7.1
Hyundai,EON 1.0,2018,Petrol,Manual,Second Owner,10000,20.3,998.0,68.05,3.5
Maruti,Alto K10,2012,Petrol,Manual,First Owner,13000,20.92,998.0,67.1,2.2
Renault,Triber RXZ,2019,Petrol,Manual,First Owner,6500,20.0,999.0,72.0,7.0
Hyundai,EON Magna,2013,Petrol,Manual,Second Owner,49500,21.1,814.0,55.2,1.98
Hyundai,i20 1.4,2011,Diesel,Manual,First Owner,50000,23.0,1396.0,90.0,3.5
Tata,Indigo CR4,2011,Diesel,Manual,Second Owner,175000,23.57,1396.0,70.0,2.1
Tata,Indigo eCS,2011,Diesel,Manual,Second Owner,175000,23.03,1396.0,69.0,2.1
Maruti,Ritz ZDi,2014,Diesel,Manual,Third Owner,110000,23.2,1248.0,73.94,3.75
Maruti,Swift Dzire,2012,Petrol,Manual,Second Owner,112048,17.5,1298.0,85.8,3.8
Honda,City 1.5,2010,Petrol,Manual,Third Owner,98000,17.0,1497.0,118.0,3.6
Mahindra,XUV500 W6,2015,Diesel,Manual,First Owner,41000,15.1,2179.0,140.0,9.45
Chevrolet,Tavera Neo,2016,Diesel,Manual,First Owner,120000,13.58,2499.0,72.4,6.2
Toyota,Platinum Etios,2018,Diesel,Manual,First Owner,116000,23.59,1364.0,67.05,7.8
Maruti,Swift LXI,2020,Petrol,Manual,First Owner,1000,21.21,1197.0,81.8,4.45
Hyundai,Xcent 1.2,2018,Petrol,Automatic,First Owner,15000,17.36,1197.0,81.86,5.75
Maruti,S-Cross 2017-2020,2018,Diesel,Manual,First Owner,5000,25.1,1248.0,88.5,9.75
Tata,Tiago 2019-2020,2019,Petrol,Manual,First Owner,3500,23.84,1199.0,83.83,4.5
Ford,Figo 1.5D,2017,Diesel,Manual,First Owner,56000,25.83,1498.0,99.0,4.95
Toyota,Innova 2.5,2013,Diesel,Manual,First Owner,215000,12.99,2494.0,100.0,8.3
Mahindra,XUV500 W6,2012,Diesel,Manual,First Owner,40000,15.1,2179.0,140.0,8.0
Maruti,Ritz VDi,2013,Diesel,Manual,Second Owner,120000,23.2,1248.0,73.94,3.0
Mahindra,Scorpio 2.6,2003,Diesel,Manual,Second Owner,120000,10.5,2179.0,120.0,2.0
Honda,Brio 1.2,2017,Petrol,Manual,First Owner,30400,18.5,1198.0,86.8,4.8
Honda,BR-V i-DTEC,2017,Diesel,Manual,First Owner,24000,21.9,1498.0,98.6,9.5
Honda,BR-V i-VTEC,2017,Petrol,Manual,First Owner,30646,15.4,1497.0,117.3,8.4
Hyundai,Verna 1.6,2017,Diesel,Manual,First Owner,15000,23.9,1582.0,126.2,8.0
Volkswagen,Vento 1.5,2017,Diesel,Manual,First Owner,50000,22.27,1498.0,108.6,7.5
Hyundai,EON Era,2017,Petrol,Manual,First Owner,34000,21.1,814.0,55.2,2.55
Maruti,Ertiga SHVS,2016,Diesel,Manual,Second Owner,54000,24.52,1248.0,88.5,7.25
Mercedes-Benz,B Class,2016,Diesel,Automatic,Second Owner,40000,19.7,2143.0,134.1,18.59
Chevrolet,Beat LT,2012,Petrol,Manual,First Owner,120000,18.6,1199.0,79.4,1.45
Tata,Nexon 1.2,2018,Petrol,Manual,First Owner,15000,17.0,1198.0,108.5,7.5
Volkswagen,Ameo 1.5,2017,Diesel,Automatic,First Owner,50000,22.0,1498.0,108.495,6.55
Ford,Figo Diesel,2011,Diesel,Manual,Second Owner,84000,20.0,1399.0,68.0,2.1
Honda,City 1.5,2011,Petrol,Manual,First Owner,50000,17.0,1497.0,118.0,4.5
Hyundai,Santro Sportz,2019,Petrol,Automatic,Fourth & Above Owner,25000,20.3,1086.0,68.0,4.66
Ford,Figo 1.5D,2015,Diesel,Manual,First Owner,52000,25.83,1498.0,99.0,5.8
Hyundai,Santro Sportz,2019,Petrol,Manual,First Owner,18500,20.3,1086.0,68.0,4.3
Tata,Indigo CS,2012,Diesel,Manual,First Owner,50000,23.03,1396.0,69.0,1.55
Datsun,RediGO 1.0,2017,Petrol,Manual,First Owner,35000,22.5,999.0,67.0,2.4
Toyota,Etios G,2016,Petrol,Manual,First Owner,15500,16.78,1496.0,88.73,5.4
Tata,Indigo CS,2013,Diesel,Manual,First Owner,120000,19.09,1396.0,69.0,2.5
Tata,Indigo eCS,2012,Diesel,Manual,First Owner,60000,25.0,1396.0,69.0,2.6
Mahindra,Scorpio LX,2011,Diesel,Manual,Second Owner,80000,12.05,2179.0,120.0,5.5
Ford,Ecosport 1.0,2014,Petrol,Manual,First Owner,43011,18.88,999.0,123.37,5.5
Renault,Duster 110PS,2015,Diesel,Manual,First Owner,136000,19.01,1461.0,108.45,6.0
Ford,Figo Aspire,2017,Diesel,Manual,First Owner,15000,25.83,1498.0,99.0,5.5
Mahindra,Bolero SLX,2011,Diesel,Manual,Second Owner,110000,13.6,2523.0,63.0,3.7
Hyundai,i10 Magna,2008,Petrol,Manual,Second Owner,100000,19.81,1086.0,68.05,2.5
Maruti,Alto LXi,2005,Petrol,Manual,Fourth & Above Owner,70000,19.7,796.0,46.3,1.25
Tata,Indica Vista,2010,Diesel,Manual,First Owner,110000,17.0,1405.0,71.0,2.0
Honda,WR-V i-DTEC,2017,Diesel,Manual,First Owner,127991,25.5,1498.0,98.6,6.75
Mitsubishi,Lancer 2.0,1999,Diesel,Manual,Second Owner,198000,14.8,1998.0,68.0,1.5
Tata,Indigo eCS,2010,Petrol,Manual,First Owner,65000,15.64,1193.0,64.1,2.9
Maruti,Ciaz 1.3,2018,Diesel,Manual,First Owner,20000,28.09,1248.0,88.5,8.89
Volkswagen,Ameo 1.2,2016,Petrol,Manual,First Owner,60000,17.0,1198.0,73.75,4.0
Renault,KWID RXT,2018,Petrol,Manual,First Owner,13120,25.17,799.0,53.3,3.9
Jeep,Compass 2.0,2017,Diesel,Manual,First Owner,87500,17.1,1956.0,170.0,15.5
Hyundai,Verna 1.6,2014,Diesel,Manual,First Owner,125000,22.32,1582.0,126.32,6.0
Hyundai,Elite i20,2018,Petrol,Automatic,First Owner,25000,17.4,1197.0,81.86,8.0
Maruti,Ertiga ZDI,2013,Diesel,Manual,Third Owner,120000,20.77,1248.0,88.8,6.0
Hyundai,Verna 1.6,2015,Petrol,Manual,First Owner,35000,17.01,1591.0,121.3,7.95
Hyundai,i20 Asta,2016,Diesel,Manual,First Owner,25000,22.54,1396.0,88.73,7.35
Skoda,Octavia L,2005,Diesel,Manual,Third Owner,120000,16.4,1896.0,90.0,2.5
Renault,KWID AMT,2018,Petrol,Automatic,First Owner,25000,24.04,999.0,67.0,4.0
Hyundai,Accent CRDi,2005,Diesel,Manual,Second Owner,79000,13.1,1493.0,82.0,1.3
Renault,Lodgy 85PS,2015,Diesel,Manual,First Owner,125000,21.04,1461.0,83.8,6.0
Mahindra,Xylo D2,2014,Diesel,Manual,First Owner,140000,14.0,2489.0,95.0,3.95
Hyundai,i20 Active,2016,Diesel,Manual,First Owner,80000,21.19,1396.0,88.73,7.2
Honda,City S,2011,Petrol,Manual,Third Owner,110000,16.8,1497.0,116.4,4.5
Ford,Figo Aspire,2018,Petrol,Manual,First Owner,25000,18.16,1196.0,86.8,7.0
Honda,Mobilio RS,2015,Diesel,Manual,First Owner,46000,24.5,1498.0,98.6,10.0
Hyundai,Santro Magna,2020,Petrol,Manual,First Owner,1000,20.3,1086.0,68.07,5.0
Maruti,800 AC,2007,Petrol,Manual,Second Owner,60000,16.1,796.0,37.0,1.25
Renault,Lodgy 85PS,2015,Diesel,Manual,First Owner,80000,21.04,1461.0,83.8,6.9
Jeep,Compass 2.0,2017,Diesel,Manual,First Owner,120000,17.1,1956.0,170.0,15.5
Tata,Indica V2,2013,Petrol,Manual,Second Owner,110000,15.3,1193.0,65.3,1.7
Fiat,Linea Emotion,2010,Diesel,Manual,Third Owner,110000,20.4,1248.0,91.7,2.75
Toyota,Innova 2.5,2007,Diesel,Manual,Third Owner,200000,12.8,2494.0,102.0,5.0
Volkswagen,Jetta 2.0L,2013,Diesel,Manual,Second Owner,80000,19.33,1968.0,138.1,9.5
Maruti,Swift Dzire,2019,Diesel,Manual,First Owner,24000,28.4,1248.0,74.02,8.03
Maruti,Swift Dzire,2013,Diesel,Manual,First Owner,150000,23.4,1248.0,74.0,4.7
Renault,KWID RXT,2015,Petrol,Manual,First Owner,60000,25.17,799.0,53.3,3.0
Renault,Duster 110PS,2014,Diesel,Manual,First Owner,116000,19.01,1461.0,108.45,6.0
Ford,Figo Diesel,2013,Diesel,Manual,First Owner,104300,20.0,1399.0,68.1,2.75
Mahindra,KUV 100,2018,Diesel,Manual,First Owner,30000,25.32,1198.0,77.0,7.0
Mercedes-Benz,GL-Class 350,2014,Diesel,Automatic,First Owner,33000,11.3,2987.0,254.8,32.5
Volkswagen,Ameo 1.5,2020,Diesel,Manual,First Owner,25000,21.66,1498.0,108.62,8.0
Audi,A6 2.0,2014,Diesel,Automatic,First Owner,60000,17.68,1968.0,174.33,22.0
Hyundai,Verna CRDi,2007,Diesel,Manual,Second Owner,121000,18.1,1493.0,110.0,2.45
Hyundai,Verna CRDi,2010,Diesel,Manual,Second Owner,120000,16.8,1493.0,110.0,3.1
Hyundai,Verna CRDi,2007,Diesel,Manual,Second Owner,120000,18.1,1493.0,110.0,2.45
Volkswagen,Polo Petrol,2011,Petrol,Manual,First Owner,110000,16.47,1198.0,73.9,4.5
Volkswagen,Jetta 2.0L,2013,Diesel,Automatic,Second Owner,84000,16.96,1968.0,138.03,8.5
Honda,CR-V 2.4,2004,Petrol,Automatic,Third Owner,120000,10.1,2354.0,152.0,3.25
Maruti,Swift VDI,2013,Diesel,Manual,Third Owner,100000,22.9,1248.0,74.0,4.1
Volvo,XC60 Inscription,2018,Diesel,Automatic,First Owner,50000,11.2,1969.0,235.0,55.0
Hyundai,Creta 1.6,2015,Diesel,Manual,First Owner,73500,19.67,1582.0,126.2,10.0
Hyundai,Xcent 1.1,2016,Diesel,Manual,Second Owner,34000,24.4,1120.0,71.0,5.9
Nissan,Kicks XV,2019,Diesel,Manual,First Owner,23000,20.45,1461.0,108.5,12.0
Ford,Fiesta 1.4,2008,Diesel,Manual,Third Owner,163000,17.8,1399.0,68.0,1.75
Chevrolet,Optra Magnum,2011,Diesel,Manual,Second Owner,119000,16.52,1991.0,123.7,3.0
Toyota,Innova Crysta,2017,Diesel,Automatic,First Owner,50000,11.36,2755.0,171.5,21.75
Honda,City i-DTEC,2019,Diesel,Manual,First Owner,10500,25.6,1498.0,97.9,11.1
Mitsubishi,Lancer 2.0,2000,Diesel,Manual,Second Owner,280000,14.8,1998.0,68.0,1.5
Volkswagen,Vento Diesel,2013,Diesel,Manual,Second Owner,155000,20.54,1598.0,103.6,3.25
Ford,Fiesta 1.4,2010,Diesel,Manual,First Owner,163000,17.8,1399.0,68.0,3.25
Honda,City 2017-2020,2008,Petrol,Manual,First Owner,75000,17.7,1497.0,78.0,2.8
Honda,City i,2016,Diesel,Manual,First Owner,80000,26.0,1498.0,98.6,7.65
Honda,City i,2014,Diesel,Manual,Second Owner,120000,26.0,1498.0,98.6,6.4
Tata,Indica V2,2007,Diesel,Manual,Third Owner,120000,17.88,1396.0,52.8,0.65
Skoda,Octavia Ambiente,2007,Diesel,Manual,Second Owner,175000,18.7,1896.0,66.0,1.95
Maruti,Alto 800,2017,Petrol,Manual,First Owner,15000,24.7,796.0,47.3,2.95
Maruti,Swift Dzire,2012,Diesel,Manual,Second Owner,100000,23.4,1248.0,74.0,6.25
Maruti,Wagon R,2009,Petrol,Manual,Second Owner,80000,18.9,998.0,67.1,1.6
Maruti,Celerio VXI,2015,Petrol,Manual,Second Owner,84000,23.1,998.0,67.04,3.3
Ford,Figo Petrol,2010,Petrol,Manual,Second Owner,50000,15.6,1196.0,70.0,1.8
Maruti,Omni 8,2012,Petrol,Manual,Second Owner,35000,14.0,796.0,35.0,1.5
Hyundai,i10 Era,2011,Petrol,Manual,First Owner,30000,19.81,1086.0,68.05,3.0
Hyundai,i20 1.2,2018,Petrol,Manual,First Owner,2388,18.6,1197.0,81.83,7.3
Maruti,Vitara Brezza,2017,Diesel,Manual,First Owner,16200,24.3,1248.0,88.5,6.5
Maruti,Alto 800,2019,CNG,Manual,Second Owner,10000,33.44,796.0,40.3,3.3
Maruti,Alto K10,2019,Petrol,Manual,First Owner,15000,23.95,998.0,67.1,3.66
Hyundai,Verna VTVT,2019,Petrol,Manual,First Owner,5000,17.0,1591.0,121.3,11.49
Datsun,GO D,2016,Petrol,Manual,First Owner,42000,20.63,1198.0,67.0,1.5
Hyundai,Santro Xing,2013,Petrol,Manual,Second Owner,120000,17.92,1086.0,62.1,1.87
Tata,Safari DICOR,2011,Diesel,Manual,Second Owner,60000,13.93,2179.0,138.03,4.25
Maruti,800 Std,2012,Petrol,Manual,First Owner,76000,16.1,796.0,37.0,1.5
Ford,Aspire Trend,2018,Petrol,Manual,First Owner,15000,20.4,1194.0,94.93,6.2
Skoda,Octavia L,2007,Diesel,Manual,Second Owner,100000,16.6,1896.0,122.4,2.5
Hyundai,Verna 1.6,2012,Petrol,Automatic,First Owner,83000,15.74,1591.0,121.3,4.75
Chevrolet,Cruze LTZ,2016,Diesel,Automatic,First Owner,67600,14.81,1998.0,163.7,7.5
Mitsubishi,Pajero Sport,2015,Diesel,Manual,Second Owner,160000,13.5,2477.0,178.0,12.5
Hyundai,EON Era,2014,Petrol,Manual,Second Owner,80000,21.1,814.0,55.2,2.5
Honda,Amaze VX,2013,Diesel,Manual,First Owner,100000,25.8,1498.0,98.6,4.45
Volkswagen,Jetta 2.0,2010,Diesel,Manual,First Owner,100000,15.0,1896.0,105.0,4.0
Hyundai,i20 1.4,2010,Diesel,Manual,Second Owner,90000,23.0,1396.0,90.0,3.5
Skoda,Rapid Ultima,2012,Diesel,Manual,First Owner,140000,20.5,1598.0,103.5,2.95
Maruti,Swift Dzire,2018,Petrol,Manual,First Owner,25000,21.21,1197.0,81.8,6.0
Toyota,Innova Crysta,2018,Diesel,Manual,First Owner,20000,13.68,2393.0,147.8,16.5
Maruti,800 AC,2012,Petrol,Manual,First Owner,30000,16.1,796.0,37.0,1.0
Ford,Aspire Trend,2018,Petrol,Manual,First Owner,13000,20.4,1194.0,94.93,6.9
Hyundai,i20 1.2,2018,Petrol,Manual,First Owner,42000,18.6,1197.0,81.83,7.1
Hyundai,EON 1.0,2018,Petrol,Manual,Second Owner,10000,20.3,998.0,68.05,3.5
Maruti,Alto K10,2012,Petrol,Manual,First Owner,13000,20.92,998.0,67.1,2.2
Renault,Triber RXZ,2019,Petrol,Manual,First Owner,6500,20.0,999.0,72.0,7.0
Hyundai,EON Magna,2013,Petrol,Manual,Second Owner,49500,21.1,814.0,55.2,1.98
Hyundai,i20 1.4,2011,Diesel,Manual,First Owner,50000,23.0,1396.0,90.0,3.5
Maruti,Baleno Alpha,2016,Petrol,Manual,Second Owner,35000,21.4,1197.0,83.1,6.5
Mahindra,Verito 1.5,2015,Diesel,Manual,Second Owner,120000,21.03,1461.0,65.0,3.8
Tata,Zest Revotron,2014,Petrol,Manual,Second Owner,50000,17.57,1193.0,88.7,3.6
Skoda,Rapid 1.6,2012,Petrol,Manual,First Owner,116000,15.0,1598.0,103.5,3.85
Hyundai,Verna 1.6,2012,Diesel,Manual,Second Owner,110000,22.32,1582.0,126.32,5.9
Mahindra,XUV500 W4,2013,Diesel,Manual,Second Owner,70000,15.1,2179.0,140.0,7.5
Fiat,Grande Punto,2011,Diesel,Manual,Third Owner,100000,20.3,1248.0,75.0,2.55
Hyundai,Grand i10,2015,Petrol,Manual,First Owner,20000,18.9,1197.0,81.86,4.99
Maruti,Swift Dzire,2018,Diesel,Automatic,First Owner,60000,28.4,1248.0,74.02,7.3
Honda,Jazz 1.5,2016,Diesel,Manual,Second Owner,30000,27.3,1498.0,98.6,6.5
Renault,Pulse RxL,2012,Diesel,Manual,First Owner,75000,23.08,1461.0,63.12,2.2
Tata,Indica V2,2006,Diesel,Manual,Third Owner,110000,16.8,1405.0,62.0,1.0
Hyundai,Accent GLS,2004,Petrol,Manual,Fourth & Above Owner,120000,14.4,1599.0,94.0,1.1
Tata,Indica Vista,2009,Diesel,Manual,Second Owner,48000,17.0,1405.0,71.0,1.52
Maruti,Ignis Zeta,2020,Petrol,Automatic,First Owner,5000,20.89,1197.0,81.8,6.0
Chevrolet,Tavera Neo,2016,Diesel,Manual,First Owner,120000,13.58,2499.0,72.4,6.2
Toyota,Platinum Etios,2018,Diesel,Manual,First Owner,116000,23.59,1364.0,67.05,7.8
Maruti,Swift LXI,2020,Petrol,Manual,First Owner,1000,21.21,1197.0,81.8,4.45
Hyundai,Xcent 1.2,2018,Petrol,Automatic,First Owner,15000,17.36,1197.0,81.86,5.75
Maruti,S-Cross 2017-2020,2018,Diesel,Manual,First Owner,5000,25.1,1248.0,88.5,9.75
Tata,Tiago 2019-2020,2019,Petrol,Manual,First Owner,3500,23.84,1199.0,83.83,4.5
Ford,Figo 1.5D,2015,Diesel,Manual,First Owner,80000,25.83,1498.0,99.0,4.8
Maruti,Omni MPI,2008,Petrol,Manual,First Owner,48676,19.7,796.0,35.0,1.1
BMW,6 Series,2018,Diesel,Automatic,First Owner,30000,17.09,2993.0,261.4,58.3
Hyundai,i20 1.2,2014,Petrol,Manual,First Owner,72000,18.6,1197.0,81.83,4.15
Maruti,Swift VXI,2015,Petrol,Manual,First Owner,51000,22.0,1197.0,81.8,4.75
Maruti,Ignis Zeta,2017,Petrol,Manual,First Owner,29000,20.89,1197.0,81.8,5.25
Maruti,Wagon R,2015,Petrol,Manual,First Owner,28000,20.52,1197.0,81.8,3.65
Maruti,Swift VDI,2011,Diesel,Manual,First Owner,97000,25.2,1248.0,74.0,3.75
Maruti,Swift Dzire,2018,Diesel,Manual,First Owner,59000,28.4,1248.0,74.02,7.65
Maruti,Swift Dzire,2019,Diesel,Manual,First Owner,27000,28.4,1248.0,74.02,7.7
Renault,KWID RXT,2018,Petrol,Manual,First Owner,30000,25.17,799.0,53.3,3.5
Mahindra,Scorpio 1.99,2015,Diesel,Manual,First Owner,70000,15.4,1997.0,120.0,8.75
Mahindra,XUV500 W6,2014,Diesel,Manual,First Owner,69000,15.1,2179.0,140.0,7.8
Maruti,S-Cross 2017-2020,2018,Diesel,Manual,First Owner,15000,25.1,1248.0,88.5,9.9
Maruti,Swift Dzire,2019,Diesel,Manual,First Owner,35700,28.4,1248.0,74.02,8.0
Hyundai,Verna 1.6,2012,Diesel,Manual,Third Owner,120000,22.32,1582.0,126.32,3.5
Volkswagen,Polo Diesel,2013,Diesel,Manual,First Owner,120000,22.07,1199.0,73.9,3.25
Volkswagen,Polo Diesel,2013,Diesel,Manual,First Owner,80000,22.07,1199.0,73.9,3.6
Maruti,Alto K10,2010,Petrol,Manual,First Owner,120000,20.92,998.0,67.1,1.48
Maruti,Baleno Delta,2017,Diesel,Manual,First Owner,36000,27.39,1248.0,74.0,6.7
Toyota,Etios Liva,2014,Diesel,Manual,First Owner,120000,23.59,1364.0,67.04,4.31
Maruti,Omni E,2017,Petrol,Manual,First Owner,9000,16.8,796.0,34.2,2.6
Tata,Nano Lx,2012,Petrol,Manual,Second Owner,50000,25.4,624.0,37.48,0.7
Renault,KWID Climber,2019,Petrol,Manual,First Owner,35000,23.01,999.0,67.0,3.0
Mahindra,Xylo E4,2011,Diesel,Manual,Second Owner,130000,14.0,2498.0,112.0,1.5
Ford,Figo Diesel,2010,Diesel,Manual,First Owner,70000,20.0,1399.0,68.0,2.6
Maruti,Swift Dzire,2012,Diesel,Manual,Third Owner,90000,19.3,1248.0,73.9,3.2
Tata,Nexon 1.2,2018,Petrol,Manual,First Owner,35000,17.0,1198.0,108.5,7.0
Volkswagen,Polo Petrol,2012,Petrol,Manual,First Owner,80000,16.47,1198.0,73.9,4.15
Maruti,Swift Vdi,2008,Diesel,Manual,Second Owner,120000,17.8,1248.0,75.0,2.6
Tata,Nano Cx,2011,Petrol,Manual,First Owner,80000,26.0,624.0,35.0,0.7
Toyota,Etios Liva,2015,Petrol,Manual,First Owner,30000,17.71,1197.0,78.9,5.15
Hyundai,Verna 1.6,2016,Diesel,Manual,First Owner,60000,23.9,1582.0,126.2,8.04
Skoda,Octavia L,2007,Diesel,Manual,Second Owner,200000,16.6,1896.0,122.4,2.75
Ford,EcoSport 1.5,2017,Diesel,Manual,First Owner,101000,22.77,1498.0,98.59,9.34
Ford,Fiesta 1.4,2007,Diesel,Manual,First Owner,110000,17.8,1399.0,68.0,2.1
Toyota,Innova 2.5,2014,Diesel,Manual,Third Owner,136000,12.99,2494.0,100.6,10.5
Chevrolet,Tavera B2,2011,Diesel,Manual,Second Owner,250000,14.8,2499.0,80.0,6.5
Chevrolet,Cruze LTZ,2012,Diesel,Manual,Fourth & Above Owner,74000,17.3,1998.0,163.7,5.5
Chevrolet,Tavera Neo,2010,Diesel,Manual,Fourth & Above Owner,265000,14.8,2499.0,80.0,2.85
Honda,Jazz 1.2,2015,Petrol,Manual,First Owner,22700,18.7,1199.0,88.7,7.0
Hyundai,Grand i10,2016,Petrol,Manual,First Owner,45000,18.9,1197.0,82.0,5.25
Maruti,Eeco 5,2011,Petrol,Manual,Second Owner,36000,15.37,1196.0,73.0,2.5
Maruti,Swift Dzire,2015,Diesel,Manual,Second Owner,57000,26.59,1248.0,74.0,5.75
Tata,Tiago 1.05,2018,Diesel,Manual,First Owner,33000,27.28,1047.0,69.0,5.4
Maruti,Ertiga VXI,2012,Petrol,Manual,First Owner,59000,16.02,1373.0,93.7,5.6
Volkswagen,Vento Diesel,2012,Diesel,Manual,First Owner,200000,20.54,1598.0,103.6,3.8
Ford,Figo Petrol,2011,Petrol,Manual,Second Owner,80000,15.6,1196.0,70.0,2.4
Chevrolet,Spark 1.0,2012,LPG,Manual,First Owner,70000,13.2,995.0,60.2,3.0
Datsun,RediGO S,2018,Petrol,Manual,First Owner,50000,22.7,799.0,53.64,2.8
Maruti,Ritz VDi,2011,Diesel,Manual,Second Owner,118000,21.1,1248.0,73.9,3.5
Tata,Indica Vista,2014,Diesel,Manual,Second Owner,250000,19.1,1405.0,70.0,1.1
Tata,Nexon 1.5,2018,Diesel,Manual,First Owner,20000,21.5,1497.0,108.5,9.8
Tata,Nexon 1.5,2018,Diesel,Manual,First Owner,21871,21.5,1497.0,108.5,9.7
Mahindra,KUV 100,2016,Diesel,Manual,First Owner,120000,25.32,1198.0,77.0,3.57
Tata,Indica Vista,2014,Diesel,Manual,First Owner,100000,19.1,1405.0,70.0,2.8
Mahindra,Bolero 2011-2019,2012,Diesel,Manual,First Owner,50000,15.96,2523.0,62.1,4.3
Maruti,Alto 800,2015,Petrol,Manual,First Owner,70000,22.74,796.0,47.3,2.5
Chevrolet,Enjoy 1.3,2016,Diesel,Manual,First Owner,80000,18.2,1248.0,73.74,5.25
Tata,Tiago 1.2,2018,Petrol,Manual,First Owner,25000,23.84,1199.0,84.0,5.0
Mahindra,Scorpio S5,2019,Diesel,Manual,First Owner,60000,16.36,2179.0,120.0,10.0
Maruti,Alto 800,2017,Petrol,Manual,First Owner,25000,24.7,796.0,47.3,3.16
Maruti,Alto 800,2018,Petrol,Manual,First Owner,50000,24.7,796.0,47.3,3.5
Tata,Nexon 1.5,2018,Diesel,Manual,First Owner,14000,21.5,1497.0,108.5,9.5
Maruti,800 AC,2005,Petrol,Manual,Second Owner,55425,16.1,796.0,37.0,0.45
Mahindra,Bolero 2011-2019,2013,Diesel,Manual,First Owner,76000,15.96,2523.0,62.1,4.75
Toyota,Fortuner 2.8,2020,Diesel,Automatic,First Owner,3000,15.04,2755.0,174.5,32.0
Mahindra,TUV 300,2016,Diesel,Manual,First Owner,139000,18.49,1493.0,100.0,6.0
Volkswagen,Vento 1.6,2014,Petrol,Manual,First Owner,100000,15.04,1598.0,103.2,4.3
Hyundai,Creta 1.6,2015,Diesel,Manual,First Owner,60000,19.67,1582.0,126.2,9.65
Skoda,Rapid 1.6,2013,Petrol,Automatic,Second Owner,35000,14.3,1598.0,103.5,3.95
Tata,Sumo CX,2008,Diesel,Manual,First Owner,120000,12.2,1948.0,68.0,1.5
Maruti,Ertiga ZDI,2013,Diesel,Manual,First Owner,37659,20.77,1248.0,88.8,7.0
Maruti,Ritz VDi,2012,Diesel,Manual,Second Owner,89000,23.2,1248.0,73.94,2.5
Maruti,Ertiga ZDI,2013,Diesel,Manual,Second Owner,37500,20.77,1248.0,88.8,6.8
Tata,Tiago 1.2,2018,Petrol,Automatic,First Owner,5000,23.84,1199.0,84.0,5.0
Hyundai,Grand i10,2013,Petrol,Manual,First Owner,21000,18.9,1197.0,81.86,4.2
Maruti,Alto K10,2017,Petrol,Manual,Second Owner,10000,23.95,998.0,67.05,2.9
Maruti,Swift Dzire,2017,Diesel,Manual,First Owner,30000,28.4,1248.0,74.02,7.5
Maruti,Eeco 7,2015,Petrol,Manual,First Owner,19800,15.37,1196.0,73.0,3.0
Maruti,Ritz VDi,2011,Diesel,Manual,Third Owner,90000,21.1,1248.0,73.9,2.5
Honda,Brio Exclusive,2014,Petrol,Manual,First Owner,33033,19.4,1198.0,86.8,3.35
Hyundai,Grand i10,2015,Petrol,Automatic,First Owner,63063,18.9,1197.0,82.0,4.65
Maruti,Wagon R,2007,Petrol,Manual,Second Owner,70000,18.9,1061.0,67.0,1.0
Maruti,Wagon R,2007,Petrol,Manual,Second Owner,80000,17.3,1061.0,64.0,1.0
Maruti,Ertiga VDI,2013,Diesel,Manual,Third Owner,120000,20.77,1248.0,88.76,5.5
Maruti,Swift Dzire,2012,Diesel,Manual,First Owner,120000,19.3,1248.0,73.9,3.41
Hyundai,Grand i10,2017,Diesel,Manual,First Owner,50000,24.0,1186.0,73.97,6.0
Honda,City i,2014,Diesel,Manual,First Owner,167000,25.1,1498.0,98.6,6.5
Chevrolet,Spark 1.0,2008,Petrol,Manual,First Owner,80000,16.0,995.0,63.0,0.76
Tata,Indigo CS,2014,Diesel,Manual,Second Owner,100000,25.0,1396.0,69.01,2.15
Maruti,Ciaz ZDi,2017,Diesel,Manual,First Owner,60000,28.09,1248.0,88.5,6.5
Renault,Captur 1.5,2017,Diesel,Manual,First Owner,50000,20.37,1461.0,108.45,9.0
Hyundai,i20 Sportz,2014,Petrol,Manual,First Owner,17000,18.6,1197.0,81.83,5.0
Maruti,Baleno Delta,2017,Petrol,Manual,First Owner,46000,21.4,1197.0,83.1,5.5
Maruti,Swift VDI,2015,Diesel,Manual,First Owner,60000,25.2,1248.0,74.0,4.75
Maruti,Wagon R,2006,Petrol,Manual,Second Owner,198000,18.9,998.0,67.1,0.65
Hyundai,Xcent 1.1,2015,Diesel,Manual,First Owner,60000,24.4,1120.0,71.0,4.25
Toyota,Corolla Altis,2012,Diesel,Manual,Fourth & Above Owner,90000,21.43,1364.0,87.2,4.77
Chevrolet,Spark 1.0,2011,Petrol,Manual,Second Owner,40000,18.0,995.0,62.0,1.5
Maruti,Alto LXi,2011,Petrol,Manual,First Owner,90000,19.7,796.0,46.3,2.25
Maruti,Alto LXi,2010,Petrol,Manual,First Owner,80000,19.7,796.0,46.3,1.9
Maruti,Alto LX,2003,Petrol,Manual,Third Owner,164000,19.7,796.0,46.3,1.0
Mahindra,Bolero SLE,2011,Diesel,Manual,Second Owner,70000,13.6,2523.0,63.0,4.0
Audi,Q5 35TDI,2018,Diesel,Automatic,First Owner,31800,17.01,1968.0,188.0,39.75
Honda,CR-V 2.0L,2016,Petrol,Automatic,First Owner,74000,13.7,1997.0,153.86,13.5
Lexus,ES 300h,2019,Petrol,Automatic,First Owner,20000,22.37,2487.0,214.56,51.5
Jaguar,XF 2.0,2017,Diesel,Automatic,First Owner,45000,19.33,1999.0,177.0,32.0
Jeep,Wrangler 2016-2019,2017,Petrol,Automatic,First Owner,17000,9.5,3604.0,280.0,41.0
Mahindra,Thar CRDe,2018,Diesel,Manual,First Owner,12000,16.55,2498.0,105.0,9.0
Toyota,Camry 2.5,2016,Petrol,Automatic,First Owner,68089,19.16,2494.0,157.7,20.0
Honda,Jazz VX,2016,Petrol,Manual,First Owner,56494,18.2,1199.0,88.7,5.5
Toyota,Innova 2.5,2013,Diesel,Manual,Second Owner,79328,12.99,2494.0,100.6,7.5
Honda,Amaze V,2019,Petrol,Automatic,First Owner,7032,19.0,1199.0,88.76,7.79
BMW,5 Series,2018,Diesel,Automatic,First Owner,10000,22.48,1995.0,187.74,40.0
Mercedes-Benz,E-Class Exclusive,2019,Petrol,Automatic,First Owner,17000,15.0,1991.0,194.4,52.0
Land,Rover Discovery,2019,Diesel,Automatic,First Owner,21000,12.83,1999.0,148.31,45.0
Tata,Hexa XE,2017,Diesel,Manual,First Owner,26500,17.6,2179.0,147.94,9.7
Mercedes-Benz,S-Class S,2017,Diesel,Automatic,First Owner,37000,13.5,2987.0,254.79,60.0
Hyundai,Grand i10,2016,Petrol,Automatic,First Owner,45629,18.9,1197.0,81.86,4.75
Hyundai,Venue SX,2019,Petrol,Automatic,First Owner,3500,18.15,998.0,118.35,11.25
Honda,CR-V 2.4L,2017,Petrol,Automatic,First Owner,52000,12.0,2354.0,187.4,16.5
Mahindra,Bolero Power,2019,Diesel,Manual,First Owner,35000,16.5,1493.0,70.0,7.4
Mahindra,KUV 100,2018,Petrol,Manual,First Owner,15000,18.15,1198.0,82.0,4.0
Maruti,Wagon R,2018,Petrol,Manual,First Owner,14000,20.51,998.0,67.04,4.3
Mahindra,XUV300 W8,2019,Petrol,Manual,First Owner,20000,17.0,1197.0,110.0,11.32
Maruti,Wagon R,2017,Petrol,Manual,First Owner,68850,18.9,998.0,67.1,3.52
Tata,Tiago 1.2,2016,Petrol,Manual,First Owner,45775,23.84,1199.0,84.0,2.53
Chevrolet,Spark 1.0,2012,Petrol,Manual,Second Owner,70000,16.2,995.0,62.1,0.8
Maruti,Wagon R,2015,Petrol,Manual,First Owner,68203,21.79,998.0,67.05,3.13
Hyundai,Grand i10,2014,Petrol,Manual,Second Owner,30000,18.9,1197.0,81.86,3.8
Renault,KWID RXL,2018,Petrol,Manual,First Owner,25000,25.17,799.0,53.3,3.5
Renault,Duster 85PS,2016,Diesel,Manual,Second Owner,90000,19.87,1461.0,83.8,6.0
Tata,Manza Aqua,2011,Diesel,Manual,First Owner,97343,18.8,1248.0,90.0,0.88
Maruti,Omni 8,2008,Petrol,Manual,Fourth & Above Owner,70000,19.7,796.0,35.0,1.6
Hyundai,i10 Sportz,2014,Petrol,Manual,First Owner,31000,20.36,1197.0,78.9,2.9
Mahindra,Scorpio S4,2014,Diesel,Manual,First Owner,70000,15.4,2179.0,120.0,6.5
Maruti,Eeco CNG,2015,CNG,Manual,First Owner,20000,21.94,1196.0,61.7,3.8
Hyundai,EON D,2014,Petrol,Manual,First Owner,62000,21.1,814.0,55.2,1.8
Maruti,800 AC,2008,Petrol,Manual,First Owner,29000,16.1,796.0,37.0,0.75
Tata,Safari DICOR,2012,Diesel,Manual,First Owner,82507,13.93,2179.0,138.03,1.32
Chevrolet,Beat LS,2010,Petrol,Manual,Second Owner,60000,18.6,1199.0,79.4,1.1
Maruti,Alto K10,2018,Petrol,Manual,First Owner,10000,23.95,998.0,67.05,3.9
Hyundai,i20 Asta,2015,Petrol,Manual,First Owner,70000,18.6,1197.0,81.83,5.5
Maruti,800 AC,2008,Petrol,Manual,Fourth & Above Owner,59400,16.1,796.0,37.0,0.7
Hyundai,EON Era,2013,Petrol,Manual,First Owner,20000,21.1,814.0,55.2,2.75
Maruti,SX4 Vxi,2009,Petrol,Manual,Second Owner,125876,15.0,1586.0,104.68,2.5
Jeep,Compass 1.4,2019,Petrol,Automatic,First Owner,5000,16.0,1368.0,160.77,21.0
Tata,Sumo MKII,2011,Diesel,Manual,Second Owner,90000,13.55,2179.0,118.35,2.5
Isuzu,D-Max V-Cross,2017,Diesel,Manual,First Owner,56800,12.4,2499.0,134.0,12.5
Audi,A4 2.0,2014,Diesel,Automatic,First Owner,60000,16.55,1968.0,147.51,15.0
Toyota,Innova Crysta,2011,Diesel,Manual,First Owner,60000,12.8,2494.0,102.0,8.0
Toyota,Fortuner 4x2,2014,Diesel,Manual,First Owner,150000,13.0,2982.0,168.5,13.8
Maruti,Celerio VXI,2014,Petrol,Automatic,First Owner,65204,23.1,998.0,67.04,3.25
Hyundai,Venue SX,2019,Petrol,Automatic,First Owner,2286,18.15,998.0,118.35,11.5
Maruti,Swift AMT,2018,Petrol,Automatic,First Owner,15732,22.0,1197.0,81.8,6.55
Mahindra,Thar DI,2019,Diesel,Manual,First Owner,13000,18.06,2523.0,63.0,8.9
Maruti,Ignis 1.2,2018,Petrol,Manual,First Owner,33000,20.89,1197.0,81.8,5.25
Hyundai,i10 Magna,2014,Petrol,Manual,First Owner,100000,19.81,1086.0,68.05,3.0
BMW,3 Series,2017,Diesel,Automatic,First Owner,39000,19.59,1995.0,187.74,29.5
BMW,5 Series,2019,Diesel,Automatic,First Owner,10000,18.12,1995.0,190.0,52.0
Honda,City i,2018,Petrol,Manual,First Owner,28900,17.8,1497.0,117.3,9.25
Honda,City 1.5,2017,Petrol,Manual,First Owner,49523,17.0,1497.0,118.0,6.75
Maruti,Vitara Brezza,2018,Diesel,Manual,First Owner,48000,24.3,1248.0,88.5,7.45
Maruti,Vitara Brezza,2018,Diesel,Manual,First Owner,17000,24.3,1248.0,88.5,8.35
Volkswagen,Polo 1.5,2019,Diesel,Manual,First Owner,36800,20.14,1498.0,88.0,6.95
Maruti,Vitara Brezza,2018,Diesel,Manual,First Owner,36521,24.3,1248.0,88.5,7.25
Maruti,Swift Dzire,2017,Petrol,Manual,First Owner,90000,22.0,1197.0,81.8,6.2
Maruti,Zen Classic,1998,Petrol,Manual,Third Owner,80000,17.3,993.0,60.0,0.58
Nissan,Sunny Diesel,2014,Diesel,Manual,First Owner,71000,21.64,1461.0,84.8,3.35
Mahindra,XUV500 W6,2011,Diesel,Manual,First Owner,108000,16.0,2179.0,140.0,4.75
Renault,Duster 85PS,2015,Diesel,Manual,First Owner,75000,19.87,1461.0,83.8,4.85
Maruti,Ciaz ZXi,2015,Petrol,Manual,First Owner,33000,20.73,1373.0,91.1,6.1
Hyundai,Creta 1.6,2015,Diesel,Manual,First Owner,50000,19.67,1582.0,126.2,10.0
Renault,KWID Climber,2019,Petrol,Manual,First Owner,35000,23.01,999.0,67.0,3.0
Hyundai,Creta 1.6,2018,Petrol,Manual,First Owner,15000,15.8,1591.0,121.3,14.05
Maruti,Ciaz Delta,2018,Petrol,Manual,Second Owner,22000,21.56,1462.0,103.25,6.5
Hyundai,Creta 1.6,2015,Diesel,Manual,First Owner,108000,19.67,1582.0,126.2,8.5
Audi,Q5 3.0,2014,Diesel,Automatic,First Owner,76131,13.22,2967.0,241.4,18.5
Hyundai,i10 Magna,2012,Petrol,Manual,First Owner,40000,20.36,1197.0,78.9,2.67
Hyundai,EON Magna,2013,Petrol,Manual,Second Owner,47000,21.1,814.0,55.2,2.15
Tata,Hexa XT,2017,Diesel,Manual,First Owner,45000,17.6,2179.0,153.86,12.82
Maruti,Alto 800,2017,Petrol,Manual,First Owner,15000,24.7,796.0,47.3,2.82
Toyota,Innova 2.5,2012,Diesel,Manual,First Owner,90000,12.8,2494.0,102.0,6.1
Mahindra,Thar CRDe,2018,Diesel,Manual,First Owner,35000,16.55,2498.0,105.0,9.0
Mahindra,Scorpio 1.99,2015,Diesel,Manual,First Owner,70000,15.4,1997.0,120.0,8.0
Hyundai,i20 Asta,2013,Diesel,Manual,Second Owner,110000,21.27,1396.0,88.76,3.8
Mahindra,Scorpio LX,2012,Diesel,Manual,Second Owner,120000,12.05,2179.0,120.0,4.5
Maruti,SX4 Celebration,2011,Diesel,Manual,First Owner,120000,21.5,1248.0,88.8,2.42
Renault,KWID RXT,2017,Petrol,Manual,Second Owner,35000,25.17,799.0,53.3,3.5
Tata,Tigor 1.2,2018,Petrol,Manual,First Owner,22000,20.3,1199.0,84.0,4.0
Maruti,Wagon R,2017,Petrol,Manual,First Owner,70000,20.51,998.0,67.04,4.0
Chevrolet,Sail 1.3,2013,Diesel,Manual,First Owner,56000,22.1,1248.0,74.0,2.46
Tata,Indigo CS,2014,Diesel,Manual,First Owner,65000,19.09,1405.0,69.01,2.21
Ford,Endeavour 2.5L,2013,Diesel,Manual,First Owner,62000,13.1,2499.0,141.0,7.0
Toyota,Fortuner 4x4,2016,Diesel,Automatic,First Owner,52000,12.55,2982.0,168.5,17.5
Hyundai,Xcent 1.2,2017,Diesel,Manual,First Owner,49000,25.4,1186.0,73.97,5.5
Maruti,Ciaz VDi,2015,Diesel,Manual,Second Owner,50000,28.09,1248.0,88.5,5.5
Maruti,Swift VDI,2013,Diesel,Manual,First Owner,65000,28.4,1248.0,74.0,3.75
Hyundai,Xcent 1.1,2015,Diesel,Manual,First Owner,55000,24.4,1120.0,71.0,3.91
Mercedes-Benz,B Class,2015,Diesel,Automatic,Second Owner,35000,19.7,2143.0,134.1,20.51
Tata,Aria Pure,2014,Diesel,Manual,Second Owner,78000,15.05,2179.0,147.9,5.25
Hyundai,Verna CRDi,2007,Diesel,Manual,Second Owner,58000,16.8,1493.0,110.0,2.12
Chevrolet,Beat Diesel,2011,Diesel,Manual,Second Owner,56000,25.44,936.0,57.6,2.21
Fiat,Linea Emotion,2010,Diesel,Manual,Second Owner,61000,20.4,1248.0,91.7,2.65
Renault,Scala Diesel,2013,Diesel,Manual,Second Owner,61000,21.64,1461.0,84.8,3.99
Hyundai,Getz 1.5,2008,Diesel,Manual,Second Owner,61000,17.1,1493.0,110.0,1.75
Skoda,Rapid 1.6,2011,Diesel,Manual,Second Owner,64481,20.5,1598.0,103.5,4.11
Volkswagen,Vento Diesel,2011,Diesel,Manual,Second Owner,65000,20.54,1598.0,103.6,3.65
BMW,5 Series,2009,Diesel,Automatic,Second Owner,80000,22.48,1995.0,187.74,9.75
Nissan,Sunny XV,2015,Diesel,Manual,Second Owner,61000,22.71,1461.0,84.8,4.99
Mercedes-Benz,M-Class ML,2014,Diesel,Automatic,First Owner,70000,11.74,2987.0,254.8,25.75
Chevrolet,Spark 1.0,2009,Petrol,Manual,First Owner,30000,18.0,995.0,62.0,1.45
Tata,Indica Vista,2011,Diesel,Manual,Second Owner,200000,17.0,1405.0,71.0,2.0
Audi,Q3 2.0,2014,Diesel,Automatic,First Owner,230000,15.73,1968.0,174.33,12.0
Hyundai,EON 1.0,2016,Petrol,Manual,First Owner,100000,20.3,998.0,68.05,2.8
Mahindra,Scorpio VLS,2011,Diesel,Automatic,Second Owner,95000,11.79,2179.0,120.0,4.5
Honda,City 2017-2020,2006,Petrol,Manual,Third Owner,140000,17.7,1497.0,78.0,1.5
Honda,Mobilio S,2017,Petrol,Manual,First Owner,70000,17.3,1497.0,117.3,6.0
Renault,KWID RXT,2016,Petrol,Manual,First Owner,60000,25.17,799.0,53.3,2.75
Tata,Manza Aura,2010,Diesel,Manual,First Owner,88000,18.8,1248.0,90.0,1.1
Mahindra,XUV500 W8,2012,Diesel,Manual,Fourth & Above Owner,200000,15.1,2179.0,140.0,5.0
Mahindra,XUV500 W8,2012,Diesel,Manual,Second Owner,60000,15.1,2179.0,140.0,7.0
BMW,3 Series,2012,Diesel,Automatic,Second Owner,155000,16.07,1995.0,181.0,9.0
Maruti,Wagon R,2005,Petrol,Manual,Second Owner,80000,18.9,998.0,67.1,1.5
Nissan,Sunny XV,2013,Petrol,Manual,Third Owner,80000,16.95,1498.0,97.7,2.75
Maruti,Swift VDI,2014,Diesel,Manual,First Owner,40000,28.4,1248.0,74.0,4.55
Hyundai,Creta 1.6,2015,Diesel,Manual,First Owner,50000,19.67,1582.0,126.2,9.0
Maruti,Swift VDI,2014,Diesel,Manual,First Owner,40000,25.2,1248.0,74.0,4.55
Honda,City i,2017,Diesel,Manual,Second Owner,47000,26.0,1498.0,98.6,6.5
Hyundai,Grand i10,2018,Petrol,Manual,Second Owner,20000,18.9,1197.0,81.86,5.51
Volkswagen,Ameo 1.5,2017,Diesel,Manual,First Owner,49060,22.0,1498.0,108.495,6.5
Hyundai,i20 Asta,2015,Petrol,Manual,First Owner,60000,18.6,1197.0,81.83,6.0
Maruti,Alto 800,2013,Petrol,Manual,First Owner,18000,22.74,796.0,47.3,2.35
Ford,Ecosport 1.5,2018,Diesel,Manual,First Owner,37161,22.7,1498.0,89.84,8.0
Hyundai,Creta 1.6,2016,Diesel,Manual,First Owner,80000,19.67,1582.0,126.2,10.5
Tata,Nano LX,2012,Petrol,Manual,Second Owner,28000,25.4,624.0,37.5,0.45
Hyundai,Verna 1.6,2013,Petrol,Automatic,Second Owner,100000,15.74,1591.0,121.3,4.5
Volkswagen,Polo 1.5,2014,Diesel,Manual,Second Owner,120000,20.14,1498.0,88.8,3.91
Chevrolet,Enjoy TCDi,2013,Diesel,Manual,Second Owner,70000,18.2,1248.0,73.8,3.8
Maruti,Wagon R,2010,Petrol,Manual,Second Owner,90000,18.9,1061.0,67.0,1.7
Tata,Sumo MKII,2011,Diesel,Manual,Second Owner,90000,13.55,2179.0,118.35,2.5
Toyota,Innova Crysta,2011,Diesel,Manual,First Owner,60000,12.8,2494.0,102.0,8.0
Toyota,Fortuner 4x2,2014,Diesel,Manual,First Owner,150000,13.0,2982.0,168.5,13.8
Mahindra,Thar CRDe,2014,Diesel,Manual,First Owner,24000,16.55,2498.0,105.0,7.0
Honda,Mobilio S,2016,Diesel,Manual,Second Owner,100000,24.2,1498.0,98.6,4.5
Mahindra,KUV 100,2018,Petrol,Manual,First Owner,6000,18.15,1198.0,82.0,6.5
Mahindra,XUV500 W8,2013,Diesel,Manual,First Owner,49700,15.1,2179.0,140.0,9.5
Toyota,Innova 2.5,2007,Diesel,Manual,Second Owner,80000,12.8,2494.0,102.0,6.26
Maruti,Swift Dzire,2019,Petrol,Automatic,First Owner,10000,21.21,1197.0,81.8,6.0
Renault,KWID RXT,2019,Petrol,Manual,First Owner,21000,25.17,799.0,53.3,2.9
Maruti,Alto K10,2013,Petrol,Manual,First Owner,25000,20.92,998.0,67.1,2.15
Renault,KWID RXT,2016,Petrol,Manual,First Owner,22000,25.17,799.0,53.3,2.5
Maruti,Ertiga SHVS,2017,Diesel,Manual,First Owner,50000,24.52,1248.0,88.5,7.5
Maruti,Alto K10,2016,Petrol,Manual,Second Owner,20000,23.95,998.0,67.05,2.5
Honda,BRV i-VTEC,2017,Petrol,Automatic,First Owner,15000,15.4,1497.0,117.3,9.5
Ford,Figo Aspire,2018,Diesel,Manual,First Owner,30000,25.83,1498.0,99.0,7.93
Hyundai,Creta 1.6,2015,Diesel,Manual,First Owner,74000,19.67,1582.0,126.2,7.5
Honda,Jazz V,2017,Petrol,Automatic,First Owner,6550,18.2,1199.0,88.7,7.25
Hyundai,Grand i10,2016,Diesel,Manual,First Owner,30000,24.0,1120.0,70.0,4.8
Jaguar,XE 2016-2019,2017,Diesel,Automatic,First Owner,9000,13.6,1999.0,177.0,27.11
Lexus,ES 300h,2019,Petrol,Automatic,First Owner,20000,22.37,2487.0,214.56,51.5
Jaguar,XF 2.0,2017,Diesel,Automatic,First Owner,45000,19.33,1999.0,177.0,32.0
Tata,Safari Storme,2015,Diesel,Manual,First Owner,110000,14.1,2179.0,147.94,5.03
Volvo,XC40 D4,2019,Diesel,Automatic,First Owner,20000,18.0,1969.0,190.0,38.0
Toyota,Camry 2.5,2016,Petrol,Automatic,First Owner,68089,19.16,2494.0,157.7,20.0
Maruti,Wagon R,2013,Petrol,Manual,First Owner,58343,21.79,998.0,67.05,2.25
Maruti,Baleno Alpha,2018,Diesel,Manual,First Owner,38817,27.39,1248.0,74.0,7.4
Honda,Jazz VX,2016,Petrol,Manual,First Owner,56494,18.2,1199.0,88.7,5.5
Toyota,Innova 2.5,2013,Diesel,Manual,Second Owner,79328,12.99,2494.0,100.6,7.5
Maruti,Swift AMT,2019,Petrol,Automatic,First Owner,5621,22.0,1197.0,81.8,6.5
Toyota,Etios VX,2017,Petrol,Manual,First Owner,25538,16.78,1496.0,88.73,6.25
Maruti,Swift AMT,2018,Petrol,Automatic,First Owner,69779,22.0,1197.0,81.8,6.0
Hyundai,Grand i10,2017,Diesel,Manual,First Owner,56290,24.0,1186.0,73.97,4.5
BMW,X4 M,2019,Diesel,Automatic,First Owner,7500,16.78,1995.0,190.0,54.0
BMW,X4 M,2019,Diesel,Automatic,First Owner,8500,16.78,1995.0,190.0,55.0
Honda,Amaze V,2019,Petrol,Automatic,First Owner,7032,19.0,1199.0,88.76,7.79
Skoda,Rapid 1.6,2016,Petrol,Automatic,First Owner,11000,14.3,1598.0,103.5,6.45
Volvo,V40 D3,2018,Diesel,Automatic,First Owner,2000,16.8,1984.0,150.0,24.75
Hyundai,Verna VTVT,2017,Petrol,Automatic,First Owner,20000,17.0,1591.0,121.3,9.9
Maruti,Swift Dzire,2012,Diesel,Manual,First Owner,68000,23.4,1248.0,74.0,3.7
Chevrolet,Sail Hatchback,2014,Petrol,Manual,First Owner,60175,18.2,1199.0,82.5,3.0
Hyundai,EON Era,2012,Petrol,Manual,First Owner,25000,21.1,814.0,55.2,2.5
Ford,Figo Aspire,2017,Diesel,Manual,First Owner,49957,25.83,1498.0,99.0,7.0
Ford,Figo 1.5,2017,Diesel,Manual,First Owner,43235,24.29,1498.0,99.0,6.0
Ford,EcoSport 1.5,2018,Diesel,Manual,First Owner,50699,22.77,1498.0,98.59,9.25
Hyundai,i20 Active,2016,Diesel,Manual,Second Owner,111000,21.19,1396.0,88.73,7.0
Maruti,Baleno RS,2018,Petrol,Manual,Second Owner,48000,21.1,998.0,100.5,7.0
Maruti,Swift Vdi,2007,Diesel,Manual,Fourth & Above Owner,90000,17.8,1248.0,75.0,1.85
Tata,Sumo Gold,2015,Diesel,Manual,First Owner,80000,15.3,2956.0,83.83,4.35
Ford,Figo 1.2P,2017,Petrol,Manual,First Owner,100000,18.16,1196.0,86.8,4.0
Ford,Figo Diesel,2011,Diesel,Manual,Third Owner,90000,20.0,1399.0,68.0,1.8
Maruti,Swift Dzire,2015,Diesel,Manual,First Owner,50000,26.59,1248.0,74.0,6.0
Toyota,Etios Liva,2014,Diesel,Manual,Third Owner,90000,23.59,1364.0,67.06,3.2
Toyota,Innova Crysta,2016,Diesel,Manual,First Owner,120000,13.68,2393.0,147.8,16.9
Volkswagen,Vento Petrol,2011,Petrol,Automatic,Second Owner,140000,14.4,1598.0,103.6,2.5
Tata,Tigor 2017-2020,2019,Petrol,Manual,First Owner,20000,20.3,1199.0,83.81,6.5
Toyota,Corolla Altis,2009,Petrol,Manual,Second Owner,82000,14.53,1798.0,138.0,3.4
Ambassador,Grand 2000,2008,Diesel,Manual,Third Owner,80000,13.5,1995.0,52.0,2.0
Maruti,Vitara Brezza,2017,Diesel,Manual,First Owner,40000,24.3,1248.0,88.5,8.7
Maruti,Ertiga SHVS,2017,Diesel,Manual,First Owner,120000,24.52,1248.0,88.5,7.95
Maruti,Vitara Brezza,2017,Diesel,Manual,First Owner,60000,24.3,1248.0,88.5,8.7
Maruti,Ritz LDi,2010,Diesel,Manual,Second Owner,70000,21.1,1248.0,73.9,2.0
Hyundai,Verna 1.6,2017,Diesel,Manual,Second Owner,45500,23.9,1582.0,126.2,8.0
Toyota,Innova 2.5,2014,Diesel,Manual,First Owner,120000,12.99,2494.0,100.6,11.0
Maruti,Alto LXi,2008,Petrol,Manual,Second Owner,100000,19.7,796.0,46.3,1.15
Maruti,Ertiga VDI,2013,Diesel,Manual,Third Owner,92000,20.77,1248.0,88.76,5.0
Maruti,Swift VDI,2014,Diesel,Manual,Fourth & Above Owner,141000,25.2,1248.0,74.0,7.0
Toyota,Innova Crysta,2016,Diesel,Automatic,First Owner,120000,11.36,2755.0,171.5,15.16
Datsun,RediGO T,2016,Petrol,Manual,First Owner,35000,22.7,799.0,53.64,2.0
Honda,Amaze VX,2015,Petrol,Manual,First Owner,50000,17.8,1198.0,86.7,4.5
Tata,Nexon 1.5,2018,Diesel,Manual,First Owner,9500,21.5,1497.0,108.5,8.5
Maruti,Eeco 7,2019,Petrol,Manual,First Owner,5500,15.37,1196.0,73.0,3.59
Renault,KWID RXT,2017,Petrol,Manual,First Owner,28000,25.17,799.0,53.3,3.2
Tata,Indica GLS,2009,Petrol,Manual,First Owner,113000,15.3,1193.0,65.3,1.1
Maruti,Eeco 5,2011,CNG,Manual,Fourth & Above Owner,1,15.1,1196.0,73.0,2.09
Tata,Manza Aura,2010,Petrol,Manual,Second Owner,100000,15.0,1368.0,90.0,1.69
Hyundai,Grand i10,2014,Diesel,Manual,First Owner,50074,24.0,1120.0,70.0,4.0
Hyundai,i20 Asta,2014,Diesel,Manual,Fourth & Above Owner,100000,22.54,1396.0,88.73,6.0
Maruti,Eeco 7,2017,Petrol,Manual,First Owner,35000,15.37,1196.0,73.0,3.5
Ford,EcoSport 1.5,2018,Diesel,Manual,First Owner,60000,23.0,1498.0,98.96,9.9
Mercedes-Benz,E-Class E250,2011,Diesel,Automatic,First Owner,70000,14.21,2143.0,203.0,16.0
Tata,Hexa XT,2017,Diesel,Manual,First Owner,70000,17.6,2179.0,153.86,14.0
Maruti,Baleno Zeta,2017,Petrol,Automatic,First Owner,10000,21.4,1197.0,83.1,7.45
Skoda,Kodiaq 2.0,2018,Diesel,Automatic,First Owner,40000,16.25,1968.0,148.0,28.0
Maruti,Swift LDI,2015,Diesel,Manual,First Owner,35000,25.2,1248.0,74.0,5.0
Maruti,Wagon R,2019,Petrol,Automatic,First Owner,5000,20.52,1197.0,81.8,5.4
Toyota,Innova Crysta,2016,Diesel,Manual,First Owner,33000,13.68,2393.0,147.8,18.5
Tata,Bolt Quadrajet,2017,Diesel,Manual,First Owner,27000,22.95,1248.0,74.0,6.0
Ford,Freestyle Titanium,2018,Petrol,Manual,First Owner,25000,19.0,1194.0,94.68,6.9
Maruti,Swift VDI,2016,Diesel,Manual,First Owner,30154,25.2,1248.0,74.0,6.3
Hyundai,Xcent 1.2,2018,Petrol,Manual,First Owner,20000,20.14,1197.0,81.86,6.4
Volvo,S90 D4,2019,Diesel,Automatic,First Owner,17000,18.0,1969.0,190.0,55.0
Ford,Endeavour 2.2,2016,Diesel,Automatic,Second Owner,85000,12.62,2198.0,158.0,21.0
Maruti,Swift VXI,2016,Petrol,Manual,First Owner,100000,20.4,1197.0,81.8,5.0
Maruti,Alto 800,2017,Petrol,Manual,First Owner,54000,24.7,796.0,47.3,3.1
Mahindra,TUV 300,2015,Diesel,Manual,First Owner,80000,18.49,1493.0,100.0,6.0
Maruti,800 AC,1999,Petrol,Manual,Third Owner,100000,16.1,796.0,37.0,0.4
Hyundai,Xcent 1.2,2018,Diesel,Manual,First Owner,70000,25.4,1186.0,73.97,6.2
Maruti,Baleno Zeta,2018,Diesel,Manual,First Owner,50000,27.39,1248.0,74.0,7.6
Hyundai,Verna CRDi,2018,Diesel,Manual,First Owner,40000,22.0,1582.0,126.2,12.0
Maruti,Baleno Zeta,2018,Diesel,Manual,First Owner,50000,27.39,1248.0,74.0,7.6
Hyundai,i10 Sportz,2012,Petrol,Manual,First Owner,45000,20.36,1197.0,78.9,3.0
Tata,Tiago 1.2,2019,Petrol,Manual,First Owner,5000,23.84,1199.0,84.0,5.0
Chevrolet,Beat LT,2012,Petrol,Manual,Third Owner,70000,18.6,1199.0,79.4,1.2
Hyundai,EON D,2017,Petrol,Manual,First Owner,26263,21.1,814.0,55.2,3.5
Mahindra,KUV 100,2016,Petrol,Manual,Second Owner,100000,18.15,1198.0,82.0,3.5
Toyota,Innova 2.5,2012,Diesel,Manual,First Owner,250000,12.99,2494.0,100.0,7.3
Renault,Duster 110PS,2018,Diesel,Manual,First Owner,18000,19.6,1461.0,108.45,10.5
Hyundai,Verna SX,2013,Diesel,Manual,First Owner,80000,25.0,1493.0,113.42,5.5
Maruti,SX4 S,2016,Diesel,Manual,First Owner,108000,23.65,1248.0,88.5,6.75
Toyota,Innova 2.5,2015,Diesel,Manual,First Owner,170000,12.99,2494.0,100.6,14.0
Maruti,Swift VVT,2017,Petrol,Manual,First Owner,25000,22.0,1197.0,81.8,6.25
Hyundai,Creta 1.6,2018,Petrol,Manual,First Owner,11000,15.8,1591.0,121.3,12.2
Maruti,S-Presso VXI,2019,Petrol,Automatic,First Owner,5000,21.7,998.0,67.0,4.75
Ford,Ecosport 1.5,2014,Diesel,Manual,First Owner,105000,21.7,1498.0,98.96,5.5
Maruti,Ritz VXi,2012,Petrol,Manual,First Owner,40000,18.5,1197.0,85.8,3.2
Maruti,Swift ZDi,2014,Diesel,Manual,First Owner,90000,22.9,1248.0,74.0,5.3
Maruti,Alto 800,2018,Petrol,Manual,First Owner,30000,24.7,796.0,47.3,3.0
Honda,City i-VTEC,2018,Petrol,Manual,First Owner,5500,17.4,1497.0,117.6,11.8
Maruti,Alto LX,2000,Petrol,Manual,Second Owner,90000,19.7,796.0,46.3,0.46
Hyundai,EON Sportz,2012,Petrol,Manual,First Owner,65000,21.1,814.0,55.2,1.9
Hyundai,Verna 1.6,2014,Diesel,Manual,First Owner,60000,22.32,1582.0,126.32,7.3
Maruti,Swift VDI,2015,Diesel,Manual,First Owner,120000,25.2,1248.0,74.0,5.3
Ford,Figo 1.2P,2019,Petrol,Manual,First Owner,9500,18.16,1196.0,86.8,5.3
Renault,Captur 1.5,2018,Diesel,Manual,First Owner,12000,20.37,1461.0,108.45,12.65
Maruti,Ciaz Alpha,2019,Diesel,Manual,First Owner,32000,28.09,1248.0,88.5,10.25
Maruti,Alto LXi,2009,Petrol,Manual,First Owner,60000,19.7,796.0,46.3,1.3
Mahindra,TUV 300,2017,Diesel,Manual,First Owner,70000,18.49,1493.0,100.0,7.35
BMW,3 Series,2011,Diesel,Automatic,First Owner,84925,16.07,1995.0,181.0,15.0
Hyundai,Santro Xing,2007,Petrol,Manual,Second Owner,120000,17.8,1086.0,63.0,1.2
Toyota,Innova 2.5,2012,Diesel,Manual,First Owner,250000,12.99,2494.0,100.0,7.3
Renault,Duster 110PS,2018,Diesel,Manual,First Owner,18000,19.6,1461.0,108.45,10.5
Hyundai,Verna SX,2013,Diesel,Manual,First Owner,80000,25.0,1493.0,113.42,5.5
Maruti,SX4 S,2016,Diesel,Manual,First Owner,108000,23.65,1248.0,88.5,6.75
Toyota,Innova 2.5,2015,Diesel,Manual,First Owner,170000,12.99,2494.0,100.6,14.0
Maruti,Swift VVT,2017,Petrol,Manual,First Owner,25000,22.0,1197.0,81.8,6.25
Hyundai,Creta 1.6,2018,Petrol,Manual,First Owner,11000,15.8,1591.0,121.3,12.2
Maruti,S-Presso VXI,2019,Petrol,Automatic,First Owner,5000,21.7,998.0,67.0,4.75
Ford,Ecosport 1.5,2014,Diesel,Manual,First Owner,105000,21.7,1498.0,98.96,5.5
Maruti,Ritz VXi,2012,Petrol,Manual,First Owner,40000,18.5,1197.0,85.8,3.2
Maruti,Swift ZDi,2014,Diesel,Manual,First Owner,90000,22.9,1248.0,74.0,5.3
Maruti,Alto 800,2018,Petrol,Manual,First Owner,30000,24.7,796.0,47.3,3.0
Honda,City i-VTEC,2018,Petrol,Manual,First Owner,5500,17.4,1497.0,117.6,11.8
Maruti,Alto LX,2000,Petrol,Manual,Second Owner,90000,19.7,796.0,46.3,0.46
Hyundai,EON Sportz,2012,Petrol,Manual,First Owner,65000,21.1,814.0,55.2,1.9
Hyundai,Verna 1.6,2014,Diesel,Manual,First Owner,60000,22.32,1582.0,126.32,7.3
Maruti,Swift VDI,2015,Diesel,Manual,First Owner,120000,25.2,1248.0,74.0,5.3
Ford,Figo 1.2P,2019,Petrol,Manual,First Owner,9500,18.16,1196.0,86.8,5.3
Renault,Captur 1.5,2018,Diesel,Manual,First Owner,12000,20.37,1461.0,108.45,12.65
Maruti,Ciaz Alpha,2019,Diesel,Manual,First Owner,32000,28.09,1248.0,88.5,10.25
Hyundai,Grand i10,2017,Petrol,Manual,First Owner,50000,18.9,1197.0,82.0,4.7
Tata,Indigo CS,2014,Diesel,Manual,Second Owner,50000,25.0,1396.0,69.01,2.5
Maruti,Ertiga LXI,2013,Petrol,Manual,First Owner,90000,16.02,1373.0,93.7,4.3
Maruti,Ertiga VDI,2012,Diesel,Manual,First Owner,93000,20.77,1248.0,88.76,5.5
Maruti,Swift Dzire,2015,Petrol,Manual,First Owner,117000,20.85,1197.0,83.14,5.0
Honda,City 2017-2020,2008,Petrol,Manual,Second Owner,90000,17.7,1497.0,78.0,2.4
Maruti,Swift VXI,2008,Petrol,Manual,Third Owner,80000,16.1,1298.0,88.2,1.7
Maruti,Alto 800,2016,Petrol,Manual,First Owner,30000,22.74,796.0,47.3,2.52
Maruti,Alto 800,2017,Petrol,Manual,First Owner,35000,24.7,796.0,47.3,2.7
Maruti,Alto LX,2004,Petrol,Manual,First Owner,40000,19.7,796.0,46.3,1.0
Maruti,Wagon R,2015,Petrol,Manual,Second Owner,46357,20.51,998.0,67.04,3.5
Ford,Fiesta 1.4,2011,Petrol,Manual,Second Owner,80000,16.6,1388.0,68.0,2.4
Renault,Lodgy 85PS,2016,Diesel,Manual,First Owner,7000,21.04,1461.0,83.8,6.2
Renault,Fluence 2.0,2011,Petrol,Automatic,First Owner,43000,13.4,1997.0,135.1,6.0
Ford,Figo Aspire,2016,Diesel,Manual,First Owner,85000,24.4,1499.0,98.96,6.5
Hyundai,Verna CRDi,2018,Diesel,Manual,First Owner,70000,22.0,1582.0,126.2,9.5
Maruti,Swift VDI,2017,Diesel,Manual,First Owner,56000,25.2,1248.0,74.0,6.6
Hyundai,i20 Sportz,2012,Diesel,Manual,Second Owner,90000,21.9,1396.0,88.76,3.6
Maruti,Alto K10,2017,Petrol,Manual,First Owner,40000,23.95,998.0,67.1,3.82
Hyundai,i10 Magna,2011,Petrol,Manual,Second Owner,60000,19.81,1086.0,68.05,2.7
Hyundai,i20 2015-2017,2015,Diesel,Manual,First Owner,70000,22.54,1396.0,88.73,6.5
Ford,Figo Diesel,2011,Diesel,Manual,Second Owner,170000,20.0,1399.0,68.0,2.0
Maruti,Celerio LDi,2015,Diesel,Manual,First Owner,95000,27.62,793.0,47.0,4.0
Maruti,Swift VDI,2012,Diesel,Manual,Second Owner,90000,22.9,1248.0,74.0,4.16
Maruti,Baleno Alpha,2018,Diesel,Manual,First Owner,35000,27.39,1248.0,74.0,7.5
Tata,Indica Vista,2013,Diesel,Manual,Second Owner,120000,22.3,1248.0,74.0,1.9
Tata,Indica V2,2008,Diesel,Manual,Fourth & Above Owner,120000,17.88,1396.0,52.8,0.6
Tata,New Safari,2006,Diesel,Manual,Second Owner,175000,13.93,2179.0,138.1,3.0
Maruti,Wagon R,2013,Petrol,Manual,Second Owner,90000,18.9,998.0,67.1,3.0
Tata,Indica V2,2007,Diesel,Manual,Third Owner,120000,17.2,1396.0,53.5,0.65
Ford,Fiesta Classic,2012,Diesel,Manual,Second Owner,108000,17.8,1399.0,67.0,2.7
Mahindra,Bolero 2011-2019,2014,Diesel,Manual,First Owner,70000,15.96,2523.0,62.1,6.0
Hyundai,Santa Fe,2011,Diesel,Automatic,Second Owner,62000,11.72,2199.0,194.3,12.0
Hyundai,EON Sportz,2012,Petrol,Manual,Second Owner,35000,21.1,814.0,55.2,1.95
Maruti,800 AC,1998,Petrol,Manual,Second Owner,40000,16.1,796.0,37.0,0.35
Tata,Indigo CS,2008,Diesel,Manual,First Owner,120000,19.09,1396.0,69.0,1.0
Hyundai,i10 Magna,2012,Petrol,Manual,Second Owner,67000,20.36,1197.0,78.9,2.2
Maruti,Alto 800,2016,Petrol,Manual,First Owner,46737,22.74,796.0,47.3,3.2
Chevrolet,Beat LT,2014,Petrol,Manual,First Owner,30000,18.6,1199.0,76.8,2.4
Tata,Sumo Gold,2014,Diesel,Manual,First Owner,300000,15.3,2956.0,83.83,2.75
Chevrolet,Enjoy TCDi,2014,Diesel,Manual,First Owner,195000,18.2,1248.0,73.8,2.75
Tata,Indica Vista,2011,Petrol,Manual,Second Owner,70000,16.5,1172.0,65.0,1.3
Hyundai,Verna 1.6,2012,Diesel,Manual,Second Owner,200000,22.32,1582.0,126.32,4.5
Renault,Duster 110PS,2015,Diesel,Manual,First Owner,160000,19.01,1461.0,108.45,6.0
Maruti,Alto 800,2018,Petrol,Manual,First Owner,20000,24.7,796.0,47.3,3.1
Maruti,Wagon R,2018,Petrol,Manual,First Owner,30000,20.51,998.0,67.04,4.32
Tata,Indica Vista,2012,Diesel,Manual,Third Owner,90000,19.4,1405.0,70.0,1.75
Maruti,Ertiga SHVS,2016,Diesel,Manual,Second Owner,100000,24.52,1248.0,88.5,7.7
Maruti,Alto K10,2011,Petrol,Manual,Third Owner,110048,20.92,998.0,67.1,1.35
Hyundai,Xcent 1.2,2018,Diesel,Manual,First Owner,26000,25.4,1186.0,73.97,6.8
Maruti,Wagon R,2007,Petrol,Manual,Fourth & Above Owner,110000,18.9,1061.0,67.0,0.9
Maruti,Gypsy King,1997,Petrol,Manual,Second Owner,186388,14.8,1298.0,80.0,3.0
Chevrolet,Aveo U-VA,2007,Petrol,Manual,Third Owner,60000,14.7,1150.0,76.0,1.0
Maruti,Alto LXi,2006,Petrol,Manual,Third Owner,70000,19.7,796.0,46.3,1.2
Renault,Duster RXZ,2017,Diesel,Automatic,First Owner,20171,19.87,1461.0,108.5,7.5
Honda,Jazz V,2017,Diesel,Manual,First Owner,37151,27.3,1498.0,98.6,5.25
Honda,City i,2015,Petrol,Manual,First Owner,39000,17.4,1497.0,117.3,6.49
Volkswagen,Polo Select,2010,Petrol,Manual,First Owner,44500,16.47,1198.0,74.0,2.1
Honda,Jazz 1.2,2016,Petrol,Manual,First Owner,15000,18.7,1199.0,88.7,5.26
Ford,Ecosport 1.5,2016,Petrol,Manual,First Owner,39000,15.9,1496.0,120.69,5.99
Honda,City i,2015,Petrol,Manual,First Owner,58161,17.8,1497.0,117.3,5.0
Honda,CR-V 2.4L,2012,Petrol,Automatic,First Owner,50171,11.1,2354.0,158.8,7.5
Honda,City i-VTEC,2011,Petrol,Manual,First Owner,40000,17.4,1497.0,117.6,3.25
Honda,City i,2016,Petrol,Manual,First Owner,55161,17.8,1497.0,117.3,5.75
Honda,Brio 1.2,2012,Petrol,Manual,First Owner,30000,18.5,1198.0,86.8,2.45
Honda,City i,2016,Petrol,Manual,First Owner,55000,17.8,1497.0,117.3,6.25
Honda,Accord 2.4,2013,Petrol,Automatic,First Owner,50000,11.7,2354.0,177.6,5.8
Audi,A3 40,2017,Petrol,Automatic,First Owner,8000,16.6,1798.0,177.5,16.9
Hyundai,Creta 1.6,2018,Petrol,Manual,First Owner,14000,15.8,1591.0,121.3,11.75
Honda,City i,2015,Petrol,Manual,First Owner,9599,17.8,1497.0,117.3,5.75
Hyundai,i20 Asta,2017,Petrol,Manual,First Owner,35000,17.0,1197.0,80.0,6.0
Honda,City i,2016,Petrol,Manual,First Owner,16151,17.8,1497.0,117.3,7.5
Hyundai,Creta 1.6,2016,Petrol,Automatic,First Owner,40000,14.8,1591.0,121.3,8.9
Honda,City i,2015,Petrol,Manual,First Owner,28161,17.8,1497.0,117.3,6.0
Chevrolet,Spark 1.0,2010,Petrol,Manual,Second Owner,60000,18.0,995.0,62.0,1.15
Chevrolet,Spark 1.0,2010,Petrol,Manual,Second Owner,60000,18.0,995.0,62.0,1.4
Mahindra,Scorpio M2DI,2011,Diesel,Manual,Fourth & Above Owner,100000,13.5,2179.0,115.0,3.6
Maruti,Swift Dzire,2017,Petrol,Manual,Second Owner,130000,19.0,1197.0,85.8,5.0
Honda,Amaze VX,2015,Diesel,Manual,First Owner,60000,25.8,1498.0,98.6,4.1
Toyota,Innova 2.5,2010,Diesel,Manual,Second Owner,200000,12.8,2494.0,102.0,4.25
Nissan,Terrano XL,2014,Diesel,Manual,Second Owner,82000,20.45,1461.0,83.8,4.5
Hyundai,Grand i10,2014,Petrol,Manual,First Owner,20000,18.9,1197.0,82.0,4.0
Maruti,SX4 ZXI,2013,Petrol,Manual,Third Owner,60000,16.51,1586.0,103.2,2.95
Maruti,Ciaz ZDi,2014,Diesel,Manual,Second Owner,90000,26.21,1248.0,88.5,5.6
Maruti,Wagon R,2006,Petrol,Manual,Third Owner,50000,14.0,1061.0,64.0,1.5
Toyota,Innova 2.5,2009,Diesel,Manual,First Owner,250000,12.8,2494.0,102.0,5.5
Chevrolet,Spark 1.0,2011,Petrol,Manual,Second Owner,100000,18.0,995.0,62.0,1.15
Tata,Indigo LS,2007,Diesel,Manual,Third Owner,129000,17.0,1405.0,70.0,0.9
Tata,New Safari,2010,Diesel,Manual,First Owner,100000,11.57,2179.0,138.1,3.0
Honda,City ZXi,2005,Petrol,Automatic,Second Owner,100000,12.0,1493.0,100.0,1.1
Ford,Fiesta 1.4,2007,Diesel,Manual,Third Owner,110000,17.8,1399.0,68.0,1.25
Chevrolet,Captiva LT,2008,Diesel,Manual,Second Owner,100000,11.5,1991.0,147.9,3.0
Hyundai,Grand i10,2017,Petrol,Manual,First Owner,20000,18.9,1197.0,81.86,4.5
Chevrolet,Cruze LT,2011,Diesel,Manual,First Owner,40000,18.3,1991.0,147.9,3.0
Maruti,Celerio ZXI,2018,Petrol,Automatic,First Owner,30000,23.1,998.0,67.04,4.7
Tata,Bolt Revotron,2015,Petrol,Manual,First Owner,25000,17.57,1193.0,88.7,3.3
Maruti,Wagon R,2018,Petrol,Manual,Second Owner,25000,20.51,998.0,67.04,3.9
Tata,Nano Cx,2011,Petrol,Manual,Second Owner,25000,26.0,624.0,35.0,0.46
Nissan,Terrano XL,2013,Diesel,Manual,First Owner,170000,20.45,1461.0,83.8,5.1
Fiat,Linea Emotion,2010,Petrol,Manual,Second Owner,40000,16.0,1368.0,90.0,1.25
Hyundai,i20 2015-2017,2017,Diesel,Manual,First Owner,28000,22.54,1396.0,88.73,7.8
Hyundai,Verna 1.6,2011,Diesel,Manual,First Owner,100000,22.32,1582.0,126.3,4.5
Tata,Manza Aura,2012,Petrol,Manual,Third Owner,80868,13.7,1368.0,88.8,2.0
Ford,Figo Diesel,2012,Diesel,Manual,First Owner,194000,20.0,1399.0,68.0,2.6
Maruti,Swift Vdi,2009,Diesel,Manual,Second Owner,151000,17.8,1248.0,75.0,2.5
Ford,EcoSport 1.5,2018,Diesel,Manual,First Owner,65000,23.0,1498.0,98.96,8.8
Maruti,Swift Vdi,2009,Diesel,Manual,Second Owner,100000,17.8,1248.0,75.0,3.07
Mahindra,XUV500 W8,2013,Diesel,Manual,First Owner,120000,15.1,2179.0,140.0,7.5
Tata,Nexon 1.5,2018,Diesel,Manual,Second Owner,85000,21.5,1497.0,108.5,8.0
Fiat,Grande Punto,2012,Diesel,Manual,First Owner,70000,20.3,1248.0,75.0,4.5
Hyundai,Verna 1.6,2011,Diesel,Manual,Second Owner,128000,22.32,1582.0,126.32,4.5
Honda,City 2017-2020,2006,Petrol,Manual,Second Owner,70000,16.9,1497.0,100.0,1.6
Honda,City 1.3,2004,Petrol,Manual,Second Owner,120000,13.0,1343.0,90.0,1.35
Hyundai,Verna 1.6,2012,Diesel,Manual,Second Owner,128000,22.32,1582.0,126.32,4.5
Renault,Duster 85PS,2013,Diesel,Manual,Third Owner,100000,20.45,1461.0,83.8,3.25
Kia,Seltos HTX,2019,Diesel,Automatic,First Owner,20000,17.8,1493.0,113.4,15.75
Ford,Freestyle Titanium,2018,Diesel,Manual,First Owner,24000,24.4,1498.0,98.63,7.5
Maruti,Celerio VXI,2017,Petrol,Manual,First Owner,12000,23.1,998.0,67.04,4.25
Toyota,Etios Cross,2014,Diesel,Manual,First Owner,50000,23.59,1364.0,67.06,4.25
Ford,Freestyle Titanium,2018,Diesel,Manual,First Owner,24000,24.4,1498.0,98.63,7.46
Toyota,Innova 2.5,2010,Diesel,Manual,First Owner,129000,12.8,2494.0,102.0,4.25
Maruti,Alto LXi,2011,Petrol,Manual,First Owner,73000,19.7,796.0,46.3,2.0
Maruti,800 AC,1997,Petrol,Manual,First Owner,120000,16.1,796.0,37.0,0.4
Maruti,Alto K10,2017,Petrol,Manual,First Owner,45000,23.95,998.0,67.1,3.4
Maruti,Swift Dzire,2015,Diesel,Manual,First Owner,50000,26.59,1248.0,74.0,6.25
Hyundai,i20 Magna,2013,Petrol,Manual,First Owner,25000,18.5,1197.0,82.85,3.8
Maruti,Wagon R,2017,Petrol,Manual,First Owner,80000,20.51,998.0,67.04,3.6
Hyundai,Santro Xing,2008,Petrol,Manual,First Owner,191000,17.92,1086.0,62.1,1.2
Maruti,Wagon R,2013,Petrol,Manual,Second Owner,50000,18.9,998.0,67.1,2.6
Hyundai,i20 Magna,2014,Diesel,Manual,Second Owner,80000,22.54,1396.0,88.73,4.75
Hyundai,i20 Magna,2013,Petrol,Manual,First Owner,110000,18.5,1197.0,82.85,3.2
Hyundai,Verna CRDi,2007,Diesel,Manual,Fourth & Above Owner,119000,16.8,1493.0,110.0,1.35
Maruti,Swift Dzire,2009,Diesel,Manual,First Owner,120000,19.3,1248.0,73.9,3.82
Tata,Indigo CR4,2013,Diesel,Manual,First Owner,25000,23.57,1396.0,70.0,2.9
Tata,Indigo CR4,2013,Diesel,Manual,First Owner,25000,23.57,1396.0,70.0,2.9
